Date,Actual_Sales,Predicted_Sales
2016-11-08,261.96,223.69493195555518
2016-11-08,731.94,731.7296388888908
2016-06-12,14.62,14.612315610035761
2015-10-11,957.5775,795.4027544444443
2015-10-11,22.368,40.86524935285222
2014-06-09,48.86,48.28395973191703
2014-06-09,7.28,9.659007613044103
2014-06-09,907.152,908.3425586666681
2014-06-09,18.504,18.428042996715998
2014-06-09,114.9,116.83447085359114
2014-06-09,1706.184,1143.7777000000033
2014-06-09,911.424,915.8590211908432
2017-04-15,15.552,15.788454789330647
2016-12-05,407.976,408.3857196825382
2015-11-22,68.81,53.49882003174589
2015-11-22,2.544,2.7651000444001266
2014-11-11,665.88,570.3535853664919
2014-05-13,55.5,84.38377316865244
2014-08-27,8.56,8.530645713227297
2014-08-27,213.48,141.4433867478723
2014-08-27,22.72,22.242937923329535
2016-12-09,19.46,17.999745219597475
2016-12-09,60.34,58.524645916349364
2017-07-16,71.372,102.85903897412462
2015-09-25,1044.63,1044.6300000000035
2016-01-16,11.648,13.012037184177824
2016-01-16,90.57,86.51974768511282
2015-09-17,9.618,9.302545043320077
2015-09-17,124.2,115.89539901167625
2015-09-17,3.264,5.914419974297761
2015-09-17,86.304,75.75882458457569
2015-09-17,6.858,7.982264731318758
2015-09-17,15.76,18.451437815317522
2017-10-19,29.472,27.907979781909987
2016-12-08,1097.544,1096.547833015869
2016-12-08,190.92,190.91999999999877
2015-12-27,113.328,104.2449371965529
2015-12-27,532.3992,410.03684186443087
2015-12-27,212.058,259.86727529207525
2015-12-27,371.168,448.6110675283344
2017-09-10,147.168,158.43829726562277
2016-07-17,77.88,84.98240748495046
2017-09-19,95.616,84.84457417105462
2016-03-11,45.98,48.384270252882494
2016-03-11,17.46,18.165883852983377
2014-10-20,211.96,203.7992396543521
2016-06-20,45.0,34.203374422666876
2016-06-20,21.8,36.97369887869356
2015-04-18,38.22,38.83090290682896
2015-04-18,75.18,74.80302897943548
2015-04-18,6.16,10.164858397787162
2015-04-18,89.99,90.13738333333383
2016-12-11,15.26,16.033707537150516
2016-12-11,1029.95,1028.380597380958
2016-06-17,208.56,217.20864109328133
2016-06-17,32.4,32.87237684850674
2016-06-17,319.41,329.2710792843934
2016-06-17,14.56,14.829762798302243
2016-06-17,30.0,27.438253138234618
2016-06-17,48.48,50.45788130924782
2016-06-17,1.68,3.543586123832932
2015-11-24,13.98,16.366563148245163
2015-11-24,25.824,27.98054165701812
2015-11-24,146.73,146.18723997026632
2015-11-24,79.76,87.81902340015337
2015-04-30,213.115,221.12438999272433
2014-12-05,1113.024,1105.6006519999976
2014-12-05,167.968,179.96900095611636
2016-06-04,75.88,76.05455720167313
2016-09-18,4.616,5.891143151446821
2017-09-14,19.05,19.01408723171795
2015-04-26,831.936,826.8382212962908
2015-04-26,97.04,75.17164993325001
2015-04-26,72.784,73.80421075005816
2017-12-09,1.248,1.7011395299081664
2017-12-09,9.708,9.798375318070859
2017-12-09,27.24,53.0927703060246
2014-11-26,19.3,19.307260039682635
2016-06-12,208.16,204.54886466994157
2016-06-12,16.74,18.18779647154726
2014-10-12,14.9,14.246702720716245
2014-10-12,21.39,26.894437067704757
2015-09-03,200.984,199.22462947311308
2017-11-13,230.376,248.63425888286648
2017-05-28,301.96,297.4607268359798
2017-10-26,19.99,20.571283670870603
2017-10-26,6.16,7.584541732014448
2016-04-05,158.368,161.80926459548328
2016-09-17,20.1,19.343896941148746
2016-09-17,73.584,89.12749596621893
2016-09-17,6.48,6.952786639194329
2015-01-31,12.96,13.17546698546928
2015-01-31,53.34,117.66257134478991
2015-01-31,32.96,35.42106416394645
2017-11-06,5.682,5.2906547797379195
2017-11-09,96.53,145.79469766076545
2017-06-17,51.312,52.85042239812201
2016-09-06,77.88,76.99532875820776
2016-08-29,64.624,64.41338966572353
2016-08-29,95.976,104.83998194206937
2016-08-29,1.788,2.1761094959305067
2016-12-01,23.92,24.86646310508539
2015-11-13,238.896,238.56429137254895
2015-11-13,102.36,89.63394934900151
2015-11-13,36.882,35.71898868168115
2017-11-23,74.112,74.3690542348762
2017-11-23,27.992,26.459430891146575
2017-11-23,3.304,6.452002846989826
2015-10-15,339.96,386.927358666666
2017-12-25,41.96,39.790881154563664
2016-11-03,75.96,72.13266399869863
2016-11-03,27.24,29.193819456583686
2014-08-25,40.096,41.61502867963383
2014-08-25,4.72,6.840879042876575
2014-08-25,23.976,21.914572473189672
2014-08-25,130.464,130.61123373118855
2015-03-02,787.53,787.529999999999
2015-04-05,157.794,157.76118000000108
2016-06-12,47.04,52.184668264436276
2016-06-12,30.84,30.684586637361463
2016-06-12,226.56,236.2072942195379
2016-06-12,115.02,113.47932523145883
2016-06-12,68.04,68.59682973015916
2014-12-26,600.558,582.3719200860511
2014-09-20,617.7,617.700000000002
2017-11-05,2.388,3.139229080007929
2017-11-05,243.992,247.5189080017206
2016-11-06,81.424,103.27006982602309
2016-11-06,238.56,208.39379448351363
2017-02-02,59.97,60.05437404149069
2017-02-02,78.304,79.49827123741653
2017-02-02,21.456,22.1115114632228
2016-10-13,20.04,20.515022751217927
2016-10-13,35.44,36.0719000391044
2016-10-13,11.52,12.232934783487027
2016-10-13,4.02,6.190907065988378
2016-10-13,76.176,75.60214236428472
2016-10-13,65.88,70.17274497702186
2016-10-13,43.12,45.88237732450984
2016-09-05,82.8,73.40574335531502
2017-09-18,8.82,8.97153680209848
2017-09-18,10.86,12.173349230196088
2017-09-18,143.7,144.48169864270446
2017-12-22,839.43,838.2746119047569
2015-09-07,671.93,325.28746315840027
2014-10-22,93.888,88.66144769457793
2016-12-05,384.45,384.84855811403315
2016-12-05,149.97,135.40589764552956
2016-12-05,1951.84,1951.8400000000065
2016-12-05,171.55,180.12896510000303
2016-03-13,157.92,158.48731799362258
2016-03-13,203.184,189.7375342853461
2015-05-31,58.38,57.32937099890222
2015-05-31,105.52,105.49526601288012
2015-05-31,80.88,152.09229002214005
2015-05-28,6.63,7.83298777969818
2014-03-01,457.568,458.2261777777772
2016-11-20,14.62,14.629786050800647
2016-11-20,944.93,943.5736608730107
2016-05-11,5.98,6.436510510583919
2015-12-28,54.384,47.54727877618116
2016-11-16,28.4,28.8709533578273
2016-11-07,27.68,27.61724570087998
2014-09-08,9.936,14.786021461622418
2014-09-08,275.928,276.1895916190476
2014-09-08,1740.06,1740.059999999998
2014-09-08,32.064,38.60502644879229
2014-09-08,177.98,177.98000000000098
2014-09-08,143.976,103.83020209708704
2014-08-05,20.94,20.98672323643564
2014-08-05,110.96,110.4629427817461
2014-08-05,340.144,335.9757939201038
2014-09-14,52.448,52.46791400000023
2014-09-14,20.16,19.1620806243664
2017-04-21,97.264,97.2470044444439
2015-11-21,396.802,408.2261474444435
2015-11-21,15.88,16.684827187175795
2015-12-15,3.28,4.815683157058079
2014-12-05,24.816,32.9991188008235
2014-12-05,408.744,408.81962488889127
2014-11-19,503.96,503.3887567460329
2014-11-19,149.95,149.2934296067233
2014-11-19,29.0,28.764208477610282
2016-11-28,7.16,9.305378864731797
2014-08-26,176.8,174.89586883333402
2016-07-16,37.224,57.560737581909926
2016-07-16,20.016,18.270992062406137
2015-10-12,899.136,897.6003496296285
2015-10-12,71.76,72.448794195767
2015-10-12,51.84,52.003223191216165
2015-10-12,626.352,623.616440315754
2015-10-12,19.9,19.71081019336121
2015-10-31,14.28,16.235788467876937
2014-03-21,7.408,8.220618874539259
2014-03-21,6.048,9.949455141039593
2017-11-06,46.26,106.26204873262837
2017-07-06,2.946,3.4740291939363526
2017-07-06,16.056,16.609247211309793
2017-06-24,21.744,19.834357090124772
2014-08-03,218.75,218.75
2014-08-03,2.6,4.100045526015604
2017-12-17,66.284,66.21147955555531
2017-06-03,35.168,37.21669183033035
2017-12-09,444.768,432.54549648088397
2017-12-01,83.92,132.51276239528227
2017-12-01,131.98,129.38529330043073
2017-12-01,15.92,17.5420206228466
2017-12-01,52.29,44.4452833269024
2017-12-01,91.99,70.90471806375325
2015-02-09,20.8,24.426354289338253
2015-01-02,23.68,24.320060372754124
2015-01-02,452.45,388.28214966666565
2015-01-02,62.982,76.10331487309766
2015-01-02,1188.0,1188.0
2015-01-02,89.584,84.15544713624887
2016-10-28,93.06,150.84581855041085
2016-10-28,302.376,280.2432155178737
2015-12-24,5.584,6.736011905205098
2015-12-24,22.704,24.325476756878686
2015-12-24,19.776,18.98266728902423
2015-12-24,72.704,76.4753469421226
2015-12-24,479.988,442.7822799999986
2015-12-24,27.168,16.447588610151854
2015-08-09,2.2,3.740365252736705
2015-08-09,622.45,622.4500000000021
2015-08-09,21.98,26.8924761582294
2015-02-28,161.568,162.19651559362816
2015-02-28,389.696,389.94678512962906
2014-09-13,18.648,17.98022427333414
2017-04-07,233.86,234.0440222222227
2017-04-07,620.6145,620.614499999998
2017-04-07,5.328,5.144285540746107
2017-04-07,258.072,227.67782230789643
2017-04-07,617.976,589.2882171801625
2017-11-12,10.56,11.035848402314807
2016-06-04,25.92,26.45909415586308
2016-06-04,419.68,419.6799999999968
2016-06-04,11.688,11.489863984737541
2016-06-04,31.984,64.67659918300271
2016-06-04,177.225,384.31057722222135
2016-06-04,4.044,4.248392666666674
2016-06-04,7.408,8.95087024798144
2014-06-01,2001.86,2001.8599999999892
2014-06-01,166.72,173.11219516086683
2014-06-01,47.88,49.444691604372885
2014-06-01,1503.25,1600.339193333331
2014-06-01,25.92,26.439717846152675
2016-12-10,321.568,316.68106366063256
2016-09-11,7.61,8.023412636481469
2016-12-10,80.58,123.96074869989563
2016-12-10,361.92,360.6288465020562
2015-11-28,12.132,18.444237977874025
2015-11-28,82.368,83.43096018677136
2015-11-28,53.92,58.931715922059304
2015-11-28,647.904,644.6356250513551
2017-12-01,20.37,23.77612499082171
2017-12-01,221.55,167.06456862605395
2017-12-01,17.52,20.157113085823593
2017-06-08,1.624,2.0326326681701143
2016-06-06,328.224,304.8930144403995
2015-11-10,79.9,82.68505570013777
2017-06-16,14.016,24.53632678775283
2016-01-22,7.56,10.081930142368687
2017-12-09,37.208,57.45437726945421
2017-12-09,57.576,59.51215087348097
2017-12-28,725.84,704.889517460317
2015-07-30,209.93,210.18217222222245
2015-07-30,5.28,11.141006061967424
2015-07-30,10.92,13.119786689241346
2017-09-16,8.82,9.778926016677065
2017-09-16,5.98,5.704862686621675
2017-10-13,11.648,11.712026643936687
2017-10-13,18.176,17.967324787841097
2017-10-13,59.712,67.1030260590266
2017-10-13,24.84,24.12172107194129
2015-09-26,2.08,2.5755114045254612
2015-09-26,1114.4,1114.4000000000017
2015-11-02,1038.84,1038.7555700000016
2015-09-26,141.76,141.33403101919313
2015-09-26,239.8,239.47827116666798
2015-09-26,31.104,30.998943596433982
2016-12-18,254.058,254.05799999999974
2016-12-18,194.528,204.31769107733345
2016-12-18,961.48,961.4800000000025
2016-11-20,19.096,20.104036080090044
2016-11-20,18.496,19.79467609015319
2016-11-20,255.984,288.6116655555556
2016-11-20,86.97,87.52612000000026
2014-12-26,300.416,300.3122266666652
2014-12-26,230.352,234.8746519086476
2014-12-26,218.352,228.3059033333331
2014-12-26,78.6,81.85525611857615
2014-12-26,27.552,26.67084755893489
2016-10-28,32.4,32.87566312301655
2016-10-28,1082.48,950.3016395745502
2016-10-28,56.91,57.84975731383488
2016-10-28,77.6,83.92002117638853
2016-10-28,14.28,14.746496757711784
2017-11-19,219.075,219.21153888888767
2015-05-04,26.8,35.10184329169348
2014-12-30,9.84,9.831899655824614
2014-06-01,45.48,46.677759556784125
2014-06-01,289.2,285.2421887228297
2017-04-15,4.89,7.255542666752402
2016-09-12,15.136,23.570447601236044
2016-09-12,466.768,481.8354016666653
2016-09-12,15.232,16.06783846043431
2016-09-12,6.264,7.953933053965802
2014-09-27,87.54,91.53018902631385
2014-08-09,178.384,194.11844045944085
2014-08-09,15.552,15.79731607820822
2014-12-28,99.136,65.86462637563149
2014-11-04,135.882,135.88200000000003
2014-11-04,275.94,275.8495565079375
2014-11-04,360.0,360.8758588888889
2014-11-04,43.57,112.35774554592508
2014-09-19,7.16,9.522708477125088
2016-04-23,251.52,253.06078804655422
2016-04-23,99.99,98.85967434957641
2017-11-03,15.992,15.277399212907172
2016-08-30,290.898,291.48672132616554
2016-08-30,54.224,44.642658726941946
2016-08-30,786.744,785.6578075555597
2016-08-30,100.24,101.3212792095021
2016-08-30,37.764,36.96653722265499
2016-04-25,82.8,82.01644155502602
2016-04-25,20.724,18.91758190728634
2016-04-25,4.896,5.140370009718359
2015-09-01,4.752,5.642431489298027
2015-09-01,959.984,959.9839999999973
2015-09-01,14.368,15.157060681827161
2014-07-12,7.712,9.696703694184084
2014-07-12,698.352,687.9702958333376
2015-06-22,4.96,10.359837211286829
2014-04-13,17.856,13.022747289057193
2014-04-13,509.97,461.06351333333356
2014-04-13,30.992,31.032353247589473
2014-04-13,71.928,72.39926024723417
2015-12-20,88.8,82.76396124108408
2017-06-15,47.976,59.304962775904
2017-07-08,7.56,9.979033229194913
2017-07-08,24.56,24.691884677006215
2017-07-08,12.96,12.675858149707562
2016-09-01,6.79,7.542260044996283
2016-09-01,24.56,24.733978803990333
2016-09-01,3.048,4.495315498735359
2016-09-01,49.12,48.80767326834452
2016-04-08,388.704,654.9253397142857
2016-04-08,8.26,9.792508393526132
2016-04-08,17.04,19.798493381184016
2016-04-08,34.4,33.80362416031516
2016-04-23,36.24,32.86145815932215
2017-03-08,647.84,646.3403161976885
2017-03-08,20.7,20.910540940937803
2017-09-25,20.7,20.847279452051453
2017-09-25,488.646,486.9195435714267
2017-09-25,5.56,6.456409065008761
2017-09-25,47.12,50.718985590631966
2014-09-24,211.96,209.7964896366911
2016-10-21,23.2,24.252159446255245
2016-10-21,7.36,10.421121056886419
2016-10-21,104.79,143.6912221622393
2016-10-21,1043.92,1044.116138888891
2017-05-29,25.92,26.43387683407376
2017-05-29,53.424,61.15675013541758
2014-07-23,8.16,8.216246723605366
2014-07-23,1023.936,1023.9359999999932
2014-07-23,9.24,5.101552025435139
2014-07-23,479.04,478.5075199999981
2016-09-28,99.136,94.154981087863
2017-08-27,1488.424,1488.4239999999993
2015-04-28,8.652,8.818469269264375
2015-04-28,23.832,47.780320082277086
2015-04-28,12.176,11.914083083796854
2016-10-28,50.96,52.74989135954668
2016-10-28,49.536,50.21229417569787
2015-06-26,41.9,45.344929978573504
2015-11-27,375.4575,375.72319110714363
2015-11-27,83.976,72.21820218011969
2015-12-03,482.34,444.4137066666653
2015-12-03,2.96,4.2549621966972255
2014-11-24,2.624,3.4744756117993227
2017-12-11,23.36,24.341444642137017
2017-12-11,39.98,40.97242859593927
2014-09-21,246.384,240.5105232954019
2014-09-21,1799.97,1799.969999999986
2014-06-07,12.462,12.425237151810492
2017-06-30,75.792,73.36094731800154
2017-10-17,49.96,64.90631972286921
2017-10-17,12.96,13.1758199342283
2015-10-31,70.12,72.4527369599733
2016-09-08,35.952,55.519736410302755
2016-09-08,2396.2656,2396.265600000008
2016-09-08,131.136,196.3049887396996
2016-09-08,57.584,39.42324108276418
2014-12-24,9.568,10.31884460055139
2014-04-16,39.072,53.505329506326355
2017-12-24,35.91,35.291869730570916
2017-12-08,179.95,180.41310494588674
2017-12-08,1199.976,1199.976000000004
2017-12-08,27.15,28.567751614218103
2017-12-08,1004.024,1004.0239999999999
2017-12-08,9.68,10.03248623207141
2017-12-08,28.35,29.025835961391845
2017-12-08,55.98,57.258870855893754
2017-12-08,1336.829,1336.8290000000081
2017-12-08,113.568,121.7676169352308
2017-11-03,139.86,140.81645545211998
2017-11-03,307.136,300.1772326585763
2017-06-24,95.92,92.80607385559108
2016-04-14,383.8,421.30738947830633
2017-11-06,5.78,6.492214794122706
2017-03-04,9.32,10.898570512473729
2017-03-04,15.25,15.193253563829497
2014-06-22,196.752,196.458546666667
2017-10-19,56.56,53.08248154506844
2017-10-19,32.7,147.90966484278283
2017-08-21,866.4,866.4131555555515
2017-11-23,28.4,30.99566005913895
2017-11-23,287.92,288.2452699511587
2014-09-12,69.99,70.12335240740761
2017-10-01,6.672,11.011918155522856
2016-04-15,189.588,189.5880000000013
2016-04-15,408.744,408.6594613333357
2016-04-15,291.96,291.4110831111121
2016-04-15,4.768,37.3631059890264
2016-06-06,714.3,714.1117071428539
2014-12-19,4.812,5.122644761112762
2014-12-19,247.8,245.31491461329108
2016-06-12,1007.979,1007.8914533333302
2016-06-12,313.488,313.5706634814801
2017-09-15,31.872,32.625614593708484
2017-01-20,207.846,210.58106424083803
2016-09-05,12.22,12.278223234234561
2016-09-05,194.94,164.6736758127687
2016-09-05,70.95,114.44428226684228
2016-09-05,91.36,90.89695217328348
2016-09-05,242.94,254.385749819827
2016-09-05,22.05,22.81258127452627
2017-03-20,2.91,9.27790097702513
2016-04-01,59.52,53.34410919450112
2016-04-01,161.94,134.18602557166258
2016-04-01,263.88,260.6664585099913
2016-04-01,30.48,24.628943842758314
2016-04-01,9.84,9.813188739967924
2016-04-01,35.12,36.24433148601851
2017-10-20,284.364,282.71261560317555
2017-10-20,665.408,676.6494143434348
2016-12-13,63.88,67.05856293105886
2014-02-12,129.568,241.41513556043952
2016-09-26,747.558,736.1654770235207
2016-09-26,8.928,11.021200504131658
2015-12-15,103.92,113.57751649724965
2015-12-15,899.91,1100.8238399999987
2015-12-15,51.312,52.68165577959856
2016-04-22,23.56,25.809619275738804
2016-04-22,1272.63,1272.6300000000037
2016-04-22,28.485,28.75919245333962
2016-04-22,185.376,185.25765143980217
2016-04-22,78.272,60.92472160045625
2015-01-17,254.744,254.74400000000014
2017-03-31,205.3328,186.35169898268413
2016-12-16,4.788,4.926965832557177
2015-12-20,55.48,56.06480926567033
2014-11-09,340.92,217.7091635535908
2014-11-09,222.666,372.7994216396634
2014-11-09,703.968,705.669483111107
2014-11-09,92.52,141.55218415557454
2014-11-09,62.65,61.422647180395565
2014-11-09,94.85,95.67316626941182
2016-07-12,95.76,91.08001411190055
2016-10-27,40.2,47.44077138490088
2016-06-26,14.7,19.396180347440165
2016-06-26,704.25,696.4884298391688
2014-10-06,9.09,33.98274424314592
2014-07-22,5.96,6.604265830797133
2014-07-22,159.98,160.25470942502017
2017-06-10,29.6,31.01472048381908
2017-06-10,514.165,514.6986854695756
2017-06-10,279.96,246.67494196572682
2014-06-09,7.992,11.22202692254996
2014-06-09,63.984,62.595179504788796
2014-06-09,70.368,44.34005835569285
2014-09-14,449.15,220.08099271167424
2014-09-14,11.07,12.193469725073143
2016-05-09,93.98,87.85164307412823
2016-03-18,189.882,192.04038883333277
2015-12-27,105.42,114.42462349462029
2016-07-25,119.616,118.26064890438191
2016-07-25,255.76,255.51422972222204
2016-07-25,241.568,239.7226097550048
2016-07-25,69.3,72.08138407620261
2016-05-30,22.62,20.917014356418
2016-05-30,14.952,15.174851543507714
2016-05-30,801.568,799.6732933333327
2016-05-30,2.376,3.3694427985324653
2016-05-30,32.792,32.38094742044032
2017-11-12,15.92,18.395469852991102
2015-03-16,2.74,3.6267340301058697
2015-03-16,8.34,8.627641154252814
2015-03-16,46.74,124.31408203216883
2017-11-26,126.3,127.01564449938942
2017-11-26,38.04,39.327619312861565
2016-10-20,7.152,8.244161303233302
2017-12-21,6.63,7.737025926482196
2017-12-21,5.88,6.659565897800668
2017-01-22,51.45,99.50116625409214
2017-01-22,11.96,12.154740266348222
2017-01-22,1126.02,1097.685280218773
2015-03-22,18.392,26.24773708244911
2015-03-22,129.568,130.50342440513325
2015-03-22,14.112,13.186360482877152
2017-01-23,210.98,210.69434333333467
2016-05-21,55.176,58.51826442949218
2016-05-21,66.26,70.37022961924298
2015-12-26,22.2,22.548993915487117
2017-10-21,683.952,675.0900212938424
2017-10-21,45.696,38.34956885356366
2015-09-03,36.336,70.33359293586796
2015-09-03,666.248,666.3208906666662
2015-09-03,52.512,54.466718437017484
2015-11-07,190.72,190.48325481481555
2017-09-07,47.94,40.33345816053705
2016-05-29,979.95,978.457693492069
2016-05-29,22.75,25.41430239593432
2016-07-10,16.768,90.76452519899127
2017-09-03,42.616,42.46916550531277
2015-12-03,10.752,13.03994645655395
2015-12-07,152.94,149.7094466494794
2015-12-07,283.92,284.91356079364937
2014-02-01,468.9,468.9344999999974
2016-07-14,380.864,385.9420897448097
2015-12-18,646.776,743.672430666667
2014-05-11,58.112,46.560998584527724
2014-05-11,100.792,95.4566149000803
2014-05-11,66.112,66.08407999999986
2017-11-19,41.28,41.317049242201804
2017-11-19,13.36,13.531837627768004
2015-11-15,250.272,193.0084154979854
2015-11-15,11.364,10.946404430019587
2015-11-15,8.72,11.642137710822903
2016-04-15,1121.568,1048.6029074625599
2017-09-11,34.504,32.37038239861532
2017-11-24,10.824,9.256222522838957
2017-06-29,1295.78,1295.7800000000084
2014-03-03,19.456,19.433026791027533
2016-06-10,20.7,20.886175285780993
2016-06-10,1335.68,1335.6799999999942
2016-06-10,32.4,32.86696788834216
2017-11-20,42.6,44.05531699016825
2017-11-20,84.056,82.20696492554963
2014-09-14,13.0,15.630402328482944
2014-09-14,13.128,20.946721144412628
2015-12-07,3.96,5.390482799123783
2015-12-07,2.61,3.925255376269488
2017-12-07,374.376,384.3689169772273
2017-10-01,91.84,92.89129152675044
2017-10-01,81.088,80.63546088914163
2017-10-01,19.44,19.827350414376703
2017-10-01,451.152,399.7001975310083
2017-12-28,72.45,72.87668173591922
2017-12-28,13.96,14.847947320505945
2017-12-28,33.264,34.83720827474722
2017-12-28,14.85,118.95709463309737
2016-11-03,8.82,9.015580325291165
2015-09-18,160.72,161.93624161547476
2015-09-18,19.92,21.23302554209939
2015-09-18,7.3,18.87823186204527
2017-07-20,69.712,79.74499504889981
2017-07-20,8.792,8.784244087301543
2015-09-10,51.52,47.417233939202625
2017-12-01,470.376,465.80685624625806
2017-12-01,105.584,106.00286780203119
2017-12-01,31.152,29.48826475751965
2017-12-01,6.783,7.078536739474125
2017-12-01,406.368,373.2588436373946
2015-07-03,70.98,66.05551555555544
2015-07-03,294.93,334.92669509180126
2016-03-20,84.784,83.07978620542296
2016-03-20,20.736,20.88269907574561
2016-03-20,16.821,16.868131175559288
2016-03-20,10.368,10.687346981694557
2014-01-09,9.344,8.260008611989734
2014-01-09,31.2,34.574054481331636
2014-08-08,76.12,76.41334754442732
2014-08-08,1199.976,1199.976000000004
2014-08-08,445.96,559.6846560393284
2014-08-08,327.76,327.4405271825384
2016-07-14,11.632,13.032120747726186
2016-07-16,143.982,140.2766944244968
2016-07-16,494.376,523.5000460714288
2016-07-16,5.84,11.910020491591194
2014-03-15,142.776,237.56381821850334
2014-03-15,45.696,37.90936153174509
2014-03-15,7.218,7.3687195478245195
2014-03-15,43.188,41.95522000250217
2014-03-15,131.904,131.9638790245702
2014-05-23,3.282,3.835526392048455
2014-05-23,21.168,21.521856431468933
2014-05-23,55.188,51.65281633690216
2016-04-28,369.576,370.3548939938755
2016-04-28,15.712,16.75999490059028
2016-09-11,8.448,8.93995317893209
2016-09-11,728.946,776.1011300000001
2017-11-14,119.94,120.4681213264527
2017-11-14,3.648,4.026033572799663
2017-08-18,40.48,43.632690120130086
2017-08-18,9.94,10.871643912360733
2017-08-18,107.424,103.73259263478143
2017-08-18,37.91,38.33397592408388
2017-08-18,88.02,89.66173322749827
2014-12-26,8.69,9.222836810955737
2015-11-29,301.96,302.0820333333346
2015-11-29,555.21,556.503707460318
2015-11-29,523.48,536.48235594499
2015-11-29,161.82,160.00465566882843
2017-09-15,35.56,37.07303092129277
2017-05-19,97.16,90.59458149866592
2017-12-17,15.24,17.23007756653691
2017-12-17,13.23,13.824204852311125
2016-12-11,243.384,391.92298327018057
2016-12-11,119.8,144.8127500740741
2016-12-11,300.768,295.73856897373327
2017-09-24,17.88,42.30878599957536
2017-09-24,235.944,269.79588525361635
2015-10-04,392.94,386.59434290380125
2016-08-15,18.882,18.38240755846635
2016-08-15,122.328,109.72072189436301
2016-05-20,1049.2,1049.200000000006
2016-05-20,15.424,16.671000638838958
2016-12-18,18.84,18.789160616966267
2017-07-30,330.4,330.7430007697845
2017-07-30,26.25,26.82243045201986
2017-06-10,132.52,133.37743103174574
2017-07-21,6.48,7.039013865068783
2017-12-30,209.3,204.57469188141462
2016-04-01,31.56,29.170083542706244
2016-04-01,30.144,28.278558004662923
2016-12-11,14.8,17.725387838863163
2016-12-11,302.376,282.94977156781863
2016-12-11,316.0,303.95852067604625
2016-10-23,379.4,379.1654811111092
2017-06-19,97.82,97.37234828494822
2017-06-19,103.12,102.88223846025369
2016-08-22,113.552,92.44398660904109
2016-08-22,3.318,3.8696051702490952
2016-08-22,134.288,132.7063747149571
2016-09-19,701.372,181.46163222433873
2016-09-19,2.308,2.6746635866607553
2015-08-24,999.432,999.376029999997
2015-08-24,724.08,723.1461977777736
2015-08-24,918.785,919.0089650000017
2015-08-24,2.724,2.9890362621944644
2016-03-26,459.95,141.36286897292703
2016-11-04,10.74,12.283979909130537
2017-06-08,23.76,22.662513207518405
2017-06-08,85.056,83.64806926196705
2017-06-08,381.576,366.0775962637343
2014-12-24,30.36,33.49718604115274
2017-06-09,23.976,23.906899518314926
2017-06-09,108.925,108.92499999999949
2017-06-09,36.352,33.66755822493111
2017-06-15,19.56,17.05637502990799
2017-12-05,61.44,58.13560847629287
2017-12-05,38.9,37.71352364466104
2017-12-05,99.39,103.62240395584017
2017-03-18,2.688,3.0089653762040953
2017-03-18,27.816,31.015636355434673
2017-03-18,82.524,44.64553592255882
2017-03-18,182.994,182.9939999999992
2016-11-19,14.352,15.611193773512317
2016-11-19,64.96,49.1568940136312
2016-11-19,68.6,98.26467009393151
2017-11-04,167.44,129.1510783938242
2014-07-05,479.97,479.970000000001
2014-07-05,14.62,14.649580341350193
2014-07-05,19.44,19.830699300565982
2017-12-25,191.984,193.94297182110242
2014-06-21,104.01,96.25857132115905
2014-06-21,284.82,284.2949554761917
2014-06-21,36.84,131.53085309567211
2015-03-28,166.24,163.32597325402978
2015-03-28,33.4,33.9870398981348
2015-05-14,198.272,94.21378094462477
2015-05-14,47.36,49.440303258764104
2015-05-14,200.984,198.58584761452724
2015-05-14,97.696,94.26891862780448
2015-05-14,2.696,4.35465058128575
2015-05-14,18.588,18.011976111350762
2015-05-14,4.896,5.131050204116601
2017-09-02,15.072,22.559205192974407
2016-11-04,209.88,194.5160283588661
2015-04-09,369.912,374.2600171666645
2014-09-12,10.368,10.648586590445383
2014-09-12,166.84,165.39147386002398
2014-09-12,15.216,15.36224399510521
2014-12-02,119.96,120.87773277777718
2014-12-02,883.92,887.3916500000053
2014-12-02,46.72,47.9818949202419
2014-04-05,55.48,55.95277124254101
2017-09-03,24.448,26.257289209061238
2017-05-19,281.34,295.0380949365433
2017-05-19,307.98,308.29955158465583
2017-05-19,299.97,300.13480277777853
2014-07-01,19.92,21.468515682159104
2014-01-11,9.94,9.83624581384334
2017-09-24,103.056,103.43427304232831
2014-06-02,59.808,56.334433286535244
2014-06-02,73.32,87.11024953366541
2016-02-13,146.82,147.668495694592
2016-12-15,1652.94,986.3992333333357
2016-12-15,296.37,522.7781826631548
2014-10-07,129.92,143.10084998886114
2016-07-07,45.584,50.334054886580745
2017-09-16,17.568,18.439844399547766
2017-09-16,55.992,56.909365849121954
2016-12-03,182.72,182.328100934003
2016-12-03,400.032,399.2319796666692
2016-12-03,33.63,110.20518734955459
2016-12-03,542.646,541.2220078809514
2016-12-03,6.3,7.673088911238615
2017-01-21,242.94,166.60209241449186
2017-01-21,179.97,181.68335228355048
2017-01-21,99.696,99.59537905513993
2017-01-21,27.936,28.369707877841588
2017-01-21,84.98,84.97999999999963
2017-01-21,18.72,20.74646986797618
2014-09-08,49.98,47.83194083778267
2014-01-04,11.784,12.814674566722745
2014-01-04,272.736,273.742986
2014-01-04,3.54,3.8029271908005673
2016-08-27,51.52,50.56018547818665
2016-08-27,3.528,4.3868281587480205
2016-08-27,4.624,5.346115427505194
2016-08-27,55.168,53.08958282623021
2014-05-27,567.12,996.2591050000029
2014-05-27,359.32,163.95674876504256
2016-03-20,11.992,14.06831979568848
2017-10-02,58.05,61.66020734205112
2017-10-02,157.74,157.59025495642692
2017-10-02,56.98,61.93442276331386
2017-10-02,2.88,4.564213588542287
2016-04-07,1199.976,1199.976000000004
2015-12-07,79.92,95.51126064207959
2016-09-18,383.438,383.5592711111091
2014-12-29,24.56,43.74870557763149
2014-12-29,119.8,120.3877616666665
2017-07-23,13.128,14.184694683150543
2017-09-18,22.72,22.565169247407784
2015-08-31,58.32,59.01220779566103
2017-11-03,12.39,13.047898319659165
2015-02-08,107.982,109.74171651841148
2014-01-13,11.36,12.381924804377494
2014-01-13,50.94,52.739990293987624
2014-01-13,646.74,646.7399999999985
2014-01-13,5.64,8.3741513950524
2014-01-13,572.58,533.7726648195172
2014-05-14,310.88,309.7611937037042
2016-05-19,641.96,694.0408266666668
2017-01-30,18.28,19.742716972723294
2017-01-30,207.0,205.58431470800443
2017-01-30,32.35,35.868787166086626
2017-01-30,7.71,8.449638628404484
2017-01-30,40.3,34.90766281628771
2017-01-30,34.58,70.90382488265728
2014-06-29,32.76,21.87828399977466
2015-08-21,544.008,637.3386353798248
2015-08-21,59.94,60.06010018634601
2015-08-21,23.92,24.93707263526204
2015-08-21,4.28,5.125941084215976
2015-10-03,32.07,30.841078421954073
2015-10-03,24.0,29.815168477449188
2015-10-03,35.49,35.489999999999824
2015-10-03,47.984,42.968756497909766
2015-05-23,186.69,190.7557019339806
2017-03-17,17.456,17.7016484476278
2015-12-12,348.928,348.35337155834037
2015-06-26,143.96,145.37343478153815
2015-06-26,15.42,25.63303323891289
2015-06-26,43.04,45.1341551991579
2015-06-26,332.94,332.8607063095251
2016-05-20,1363.96,1357.4178648888942
2014-09-20,9.96,10.628983489503144
2014-09-20,21.72,22.979211942192876
2017-09-21,20.16,22.82530503412223
2015-12-24,132.79,133.7833658256086
2015-12-24,12.96,13.175015989842958
2015-12-24,21.56,22.351794158484655
2015-11-27,283.92,284.7540031565859
2017-02-20,22.23,27.591604650362047
2017-02-20,215.968,215.06877250781048
2016-08-18,355.32,353.20859946511894
2016-03-12,12.96,13.190519524041655
2017-04-22,18.28,18.67911475966762
2014-11-01,43.176,25.161013285404692
2014-11-01,1983.968,1213.5502266666708
2015-02-03,28.4,32.2135540111318
2015-02-03,149.97,148.4351263703709
2014-10-13,11.52,11.781462345989596
2014-10-13,1298.55,1439.4153133333361
2014-10-13,213.92,213.34205394023462
2014-10-13,25.78,24.967729975232682
2017-05-14,18.28,18.459014454544324
2017-05-14,1399.93,1399.9299999999942
2015-03-20,51.84,52.21224981016661
2016-09-15,5.344,5.825925314969131
2014-06-28,41.472,41.1352632374981
2014-06-28,3.168,3.847546311090373
2014-06-28,1228.465,1204.2655653611155
2014-06-28,31.086,31.848093854355586
2014-06-28,335.52,351.79827481481504
2017-06-20,239.97,239.20737057720137
2017-06-20,9.82,10.83001613856191
2014-05-09,67.8,64.57967722613898
2014-05-09,167.97,165.8248725917422
2017-08-21,35.0,36.347587185947724
2017-08-21,37.24,43.511602353164996
2017-08-21,15.28,15.852630288090005
2017-06-16,301.96,301.9616333333346
2017-06-16,180.66,175.3593451258767
2017-06-16,191.98,190.55703509750145
2017-06-16,65.99,65.8690514814816
2016-07-23,35.216,17.848835654924116
2016-07-23,23.696,37.3850566202439
2016-07-23,265.475,265.7596944444447
2014-09-08,51.184,51.004438111110865
2017-11-04,9.664,10.068772496439287
2016-03-07,21.072,32.16702136942261
2015-11-20,60.45,53.316270604434365
2015-11-20,11.52,11.855613819658618
2015-11-20,186.048,193.5693633068789
2016-11-07,37.44,35.59181197100673
2016-11-07,26.976,26.29374321769849
2016-11-07,11.36,20.51996116545486
2016-11-07,14.62,14.6132254513056
2015-10-13,83.72,84.42384669757747
2015-10-13,287.94,292.82296885353645
2017-01-01,48.896,34.029693976174876
2014-02-07,115.36,115.70763888888926
2016-06-20,5.16,6.2579638952382215
2016-06-20,38.88,39.4264947918873
2016-05-28,185.88,162.70007401448677
2016-02-19,44.46,48.405362015433994
2016-02-19,242.94,165.00728657115906
2014-08-03,39.96,40.54766670434779
2014-08-03,102.3,102.40274173862124
2014-08-03,21.36,39.771557032739956
2017-04-10,7.61,8.00057128487975
2017-04-10,7.16,8.996154247259845
2014-06-09,7.36,17.05142973997521
2014-06-09,23.1,35.37911492932569
2016-01-05,191.472,191.93617977777882
2016-01-05,5.248,6.290373404245893
2016-01-05,59.184,60.01362495653036
2014-01-10,2.89,3.9965848391703322
2014-01-10,51.94,54.151954447139985
2016-09-29,15.936,16.052535985017883
2014-04-06,44.91,44.79197351671669
2016-09-03,1141.47,942.1518599999993
2016-09-03,280.782,275.2619209392693
2015-10-19,34.44,35.97080028737208
2014-12-10,11.36,11.873974899889111
2014-12-10,106.344,106.89107572877248
2017-08-25,192.16,191.16513078499608
2016-01-17,322.59,321.19327039141194
2016-01-17,29.99,30.33716496381871
2016-01-17,371.97,210.85365891053436
2014-09-17,5.892,6.412875864805054
2017-11-30,68.472,67.38637619962803
2017-11-30,1242.9,1242.9000000000042
2015-10-09,30.84,49.26896143543488
2017-12-23,13.48,18.27591450383164
2016-10-22,31.4,36.36518039604784
2014-04-29,17.46,17.343392241661157
2015-04-25,13.944,14.69556569740975
2017-06-26,83.76,108.15677731115508
2017-10-14,37.66,39.669950346831804
2014-12-09,34.68,35.92650421821326
2017-06-20,149.95,142.96318936104737
2017-06-20,51.312,54.01941215601918
2017-06-26,4.54,5.363636865013754
2017-06-26,15.92,16.759336259884975
2017-06-26,543.92,542.5514056140363
2016-11-10,155.82,285.0349737604231
2016-11-10,70.008,69.6228773605752
2016-10-03,15.648,15.64864007312263
2014-09-09,103.6,104.92204996363562
2017-10-29,46.96,47.31468476830694
2016-04-10,8.904,8.56389650719771
2017-11-11,10.44,12.165300441466957
2017-11-11,18.336,18.710995145197803
2017-09-15,323.976,273.15154395110966
2016-04-08,20.04,20.502539605686987
2016-04-08,64.96,77.23082132942658
2016-04-08,12.96,13.159753268602286
2017-12-30,323.136,318.9495889603166
2017-12-30,90.93,94.4387625905578
2017-12-30,52.776,55.532401885544644
2017-09-02,1199.8,1199.18744166666
2017-09-02,1928.78,1928.7800000000148
2017-09-02,352.38,353.6544458397943
2015-05-31,22.2,24.017861845005857
2017-11-27,46.94,47.743671375195916
2017-11-27,143.73,143.82221000000044
2014-06-15,99.918,100.21207388888942
2014-06-15,797.944,788.0272365420385
2014-06-15,8.568,9.022751934769415
2016-03-05,149.352,149.57941752346977
2016-03-05,12.992,23.866309036561283
2014-12-05,24.56,52.39609311627526
2015-04-11,85.14,89.06062205067714
2015-04-11,21.99,24.089551970981365
2015-04-11,406.6,401.22404221336234
2016-09-15,841.568,841.5679999999994
2014-09-13,15.552,15.81013096045227
2014-09-13,252.0,251.96189644444442
2015-10-05,46.2,39.8636110248565
2015-10-05,28.84,29.980284513318516
2017-04-14,14.592,14.370424946421059
2017-04-14,89.856,86.0326378711596
2017-04-14,13.872,14.86013922617952
2017-09-02,12.192,12.729759994042157
2016-06-20,45.056,43.69738840612145
2016-06-20,29.718,29.09502951280949
2016-06-20,15.552,15.796963716690804
2016-06-20,447.696,410.93843575445555
2017-11-05,159.99,159.16775828282815
2015-12-13,12.96,13.156919209757726
2015-12-13,134.48,127.32912493804305
2016-06-19,17.12,17.215024557812317
2016-12-13,6.096,8.34061319175973
2016-12-13,1114.272,1114.1462799999977
2015-05-29,32.4,32.85746126464358
2015-05-29,540.57,541.387457738099
2015-05-29,167.76,186.27480744353323
2015-07-26,393.165,393.2567798571405
2017-11-28,516.488,516.3373688888893
2017-11-28,1007.232,1007.2319999999987
2017-11-28,2065.32,2065.3199999999974
2017-11-28,15.552,15.824221076264909
2017-11-28,25.344,24.530665153661715
2017-04-03,25.472,31.067803834407503
2017-12-28,27.168,18.065883037290863
2017-12-28,78.8528,84.11261599365116
2017-11-30,173.8,183.11239273887324
2017-05-15,29.592,26.853062980337977
2017-05-15,4.752,4.776253600762061
2017-05-15,15.552,16.08280512064759
2015-09-22,204.6,203.9932968599855
2017-11-14,321.568,312.54017004104963
2015-11-27,6.24,8.479602626020284
2016-09-01,21.88,23.00152711736091
2014-09-22,4.608,6.3265182459862705
2017-04-09,9.82,10.827026374252144
2017-04-09,35.97,32.382751556942495
2017-04-09,12.96,13.17621287825662
2017-04-09,191.6,192.09296579426595
2017-04-09,8.64,10.258740060643182
2017-04-09,501.81,184.09860111347558
2014-01-16,127.104,127.58800730158687
2014-01-16,124.2,131.14773151919246
2014-01-16,18.588,17.987673206588855
2014-01-16,30.072,29.443218717725795
2017-10-05,160.93,154.85339765343937
2017-10-05,75.792,75.02726539536658
2017-07-09,1.08,2.2857691266585167
2016-05-30,3.282,3.837169556287359
2015-12-09,34.02,35.41592636746875
2016-10-03,599.292,597.9959500555531
2014-11-11,3.392,4.5761902275647826
2014-11-11,559.984,375.9083923529402
2014-11-11,603.92,1265.0577009722226
2017-09-29,7.968,8.64826353312982
2017-09-29,27.968,27.731166538851454
2017-09-29,336.51,339.08282805555416
2015-03-10,1.112,1.7471054510779702
2017-05-21,520.05,517.4642238888889
2017-05-21,17.97,15.87883009447125
2015-03-29,1166.92,1166.681432
2016-09-09,14.624,16.686710304140313
2016-08-26,10.23,11.58459000912024
2016-08-26,154.9,154.13870376766835
2014-05-21,617.97,617.0799629761914
2015-10-28,10.67,10.922345765731956
2015-10-28,36.63,111.47008989926263
2015-10-28,24.1,25.284418679300302
2015-10-28,33.11,36.80145973114499
2016-11-13,44.02,39.03161159036839
2015-07-31,2309.65,2309.650000000013
2015-07-31,1090.782,1090.782000000005
2015-07-31,19.44,19.834629934719807
2015-08-27,484.65,485.99894186507714
2015-11-13,115.296,114.56734238206079
2015-11-06,7.08,9.24616732585209
2015-11-06,4.401,5.12103584535548
2017-12-26,44.75,44.22557645713366
2017-08-01,95.984,83.8027746384988
2014-11-24,151.72,141.6120765107739
2017-06-17,155.25,162.42502023254298
2017-06-17,14.03,20.28048982658331
2015-12-21,1618.37,1618.369999999996
2015-12-21,99.6,99.3374269763565
2015-09-17,32.4,32.86156457619043
2015-07-06,13.96,15.436818485944622
2015-07-06,155.82,157.20360753427104
2015-07-06,124.95,121.52460689386938
2015-07-06,601.65,608.6969191335949
2015-04-27,22.74,24.915906983854576
2015-04-27,1267.53,1267.530000000008
2015-04-27,1379.92,1950.373589999999
2015-06-16,6.208,8.089480171926732
2017-12-17,11.808,13.232085115593026
2016-01-11,15.552,15.791530208227593
2016-01-11,63.312,61.70274656747512
2016-01-11,15.588,26.050760675956276
2014-07-11,177.2,177.35369822191902
2014-07-11,197.97,198.08835050865864
2014-07-11,854.94,854.8665333333353
2014-07-11,124.11,153.92560250000022
2014-07-11,14.4,16.02266658568629
2016-11-20,15.696,15.379264761509791
2016-11-20,2.628,3.243597853786138
2016-11-20,14.427,13.804513430990443
2016-04-22,86.62,76.02004201645262
2015-06-13,36.624,38.52523696589887
2017-11-20,23.968,21.246199685709133
2017-11-20,28.728,10.969973540526658
2016-03-20,697.16,697.1529666666695
2016-09-06,31.86,36.31678277873952
2016-09-06,722.352,722.7264541666714
2017-07-09,8.84,17.00067552339633
2017-07-09,58.464,58.58503199999994
2017-10-12,254.604,254.5985400000005
2016-03-08,1363.96,1358.2947848888944
2016-03-08,102.36,90.41429484319819
2014-05-27,1113.504,1113.5766688888873
2014-05-27,99.99,101.06670748917809
2015-07-03,168.464,168.61250666666663
2015-07-03,6.72,8.604995271162304
2015-07-03,282.888,282.738380000001
2015-04-04,11.16,13.118523540073989
2015-04-04,108.4,107.42105107703922
2015-04-04,82.344,80.92162600992037
2015-04-04,9.088,12.888538979894685
2017-12-10,19.936,21.658637092895884
2017-12-10,65.568,66.80887163157318
2016-11-24,4.416,7.718301510804137
2015-03-23,107.772,116.11400837922112
2015-04-16,45.216,39.7541137948926
2015-04-16,10.416,11.909000318827628
2015-04-16,7.872,9.563595877915597
2015-04-16,118.782,118.20193730147992
2015-04-16,1.448,3.0498304744468885
2015-04-16,55.47,56.24016170755828
2016-10-01,194.848,195.52254750596387
2017-09-28,1.744,3.5105446608494497
2015-07-25,25.176,23.518486893783027
2015-11-20,19.46,17.689106159508277
2016-04-28,29.472,28.158279678554425
2017-11-14,8.64,10.366353070726731
2016-11-12,6.27,6.810521332730819
2016-11-12,4.368,5.157750084038136
2016-11-12,31.984,33.81024424059733
2016-09-29,40.88,34.842487579712234
2017-09-23,119.96,117.85702653435077
2017-09-23,31.44,92.73133663689205
2017-09-23,6.88,7.616015393101177
2015-11-29,19.92,20.597419790956653
2015-11-29,1106.91,602.2694433333348
2016-03-01,836.592,836.5920000000027
2016-03-01,26.38,26.00650654567393
2016-03-01,362.92,456.71499028571384
2016-08-12,6.48,6.974863325081174
2016-08-15,71.976,85.79455102622696
2016-08-15,3.15,4.268776749642566
2017-06-04,31.984,26.435727537144853
2017-06-04,71.984,279.63389694074596
2015-12-06,120.15,116.40474293539403
2015-12-06,219.184,193.78286348879328
2015-12-27,28.9,29.864146916125943
2015-12-27,355.96,355.2726772148837
2017-01-21,348.208,337.2299487450666
2017-01-21,35.784,36.27428935608474
2014-06-25,447.84,447.39085333333077
2016-06-14,7.04,9.820918269813374
2016-06-14,8.73,10.655382500361183
2016-06-14,29.29,29.712475159807777
2016-06-14,8.64,9.033417204480862
2017-04-21,2.694,3.1622150417378845
2017-04-21,2.934,3.294207783695394
2016-10-21,22.92,23.749126107724805
2016-11-19,100.704,100.14520125337003
2016-11-19,2.328,2.3508382222222073
2016-11-19,10.78,10.727670826721056
2016-11-19,58.368,59.700563036843114
2016-11-19,40.968,40.998303375185294
2016-11-19,71.96,99.08580459691413
2016-11-19,10.368,10.664333820711526
2016-11-19,1.192,1.8382428651959
2017-12-18,46.672,46.76964488036085
2017-12-18,119.833,119.8329999999994
2017-12-18,119.98,120.80874977855477
2016-07-22,6.3,7.67623088809994
2015-09-04,279.9,301.22074207264984
2015-09-04,619.95,617.9433222222241
2015-09-04,4.36,6.110829339648312
2015-09-04,15.28,15.86857915672624
2014-01-20,699.93,659.8057455555546
2014-01-20,22.96,21.79931650810793
2014-01-20,38.6,49.886889489836214
2014-01-20,6.63,7.89195627599916
2014-01-20,23.34,23.63969459127703
2014-01-20,1067.94,858.9440600000013
2015-03-02,10.16,8.654221788521806
2015-03-02,101.88,104.70060384136914
2016-04-12,343.92,344.2604933333319
2016-04-12,40.99,42.281734515658854
2016-04-12,63.9,62.88921047031467
2016-12-06,19.44,19.81973952305449
2016-06-05,124.608,155.34064302372465
2016-06-05,7.56,9.155837245477828
2016-12-11,85.224,79.60690923212438
2016-11-12,287.52,286.99278426332916
2016-11-12,37.68,36.632635669395206
2016-11-12,19.98,19.121987755374548
2016-11-12,20.58,19.237938071693357
2016-11-12,17.38,18.86323689047605
2014-09-29,204.6,162.25383957282932
2014-09-29,8.72,10.254326923903916
2014-09-29,6.48,6.942302274112359
2014-09-29,686.32,686.3200000000047
2014-09-29,62.18,69.44545572819636
2015-04-04,644.076,637.9474866226559
2015-04-04,5.84,7.5030604011604405
2015-04-04,12.76,13.710063934979889
2015-04-04,10.95,11.850099493707612
2015-04-04,599.98,599.7549833333353
2015-05-08,8.352,14.982326517970902
2016-12-31,3.64,6.494157264933941
2016-12-31,159.768,157.52466961140723
2014-12-20,122.48,94.61418963001739
2014-12-20,2244.48,2244.4799999999905
2014-12-20,62.31,66.16686546293745
2014-12-20,455.1,455.1000000000025
2016-07-02,195.184,207.46082333333322
2017-06-29,362.94,268.4895934122244
2017-06-29,11.54,13.422957830124464
2014-09-01,53.94,52.25514691833771
2014-03-03,9.99,11.719510938665685
2014-03-03,125.76,129.69672517558055
2014-03-03,25.32,27.850924590943414
2014-05-04,46.8,47.399338459180434
2015-11-02,447.93,447.2066388888855
2017-12-08,109.48,122.4982689600756
2017-12-08,272.94,205.3937783919073
2017-12-08,19.44,19.8205480855654
2017-12-08,31.92,180.6390697602267
2014-03-10,22.38,22.501738141986205
2014-04-21,16.52,18.643034987056808
2015-10-22,5.176,5.397536775258557
2015-08-22,50.112,49.05759002268971
2016-08-29,27.93,32.23864984975424
2014-12-27,11.56,13.321235687629185
2016-12-01,172.5,175.98350199365083
2016-12-01,179.97,177.67556306435463
2016-04-24,258.696,258.6526400000009
2014-06-21,1322.93,1322.9299999999942
2014-06-21,3.76,5.617417397471309
2017-01-14,21.744,20.941690290663253
2017-01-14,7.92,16.971889130014986
2014-11-24,12.096,15.67462872064305
2014-11-24,485.88,456.1728679078568
2014-11-24,25.92,26.502858784329497
2014-11-24,197.58,213.77126265762118
2017-02-26,81.92,78.60612604692996
2017-02-26,889.536,772.2086990866507
2017-02-26,892.224,892.2252693333277
2017-02-26,223.92,223.4967905768759
2017-02-26,23.12,24.249330229690905
2015-09-15,15.552,15.804555436516575
2015-09-15,15.712,31.281095873505006
2015-09-15,24.672,42.18378630408815
2015-09-15,55.968,55.15232932704647
2016-04-08,431.928,637.1847466666675
2016-04-08,95.984,110.39762802154738
2016-04-08,1088.792,1088.791999999998
2016-07-18,544.008,542.6857511464096
2016-07-18,1.872,2.9691707068908886
2016-07-18,854.352,216.31743258833725
2016-07-18,593.568,322.06714346814096
2016-07-18,338.04,323.79385865154126
2017-08-01,271.96,246.58665286120566
2016-07-14,11.21,26.509188212297794
2016-07-14,9.144,11.7260957298997
2016-07-14,14.07,16.393874311266202
2016-07-14,41.86,34.70497116680412
2016-07-14,8.544,10.027497504168906
2016-07-14,579.136,304.4996455925923
2017-09-09,141.372,145.08577717805363
2017-09-09,3.036,3.557624236548919
2017-09-09,4.503,4.760063315265079
2017-09-09,4.672,7.909404469541584
2017-09-09,95.88,98.76155797821497
2017-09-09,17.024,18.312940371725652
2017-09-09,258.696,258.4134777777786
2017-09-09,1931.958,1931.9579999999942
2014-07-12,249.75,262.89826820975316
2014-07-12,255.936,256.4366054926212
2016-12-04,113.79,71.60463532755954
2016-12-04,78.15,79.45197947944675
2016-12-04,1.728,3.6252009322506056
2016-12-04,40.56,41.694899313701235
2016-12-04,182.94,131.28056626404023
2016-12-04,193.86,131.6986486025028
2017-11-06,15.28,15.83268998617773
2017-11-06,8.73,9.970209883566254
2017-11-06,5.68,6.797584843764069
2015-10-31,2.78,5.388910171080634
2015-10-31,79.96,79.15623212864517
2016-05-30,839.988,839.3796544444493
2016-10-28,47.952,68.15230077125543
2016-10-28,37.425,37.73512586325658
2016-10-28,63.968,98.34843439798561
2016-10-28,165.048,165.39558000000054
2014-08-11,12.35,33.22213186203193
2014-08-11,40.97,36.86957236055533
2014-08-11,22.96,22.933184580418427
2016-08-29,22.0,28.551018951674955
2016-02-15,398.352,398.47572082539614
2016-02-15,8.72,10.849853173811747
2017-05-14,48.69,50.3956593293406
2014-12-12,764.688,764.6305199999964
2014-12-12,254.9745,257.8206626734964
2017-12-18,38.82,44.59906986039522
2017-12-18,1141.938,1141.3568625000028
2017-12-18,1704.56,1704.559999999998
2017-12-18,3.2,6.170285672009814
2015-07-04,1099.96,1098.98800277778
2017-03-10,5.248,6.3774118660330945
2017-03-10,35.91,40.33804141900125
2017-03-10,6.696,8.407873044243305
2017-03-10,43.872,45.909858987982744
2016-12-24,27.882,27.13246562367126
2016-12-24,540.048,523.1197403808952
2016-12-24,255.68,256.227525777777
2017-10-23,863.88,877.9706443333342
2016-10-28,17.616,18.089421879987412
2017-07-07,17.472,19.58291236736943
2016-10-01,69.9,69.77215810948314
2016-10-01,41.85,40.42360285880645
2017-09-02,6.57,7.792277225804767
2014-12-24,142.86,146.75576566453753
2014-12-24,292.272,294.85948814024573
2017-09-23,29.328,20.37314060115902
2017-06-04,12.48,12.496268035247889
2016-04-21,102.336,113.9685520147912
2016-04-21,48.792,48.810527333333205
2016-04-21,44.848,44.40834189420161
2016-05-26,10.368,10.664333820711526
2016-05-26,388.43,414.06870023102783
2016-05-26,14.352,15.281924670592582
2016-05-26,63.992,82.83118666865832
2016-05-02,86.352,43.97468308632363
2014-09-08,32.97,55.54976263785901
2014-09-08,83.88,87.93905433000961
2016-09-05,278.4,279.4334095957186
2017-04-09,15.12,14.645654520344785
2017-04-09,17.43,17.027360006662878
2017-04-09,251.64,251.62323560770636
2015-12-06,2.772,3.210931661382405
2016-06-26,14.9,101.95357030927681
2015-07-04,15.48,14.499115444567064
2016-11-22,39.88,39.27730691243579
2016-11-22,12.192,14.42359294450307
2016-11-22,20.82,21.43425752659044
2016-11-10,13.216,15.202425432332232
2016-11-10,32.4,32.87172082951864
2015-08-27,32.94,51.915547434160345
2015-08-27,114.2,113.24812323575287
2015-08-27,3.08,4.184000552975997
2015-05-25,845.728,843.5402831746053
2017-12-30,13.904,14.00789310183741
2017-12-30,20.72,19.30349442557166
2016-12-08,114.95,113.81629480219803
2015-10-04,26.96,59.29400543113932
2016-12-23,572.76,500.445333333335
2016-12-23,286.38,285.53724333333355
2015-09-19,61.96,192.55672981058163
2017-07-03,23.99,23.534798758634096
2017-07-03,287.97,287.1747532681585
2016-07-14,419.944,433.85171306356597
2016-06-20,46.76,47.27208125946547
2016-06-20,17.712,19.241204105882126
2016-06-20,21.78,21.115947761835038
2016-06-20,161.94,128.9276965889566
2016-06-20,161.568,212.67523799116063
2016-12-09,3.69,4.682760724145019
2016-12-09,122.12,123.96498228204621
2016-09-24,155.372,177.36904633815448
2016-12-18,38.88,39.415539752626295
2016-12-18,183.84,182.98552867724737
2016-12-18,579.3,558.5898073853165
2017-12-10,14.2,14.902248658947132
2014-07-01,575.92,579.1364122222241
2014-07-01,5.184,5.772324988775784
2017-02-03,5.229,5.719846229182712
2017-02-03,285.552,285.97857201190953
2017-03-03,72.8,69.47524683296653
2017-10-09,10.816,11.993637645887567
2014-09-28,46.26,106.21466004983002
2014-05-27,17.46,18.254376968056523
2015-06-14,51.072,46.11514401030221
2016-03-30,11.34,11.869419183596683
2017-10-15,87.92,91.23287706384858
2016-05-23,37.05,54.21426285750417
2017-06-02,2.97,32.98476356337375
2017-06-02,27.44,36.023094421471626
2014-02-16,1.08,1.5867612248890126
2014-02-16,7.96,6.07941339876013
2014-05-06,140.736,141.93489408906336
2016-05-16,552.56,352.47121497498176
2017-04-02,25.11,23.240930703754955
2017-03-31,29.78,28.22094261654318
2017-03-31,677.58,676.6023402777743
2017-03-31,75.04,75.16709866066317
2017-01-02,695.7,695.8395555555586
2017-01-02,15.66,16.467938853762274
2017-01-02,28.854,28.324001493297608
2015-05-28,47.82,46.28810463059511
2015-05-28,13.05,14.55550621478715
2014-03-17,93.78,125.9395504227097
2014-03-17,47.18,48.771504928666175
2014-03-17,19.68,18.637926535367352
2014-03-17,53.4,55.54456578380644
2014-03-17,35.88,37.33024504930738
2014-10-03,258.279,277.3308666575538
2016-03-28,31.4,50.05883433921327
2017-05-04,183.96,193.71654672857747
2017-05-04,17.61,18.290112563764136
2017-05-04,300.904,209.79637133333375
2014-07-05,220.776,221.7885973729446
2014-07-05,281.424,272.4182734781965
2016-05-05,79.14,78.62063719199155
2017-04-26,1.988,2.014184296296304
2014-09-26,145.568,151.76356146175348
2017-10-19,123.256,87.76407078462229
2017-10-19,23.68,21.62537893381383
2017-10-19,309.576,264.1335976405301
2017-11-10,38.388,36.87441342961839
2017-11-10,95.994,234.34423333333305
2017-11-10,239.952,240.21471999999952
2017-11-10,201.584,185.2570815776799
2017-11-10,899.136,898.2082999999988
2017-07-08,145.9,148.3545954761913
2015-12-24,590.058,590.0579999999987
2015-12-24,14.04,9.840095291258393
2017-03-07,49.08,46.73270758676576
2014-04-01,29.6,31.053217755001878
2014-04-01,17.088,18.206646842459495
2015-09-14,912.75,912.9601500000001
2014-08-04,1089.75,747.5613133333317
2014-08-04,447.84,447.82733888888635
2014-08-04,16.4,14.674576306558832
2014-08-04,399.96,393.6511357201401
2014-08-04,158.9,189.8950259263713
2014-08-04,13.184,13.243024241895187
2016-09-03,83.952,83.92953333333357
2016-02-05,80.98,58.816550018436466
2016-02-05,348.84,348.9056699999977
2016-02-05,9.45,11.30836188124778
2016-02-05,18.84,19.81232412992713
2016-02-05,239.98,239.7780088888897
2016-02-05,167.96,173.35830829584847
2016-02-05,104.85,88.9784614074651
2016-02-05,484.83,482.3732928090428
2016-02-05,122.97,123.49104246529181
2016-02-05,154.44,137.4395016535019
2016-02-05,342.37,342.11794358974265
2017-07-03,9.552,10.174329972634636
2017-10-09,652.45,652.4500000000025
2017-10-09,66.645,66.85336750000033
2016-11-24,17.216,19.569397634401874
2016-11-24,11.56,12.420478214935137
2016-11-24,88.4,90.001611748307
2016-11-24,6.48,6.954470262013225
2016-11-01,21.8,30.273540639639407
2016-11-01,251.79,252.03455094650184
2016-04-19,205.176,205.96142850793606
2016-04-19,419.4,419.2965999999978
2014-04-06,10.304,10.476615552556494
2014-04-06,154.764,154.86111000000042
2014-04-06,116.784,115.18677847617825
2016-09-02,75.48,63.20769397086735
2016-09-02,39.98,31.817511319322765
2016-09-25,393.165,393.3742186071405
2017-11-04,23.68,23.674023964108972
2016-07-09,408.006,407.69754999999765
2016-07-09,165.28,124.4183179146643
2014-06-30,334.768,333.963651446338
2017-01-28,239.97,233.78779377636602
2017-01-28,37.74,95.89691468314457
2015-09-21,946.344,947.5354320000029
2015-09-21,151.2,184.19009824805596
2015-09-21,4.928,4.979795486291517
2015-09-26,86.272,88.3055753962807
2015-09-26,72.588,70.95795971999799
2015-09-26,60.672,119.6630884142981
2015-09-26,77.031,77.35689810488346
2015-09-26,119.904,105.36898010857762
2015-09-26,263.96,244.92590796077172
2015-09-26,363.648,368.29686750753024
2015-10-31,9.728,10.910551888902326
2015-10-31,14.75,16.3544692503262
2015-10-31,29.8,27.849243415700858
2015-10-31,427.42,427.4199999999985
2017-11-26,220.752,218.82005740079398
2014-12-19,152.76,170.59085688295215
2014-12-19,7.27,8.825326167686997
2014-12-19,1819.86,645.4017366666673
2016-12-26,33.9,33.19217891367527
2017-06-20,31.104,31.074298718959593
2017-06-20,5.248,6.393513471738177
2015-10-15,263.88,263.34622222222214
2015-10-15,2453.43,2453.4300000000103
2017-04-12,29.7,29.562178314403944
2017-04-12,39.96,38.60724837708042
2017-12-19,36.672,33.66978274363464
2017-08-05,13.76,13.342949199049064
2015-10-01,139.424,157.1668243301371
2016-05-23,1979.928,939.3596919047646
2017-06-13,164.736,177.18586034864467
2017-06-13,470.302,477.80340837388115
2017-06-13,47.984,82.52467790834011
2014-04-23,2.502,3.3056118011833577
2015-05-01,88.752,108.14497520084433
2015-07-19,2.025,2.4376656406077934
2016-11-26,70.98,72.2616358461658
2016-11-26,91.68,94.14051772115111
2016-11-26,33.75,36.80066083936952
2017-06-12,91.2,91.71350552203614
2017-06-12,452.94,452.9475750000015
2015-08-17,52.2,53.18178112363116
2016-09-25,15.936,16.130538689136912
2014-05-04,27.46,29.27520939128402
2015-12-01,55.424,54.865422213447566
2016-03-11,244.006,243.4976735714287
2016-08-26,159.984,256.1592399999997
2016-08-26,1024.716,942.4719958594104
2016-12-16,3.68,5.9205390020408775
2014-08-08,121.376,116.32762995944667
2014-08-08,95.976,98.54312357061528
2015-05-16,255.968,252.1889491106933
2017-12-09,872.94,872.940000000002
2017-12-09,41.54,42.95826580962344
2017-12-09,12.96,13.180628788717467
2015-09-24,6.848,6.347307616060976
2017-07-11,8.67,10.025114238967756
2015-12-01,6.688,6.786051994838532
2016-11-19,17.28,15.45337365001951
2016-11-19,17.712,19.72238905499461
2017-03-19,28.91,28.69293344940696
2016-11-13,52.136,50.99408998379881
2017-11-19,31.968,38.92992359069923
2016-12-02,25.92,26.556483088773586
2016-12-02,40.46,41.58245115482823
2016-12-02,33.87,79.959738074326
2017-08-25,9.728,10.321660769244154
2017-08-25,3.424,4.312233680099574
2016-10-14,177.0,116.28877135785788
2014-11-27,3.76,5.534065940311407
2015-11-03,1212.848,945.6277306666677
2015-11-03,89.97,92.84059873626983
2015-11-03,42.6,44.95067671775496
2014-11-29,5.04,6.565792789015568
2017-04-30,62.96,62.5250130492617
2017-11-24,5.88,6.550912589293378
2017-11-24,977.292,978.3573224999964
2017-10-30,9.64,12.249682007097151
2014-12-17,40.05,36.775100277489265
2017-09-04,10.192,21.799443058445945
2017-09-04,16.784,22.787610523584746
2017-09-04,13.12,19.269397338766804
2016-10-17,18.16,20.758866636298524
2017-11-12,16.056,16.685480389058096
2017-11-12,223.056,221.41211405381435
2017-11-12,540.048,498.324860882867
2016-11-24,33.52,40.041507403824276
2016-11-24,9.94,12.15224066281951
2015-08-01,6.72,11.8845917669384
2015-08-01,1004.976,1004.9760000000001
2017-12-24,17.88,18.52659485982923
2016-09-17,396.0,396.2849166666667
2017-12-10,34.5,35.2703961634162
2017-09-12,8.36,11.58916424046209
2017-06-24,385.6,381.41713363780804
2017-06-24,35.82,34.928952792836654
2017-08-18,200.064,165.68204180188442
2017-08-18,21.38,21.154858050827162
2017-08-18,6.744,7.567164055915064
2017-12-11,63.686,63.70666444444448
2017-12-10,1669.6,1669.599999999991
2014-02-03,83.84,80.93634061014251
2014-02-03,13.272,13.921552341739671
2017-02-11,21.336,24.318194747179607
2017-04-16,16.52,17.143381063486622
2015-12-06,206.112,205.95679481481545
2015-12-06,19.92,20.464055275645922
2015-12-06,198.272,197.28471470555135
2015-12-06,247.104,250.78104569800595
2015-12-06,86.304,66.90282528327924
2016-07-22,4.16,5.897762763265311
2016-07-22,11.648,18.47165097641028
2015-11-07,26.18,12.868426098286607
2015-11-07,7.3,8.614299599125653
2015-03-26,74.352,70.797639073622
2017-08-31,10.744,17.89513235707466
2017-08-31,8.376,9.516639022437685
2016-12-04,212.88,265.89829842998387
2017-02-10,203.983,206.54809401829823
2016-10-29,40.74,97.27335603156665
2016-10-29,11.67,12.073854560566003
2017-09-15,39.99,40.37231560662351
2017-09-15,16.28,18.260201801772798
2017-09-15,782.94,782.7503666666686
2017-09-15,242.48,242.94105402498442
2014-03-11,8.32,12.557771659399103
2014-03-11,10.464,11.33669304514083
2014-02-04,82.896,89.62839262251586
2014-02-04,34.24,34.23392814791002
2014-12-31,1573.488,1573.4880000000082
2015-11-23,335.52,337.6968125925932
2015-11-23,23.912,23.881514709955724
2015-11-23,27.056,33.130651432359386
2014-07-06,559.992,560.0168633333319
2017-11-13,9.324,9.573226850911142
2016-06-17,111.96,111.954573380504
2014-05-03,21.56,22.617239210736724
2017-10-16,124.75,124.51993227035733
2015-02-06,5.28,7.370396423046628
2017-09-04,91.96,97.08261851139551
2016-05-09,9.344,9.992029424447528
2016-05-09,79.36,73.4133584512729
2015-03-16,171.96,171.95999999999927
2016-04-09,35.352,37.678114217819285
2014-04-04,18.9,20.34156683538576
2017-09-05,2.78,3.729913736250381
2017-06-30,1044.63,1044.6300000000035
2015-11-09,11.352,12.59956716959231
2014-03-04,354.9,292.69704377308983
2015-03-19,453.576,420.9779271241975
2015-11-29,21.48,48.96918081683556
2015-11-29,8.784,8.96238786094697
2017-06-11,122.97,123.43420890221746
2017-11-26,12.84,12.494038410566468
2014-11-23,603.92,597.2166392190496
2014-11-23,21.84,22.643695315430907
2014-11-23,29.99,29.3024842793362
2014-11-23,381.44,371.86873566030715
2014-12-15,40.68,52.45697010387279
2014-12-15,763.28,759.7849827440464
2016-04-22,23.952,32.22637163379958
2016-05-23,4.98,6.013187538323659
2016-02-27,170.88,165.80697376377535
2015-08-09,307.98,308.43472380687814
2015-08-09,382.806,382.8059999999979
2015-08-09,41.96,45.08307411978819
2015-08-09,1217.568,1217.5680000000077
2015-08-09,47.04,53.95344932506114
2015-08-09,6.16,7.935441424141988
2015-08-09,979.95,973.540362539685
2015-08-09,143.7,144.3143090864275
2015-08-09,10.65,11.821154004222272
2015-08-09,247.8,239.85381030769355
2016-05-12,10.96,11.293993133054213
2016-04-15,33.488,37.801886253190226
2016-04-15,8.04,12.021085165484985
2015-06-23,201.568,239.5313382580871
2014-10-19,13.44,14.663594131185704
2015-03-24,359.058,279.7343257307825
2017-05-08,47.992,55.5204550138077
2017-10-16,547.3,547.2999999999993
2017-11-19,16.896,16.887259639232276
2017-11-19,6.672,6.905416917259703
2017-11-19,99.136,70.98061152531373
2017-11-19,15.992,16.01725197358206
2016-05-08,211.96,209.49279714142597
2016-12-11,6.672,10.064846878956946
2017-11-30,155.94,155.16322422521205
2016-04-19,39.96,64.69357706402425
2016-04-19,5.46,7.471950401560132
2016-04-19,73.2,65.62827303000074
2016-04-19,5.84,6.762895130076273
2016-04-19,22.72,22.562393775292556
2016-04-19,9.336,11.667648088070903
2014-05-26,290.666,290.7436681408717
2014-05-26,201.584,209.8728285066206
2014-05-26,83.984,110.89176038559097
2017-12-21,1000.02,1061.5861533333325
2016-03-15,83.976,91.34338785621085
2015-08-10,3.75,4.846781863859805
2015-08-10,41.4,42.03114457903296
2015-08-10,29.79,35.98433604188703
2016-09-10,59.48,57.68767975076742
2016-09-10,6.69,6.930754163704568
2017-07-08,198.46,198.45999999999924
2017-07-08,786.48,787.4027838095277
2017-07-08,23.168,23.105424494127348
2017-07-08,50.0,50.197698649521165
2015-12-19,675.96,871.9807097777774
2015-12-19,1265.85,1265.8499999999958
2015-11-16,523.25,519.2936255363156
2015-09-24,517.5,518.4749388888889
2017-06-21,17.92,22.542808601209398
2017-06-21,41.256,42.02748693942118
2016-05-08,1006.056,1003.8626340000017
2016-05-08,10.688,10.996981724712017
2016-05-08,10.368,10.664674577732283
2016-05-08,25.12,36.74123860161018
2016-05-08,58.112,37.766796456247924
2014-11-26,15.552,15.82941857593155
2014-11-26,669.08,669.3495351111077
2014-11-26,438.336,437.6996399346391
2016-05-26,19.44,19.835100718190862
2016-05-26,9.64,11.059033025907313
2016-05-26,12.7,12.774553119586558
2016-05-26,41.37,51.94144544317011
2014-11-29,12.624,12.183658191468147
2015-03-19,1247.64,1247.640000000009
2015-03-19,209.7,209.74697753895583
2015-11-01,35.36,37.26859540912624
2015-11-01,3.168,5.099643648789459
2015-09-26,121.104,121.5438033333329
2015-09-26,45.894,45.46825500620457
2014-08-29,109.92,109.90868966144522
2014-08-29,13.36,13.528333157849
2017-11-18,169.68,203.89369450749663
2017-11-18,132.52,133.39723749999973
2017-11-18,2.96,5.521716837947488
2017-11-18,8.448,9.99997048379583
2017-11-18,95.94,100.26633812548812
2014-05-12,34.79,35.83845033454433
2017-01-20,160.776,145.4633111757454
2017-10-30,88.752,79.38326259256583
2017-10-30,13.904,15.669496308551746
2017-04-30,677.58,677.5799999999964
2017-04-30,13.896,12.844209359992085
2016-11-24,41.92,53.493975410513386
2016-11-24,297.576,272.18460204729865
2016-11-24,4.344,7.124423424881424
2016-11-24,94.992,86.10223181689852
2016-11-24,74.352,69.08713364137388
2016-11-24,14.04,10.487221695781908
2015-01-10,1018.104,1018.1039999999967
2017-10-19,16.68,39.3219308123945
2016-03-22,58.58,60.19595275777757
2017-07-03,167.968,650.5519590936816
2015-12-11,196.62,197.4066965212266
2015-09-17,21.936,21.802574515909956
2015-09-17,6.588,6.423518713801377
2016-05-18,104.28,108.01881665790634
2016-05-18,17.94,18.85810634922653
2014-09-07,64.784,64.69473300357868
2014-09-07,32.382,44.870961598992444
2014-09-07,42.368,39.49044897594793
2014-09-07,399.54,399.5399999999975
2016-09-29,18.97,19.871081353040505
2016-11-07,14.82,16.723540214071104
2017-04-24,99.28,95.33225762387728
2017-04-24,1.188,2.339107224288333
2017-04-24,7.518,7.358220509649462
2017-12-10,10.368,10.713588975264095
2017-12-10,310.88,174.01183066666593
2014-08-16,853.092,821.3603443333349
2017-12-09,33.45,32.92673991439174
2017-12-09,10.4,13.572790896643767
2016-03-14,21.88,25.7704864276391
2016-06-26,13.616,17.865730394942773
2015-09-25,63.96,68.08421188318614
2015-09-25,14.46,16.246810795559394
2015-09-25,104.98,115.12892351019877
2015-12-27,106.96,106.74765599940136
2015-12-27,21.56,22.316885109735452
2014-06-03,515.88,515.8800000000022
2015-07-13,11.808,13.718181280883782
2015-07-13,1931.04,1521.9870966666656
2015-07-13,9.96,10.828444183486683
2014-02-02,12.35,14.236079686185976
2016-03-08,9.702,9.499593375317973
2015-11-22,11.61,12.457473434968048
2017-10-30,43.86,44.019096584422975
2017-10-30,148.48,168.79401483279938
2017-10-30,7.42,9.187672775627664
2017-10-30,71.992,79.70004055555533
2017-10-30,19.9,20.029845687260263
2017-10-30,1702.12,1702.119999999996
2015-01-30,14.304,15.969909505660889
2017-09-08,765.625,765.625
2017-10-07,307.666,297.27873082661523
2016-04-30,7.712,9.88684996578214
2016-05-19,242.9,243.50337990461892
2016-05-19,454.9,324.21389521028595
2016-05-19,35.92,59.594163459083845
2016-05-19,39.76,39.80528588847002
2016-05-19,47.744,46.854575450268044
2015-12-20,159.984,137.88820281765223
2015-12-20,255.968,255.8585075555552
2015-12-20,359.058,360.3573500619778
2015-12-19,434.352,432.1029071625428
2015-12-19,3.552,5.633756911628968
2015-12-19,88.832,80.70435362340217
2017-04-29,1048.35,1048.3499999999997
2016-02-07,100.0,99.42580048304906
2016-02-07,7.83,9.401057690951895
2014-09-28,96.256,89.50402477067757
2014-09-28,10.688,10.987174657842104
2016-07-10,338.04,307.0798860240058
2016-07-10,154.24,131.61869433606864
2017-07-29,34.848,40.643606200115315
2017-07-29,22.0,41.38484241024474
2017-07-29,4.368,7.335513630925551
2015-09-03,31.44,97.80927788651361
2015-09-03,17.9,19.024608367998905
2015-09-03,129.45,133.1639104908609
2014-08-09,20.88,21.412461850904855
2017-10-30,20.736,20.88400903411979
2017-10-30,7.168,14.774982088706789
2017-10-30,11.168,46.98868930685965
2017-10-30,442.4,442.356133333331
2014-06-06,13.36,14.51869309415238
2016-08-13,11.232,11.254331453731824
2016-08-13,10.272,10.807124475376426
2014-04-25,10.368,10.672901822419922
2014-04-25,6.24,7.8405000871838775
2015-11-22,206.962,207.70081988888845
2017-10-14,9.46,12.464361821911961
2017-12-02,559.62,559.0697166666644
2017-12-02,109.92,111.27858135274688
2017-12-02,8.56,9.461295770093667
2015-12-08,360.712,360.6779911111107
2015-12-08,1718.4,1083.859055238096
2015-07-13,41.568,43.050489724889424
2014-05-11,46.864,50.232975415568305
2014-01-05,19.536,25.967284202750687
2015-09-05,411.332,414.1463601434325
2015-09-05,28.752,29.13813089088319
2015-09-05,293.199,297.7256650698769
2016-08-04,35.06,72.15484607699926
2016-08-04,4.13,5.076463689174176
2016-08-04,109.8,111.77111182511345
2016-08-04,9.82,10.851189363459168
2014-03-22,7.644,7.979413473473536
2014-03-22,51.465,51.00596368668066
2017-03-02,6.976,9.811286457465242
2017-03-02,12.222,12.27476172128465
2016-11-27,97.984,99.90564335162962
2016-11-27,62.4,63.35601475262516
2014-04-28,20.86,20.76377258224483
2014-04-28,497.61,497.1105749999987
2014-04-28,5.34,6.493677424507538
2014-04-28,3.15,4.199005869605077
2015-11-24,368.91,389.5610522222228
2015-11-24,14.7,19.445523965040415
2016-11-11,59.97,59.65155809282771
2016-11-11,83.36,90.39571065347747
2015-07-09,6.58,7.8294425990680745
2015-07-09,122.94,127.02990556928933
2017-09-22,219.84,219.800113891894
2017-09-22,98.16,98.34389095075407
2017-09-22,33.04,35.339932824460654
2017-09-22,86.97,87.76353600205371
2015-02-15,134.97,220.65228741077493
2015-02-15,699.98,699.8278833333363
2015-02-15,139.95,139.8386306257629
2014-09-30,48.94,49.94958885014664
2014-12-01,46.64,39.28966152938387
2014-12-08,60.416,48.690114193825735
2016-09-05,107.94,97.74847737472223
2017-08-27,63.84,145.49097114987674
2017-08-27,347.97,348.82016789899075
2017-08-27,37.008,35.88715695810853
2016-07-07,215.65,257.22124968254
2016-08-08,11.168,12.323869913833402
2016-08-08,53.952,52.8225129388452
2016-11-13,4.18,16.160293045683698
2017-09-22,5.607,5.462079249371118
2017-09-22,79.984,114.45295695008215
2016-12-25,45.36,45.915220980210634
2016-12-25,254.24,254.61476300000018
2016-02-11,69.93,69.81317148473768
2016-10-23,16.156,16.144621759055724
2016-10-23,54.816,53.3511771774658
2014-06-09,1441.3,1322.8440866666683
2017-11-20,77.6,78.6846262460315
2017-11-20,4.656,20.18835713835771
2015-09-14,170.136,459.0792203333328
2015-06-04,7.38,8.53229516778215
2015-06-04,9.26,9.87638465133259
2015-12-13,9.96,10.60432049924863
2014-05-25,75.6,75.42426066666646
2014-05-25,29.32,29.30154988888878
2016-02-16,92.064,92.04801777777729
2016-02-16,6.976,10.383124940113518
2016-02-16,62.958,95.48254339515081
2016-02-16,5.184,5.695607932700745
2016-12-22,31.32,32.33931201566199
2016-12-22,11.84,22.468373182923262
2016-12-22,22.784,22.62016070397596
2016-02-08,1127.976,646.7245199999987
2015-07-13,38.88,39.460714759952026
2014-05-18,779.796,779.7960000000018
2017-10-21,1439.92,1439.9199999999971
2017-10-21,262.11,262.11000000000047
2015-11-05,207.0,212.67373142763003
2017-08-01,1439.982,1439.9820000000045
2017-08-01,36.288,35.803424695441194
2014-06-21,21.4,19.525356549733015
2017-02-19,1245.86,1245.2515171428483
2014-08-01,17.544,17.15027293701979
2014-08-01,44.128,49.61740093396386
2014-08-01,62.92,67.32135720828389
2014-08-01,78.304,80.13369407540657
2016-07-18,140.81,140.9545899999999
2015-02-09,40.096,39.37281452426545
2015-02-09,40.784,40.608285888888695
2017-07-29,90.57,85.96140499775198
2017-01-12,40.08,40.7511152178429
2017-01-12,37.68,42.53049869606802
2017-09-10,362.352,347.0401981978368
2017-09-10,7.184,8.583365081573493
2015-07-20,34.76,41.58863527467168
2015-07-20,831.2,830.2458333333378
2015-07-20,26.4,26.213060124185937
2015-07-20,106.75,107.05098215525096
2015-07-20,97.82,100.02976640385661
2015-07-20,141.4,150.58684166576626
2014-06-13,14.52,15.374952267270476
2017-05-12,127.92,129.87833106128474
2017-05-12,34.24,33.688630253537156
2015-09-03,137.62,148.57908131886916
2015-09-03,100.49,100.73970236424456
2017-03-26,257.568,253.71539003439108
2017-03-26,119.96,118.61091714841753
2014-11-12,49.632,58.95373017919315
2016-10-13,727.45,727.4500000000033
2016-10-13,24.96,25.74979626211002
2017-11-12,370.782,371.36566309524034
2017-04-15,196.45,197.0742072222213
2015-06-25,31.104,31.101168110900993
2015-06-25,78.256,79.71055709388695
2016-08-26,6.48,6.955909139194331
2014-07-21,99.2,91.64185497042625
2014-07-21,801.568,478.2667377777774
2014-07-21,272.848,272.6771733333326
2017-11-21,70.98,70.93502777777745
2014-06-04,16.224,16.284709145515343
2016-03-10,176.784,176.7839999999997
2017-03-25,470.376,463.5175447022687
2017-12-29,393.568,398.09582115181064
2017-12-29,302.376,288.2873652441592
2017-03-28,68.742,67.80405287511091
2015-03-05,29.34,31.074867996893268
2015-03-05,383.607,383.1075002777802
2015-03-05,563.4,415.27403768475335
2016-11-13,217.056,218.29470949944374
2017-01-19,6.0,7.2347891634918975
2016-04-22,31.56,33.61802630959605
2014-05-13,7.104,8.37951793283161
2014-05-13,398.352,398.3519999999991
2014-10-21,121.792,120.82143367120814
2014-10-21,409.59,411.27361499999745
2014-03-14,10.56,11.04213920817166
2014-03-14,3.38,4.647218053045756
2017-12-22,7.824,8.579052188447411
2016-11-24,24.784,22.993584220837825
2017-12-02,34.65,33.95672044454695
2015-12-31,487.984,488.19297650793413
2017-10-03,1793.98,1793.9799999999925
2014-08-29,29.808,32.20716043086637
2014-08-29,505.176,505.1760000000036
2014-08-29,174.0585,174.61735083333267
2016-06-29,191.88,237.89517828507547
2016-08-20,14.78,27.180704445406853
2017-10-21,5.184,5.739135534918245
2017-10-21,478.48,479.0331111111109
2017-10-21,28.4,32.23653901019083
2017-10-21,909.12,822.1655503728648
2016-05-17,2.952,3.4270084942155834
2016-05-17,27.018,27.783524155666647
2015-02-03,136.92,136.03099174282747
2017-12-18,18.96,22.04532309753767
2016-11-15,99.39,101.21197724782596
2017-07-03,273.896,263.3915061009361
2017-07-03,597.132,593.0497967380973
2014-01-15,149.95,150.92259999999962
2017-04-30,4.608,6.351883034750849
2017-04-30,15.528,25.47123019137971
2017-04-30,11.952,12.117055588072482
2015-11-08,11.65,12.024059504968179
2015-10-30,299.9,295.0823328355397
2017-08-17,895.92,895.9250250000051
2017-08-17,462.564,462.56399999999957
2015-10-03,15.008,36.53130020106282
2016-07-08,863.64,866.2645450000064
2016-07-08,47.616,22.49506749139158
2017-12-05,92.94,92.0449091324586
2017-03-09,199.98,199.96974444444567
2016-06-09,177.48,193.45711174897394
2017-11-28,88.768,88.02405376096624
2017-03-16,6.48,6.960303556703683
2017-03-16,46.51,40.43216961229889
2017-03-16,659.976,626.1374331280367
2016-11-27,271.992,271.23956603449517
2017-08-06,145.74,151.7026982645965
2017-08-06,15.4,17.869634412974246
2017-11-27,244.55,243.78230426482992
2017-11-27,166.16,192.10060777777792
2015-05-25,14.73,15.041871648754187
2016-07-08,19.968,18.301047278784395
2016-07-08,33.488,54.353731074842685
2016-07-08,8.736,8.196496523187108
2016-07-08,662.88,666.4262267301611
2017-08-29,47.36,52.538995017430054
2017-08-29,27.44,33.60059619277804
2017-08-29,3.24,3.4698916251068725
2016-06-20,95.968,99.04230991450115
2016-06-20,10.368,10.664333820711526
2017-09-02,23.1,18.748910385683324
2017-09-02,11.54,11.769003484796057
2017-09-02,254.526,254.52520793650717
2017-09-02,12.98,13.185016154500795
2017-09-02,26.432,28.388733811240247
2017-09-02,197.97,199.0379482864364
2017-09-02,18.9,20.04444906589542
2017-09-02,1282.41,1282.409999999994
2017-09-02,4.92,8.42141297393811
2017-09-02,238.0,232.83314087912086
2017-09-02,167.97,162.59090768599975
2017-09-02,17.12,18.09442353645565
2017-09-10,16.2,17.47797995148347
2017-09-10,33.99,40.999174181835386
2017-09-10,296.85,295.78255500000074
2017-09-10,112.8,93.39893739358811
2017-09-10,13.71,15.462562019775506
2017-09-10,24.9,25.557747654478362
2017-09-10,286.29,227.16672733526357
2017-09-10,24.18,24.97283507403533
2017-12-21,281.97,282.323698823714
2017-12-21,69.5,72.52896826582555
2017-12-21,166.44,166.1148474854458
2017-09-23,291.96,291.94128317460405
2017-05-06,6.408,8.243425556893373
2017-05-06,408.744,408.47510466666904
2014-12-14,5.104,5.62631263792096
2014-12-14,2.896,5.034064277372156
2014-12-14,35.016,49.156562110111054
2014-10-18,275.97,184.5298560760213
2014-10-18,1394.95,1394.9500000000073
2014-10-18,545.88,452.56532999999945
2015-05-08,5.248,6.282303058721985
2016-04-14,933.536,940.2696951111076
2016-04-14,42.976,78.77034860583349
2015-12-14,3.76,6.430435488136085
2014-12-03,479.96,480.3776657788719
2014-11-25,320.88,299.88335498870384
2014-11-25,23.88,29.67278166995011
2014-11-25,26.76,26.265249109581557
2016-07-25,1439.976,1439.9760000000074
2015-11-09,17.22,18.013858946886366
2015-11-09,1024.38,1024.3800000000035
2015-11-09,26.22,26.730447218770852
2015-11-09,17.34,18.285933316226163
2017-02-24,4.956,5.8300037582001085
2017-06-25,71.04,73.5042160834795
2017-06-25,5.344,6.572797511922562
2017-06-25,11.304,9.327287747225904
2017-12-02,294.62,294.61999999999966
2017-12-02,8.752,8.71045501071148
2014-02-06,15.0,16.19675029179663
2014-02-06,161.61,161.08894081662532
2014-02-06,144.95,144.98339834909208
2017-04-11,199.95,195.29965734680897
2017-04-11,41.86,40.91322058525162
2017-12-25,95.94,114.11061835786168
2017-12-25,304.45,306.61892968253807
2017-04-11,11.364,10.97044143001959
2014-12-31,29.68,32.63484948984514
2014-12-31,47.53,49.0124126923079
2017-08-03,183.372,184.33427493083292
2014-11-15,4.224,7.108139687331182
2014-11-15,333.056,311.8746893556288
2014-11-15,24.896,22.917607324539325
2015-12-11,159.984,160.16814822222142
2015-12-11,46.344,58.947733995536815
2016-09-18,350.98,351.07068611111043
2016-09-18,13.08,13.037738013544656
2016-09-18,900.08,881.9800856010692
2015-03-19,17.568,18.494941684044754
2015-03-19,14.62,14.61230449892465
2015-03-19,33.36,41.562168211911924
2015-03-19,40.14,41.35100063024787
2016-09-19,1606.23,1606.2299999999939
2016-09-19,17.04,17.211275733074764
2016-09-19,49.53,51.27131201973697
2016-09-19,872.32,872.551188888894
2017-08-20,239.12,236.51319787749347
2015-03-13,141.96,142.09485555555486
2016-09-08,33.024,33.45722234977424
2016-09-08,67.136,68.91411282058543
2015-11-26,14.73,15.9255545909882
2015-11-26,104.9,109.94493626397447
2015-11-26,61.04,64.97293224489438
2015-11-26,10.95,12.212849353940038
2016-12-09,9.392,10.067583175384758
2016-12-09,9.328,5.0705928915001275
2017-09-25,8.26,10.099184916391012
2017-09-25,269.97,272.3719821090916
2015-01-23,29.04,29.75499543281611
2015-01-23,14.62,14.61230449892465
2015-06-18,11.952,13.282747988889009
2015-06-18,4.536,5.228909621652928
2015-06-18,9.156,8.343318372632806
2015-06-18,75.36,79.48808129512334
2015-10-02,57.504,56.988281077344325
2017-11-18,38.864,49.82214259788578
2014-08-17,15.552,15.825549665744472
2016-07-17,162.64,154.90009150806898
2016-07-17,597.0,597.7098412698414
2016-07-17,55.48,55.99842117993482
2015-07-11,289.8,288.90158063492214
2015-07-11,2.502,3.5016512636054298
2015-07-11,6.48,6.910271511001956
2015-07-11,341.488,349.0186701481467
2015-07-11,11.12,13.043743846760043
2015-07-11,25.344,27.983496080780704
2016-12-01,17.31,17.849783525020783
2017-12-22,199.95,200.7140683333323
2017-12-22,1586.69,1586.690000000002
2017-12-22,84.99,87.62955293691543
2017-12-22,411.8,411.800000000002
2014-10-31,11.34,12.191195435965527
2014-10-31,80.3,132.5734854583766
2014-10-31,15.968,16.11808890678349
2014-10-31,64.74,64.56439420851609
2014-10-31,19.296,19.011043540496058
2014-10-31,405.64,265.4333964022888
2014-10-31,146.352,228.05660728504319
2014-10-31,251.91,253.75736111111294
2014-10-31,12.39,12.49626143790776
2015-04-13,199.96,199.65338146103824
2015-04-13,710.832,709.45213333333
2016-07-21,1.941,2.459890464116543
2017-11-20,283.92,293.6205534937225
2016-11-26,7.312,9.241594566601066
2017-11-07,59.97,59.24185819225592
2017-11-07,761.544,758.8338423670721
2014-12-01,58.2,121.89997836303453
2017-09-12,39.9,41.67067516503632
2017-09-12,90.86,90.01829124183838
2017-09-12,94.85,95.37219458773015
2015-12-24,106.232,106.67755451093211
2015-12-24,111.984,116.96666954924152
2015-12-24,7.712,12.641300916911892
2017-02-23,37.44,36.624388465372256
2014-11-23,23.68,23.740256284250048
2016-06-23,122.12,120.94134179750166
2016-06-23,18.45,19.107005874674535
2016-06-23,324.9,265.95038277702724
2016-06-23,146.73,144.81579690388787
2016-06-23,3.96,5.725770043254814
2015-10-26,5.76,7.223111041418961
2017-07-15,26.55,29.124467634772756
2017-07-15,310.443,310.66393817948665
2014-11-17,479.9,536.5287499999996
2015-04-13,12.88,13.669899622854366
2015-11-25,13.12,14.374892152914745
2016-05-15,511.84,653.1753066666656
2016-05-15,91.96,89.53389532568157
2016-05-15,8.34,8.644140540149909
2017-09-07,37.68,52.86484528902669
2017-09-07,279.944,280.2766300000018
2014-03-10,636.408,551.1131834957883
2014-03-10,83.168,70.12318464163782
2014-07-18,259.136,263.08439562492345
2017-03-24,221.92,221.0720839102094
2017-03-24,26.0,30.769265479775974
2014-09-30,15.552,15.796343257695398
2014-09-26,0.876,1.2936226997830607
2015-10-31,19.98,20.142542104534712
2015-10-31,398.352,438.989898349206
2015-10-31,5.04,7.106907969838182
2015-10-31,17.45,18.00176752410543
2015-10-31,323.136,318.8134707131183
2015-10-31,29.7,34.93567291817714
2015-10-31,1295.84,1298.3004800000062
2015-10-31,46.84,67.1351537510443
2015-10-31,425.833,425.8329999999989
2015-10-12,209.67,209.63273799999874
2016-09-19,159.88,158.99864738041558
2017-04-13,5.28,5.876974126505456
2017-04-13,895.92,895.9250250000051
2017-01-07,2.808,3.5524393669891583
2017-11-09,215.976,236.91654654462405
2017-09-22,241.96,242.24986918767496
2017-09-22,27.72,28.41652269561847
2017-12-01,104.68,104.0475521060253
2017-12-01,62.958,65.0762405347512
2014-06-23,86.376,76.52263933158297
2015-10-04,64.944,52.23175540919147
2015-10-04,20.736,20.877143894850203
2014-05-20,33.28,34.09751319582849
2014-05-20,38.52,33.14635109390151
2014-05-20,139.86,140.0187087962967
2015-11-20,19.65,19.43445335283362
2015-11-30,152.991,153.03903000000116
2015-11-30,10.584,12.17825027580805
2015-11-30,94.92,131.44910169255797
2015-12-31,14.76,15.04052122222232
2015-12-31,3.656,4.088980223105582
2017-11-16,146.82,147.78168231075364
2014-06-06,149.544,146.06155175998498
2014-06-06,17.14,26.052634162555027
2014-06-06,991.764,991.7640000000002
2016-09-01,30.48,28.80322173449308
2016-09-01,23.988,28.742971184245604
2016-09-01,16.688,17.6552240902965
2016-06-25,422.058,407.187413484224
2016-06-25,38.088,37.12070461416148
2016-06-25,254.352,291.00943930140204
2014-12-12,43.31,23.363271540519456
2017-03-31,84.95,96.20302283224395
2017-11-19,233.058,232.96741131569317
2014-11-24,111.79,112.56502166666728
2015-11-22,14.94,15.761949004016111
2016-07-14,14.16,15.54105130965991
2016-04-30,22.608,22.60885185164844
2016-07-25,21.48,22.904919329714005
2014-06-22,501.81,357.53657949190574
2014-06-22,161.94,161.44695683141973
2017-10-21,17.856,15.42556399439032
2016-09-03,8.808,9.155109481114248
2016-05-14,79.384,79.47625388888835
2016-01-07,34.58,33.01713936747421
2017-03-13,314.55,314.1178406473584
2016-10-13,191.976,184.53702628878364
2016-10-13,8.288,9.361783805956893
2016-10-13,139.92,177.07829333333243
2016-10-13,15.872,8.177278511111426
2016-10-13,6.286,7.247182337052997
2017-01-27,14.016,11.257720521720152
2017-01-27,71.976,390.26960672839334
2017-01-27,107.982,115.46893185306753
2017-11-19,305.312,303.59878960053
2014-08-01,19.752,20.4377952035462
2016-07-30,9.264,9.103695550253818
2015-07-30,61.792,76.61920832894491
2016-10-15,45.68,45.72008507474442
2016-10-15,60.12,60.59755645461708
2016-10-15,41.72,38.379892376951595
2016-10-15,71.6,70.70981013732705
2016-05-07,85.232,88.36903352604087
2016-05-07,44.4,45.914782829833115
2016-05-07,442.764,441.3133547962948
2016-05-07,199.95,194.43680772962873
2016-05-07,63.68,66.52244285950873
2017-08-01,54.896,53.34776304394114
2016-07-14,29.0,31.756353087292506
2017-08-10,70.08,72.20547052807396
2017-08-10,121.3,119.68181746515215
2017-08-10,1454.49,1392.197573333332
2016-06-25,60.81,58.37324566757197
2016-12-10,153.552,153.7454040492626
2016-12-10,65.34,70.83505584845348
2016-12-10,123.92,123.56552130209265
2016-12-10,35.1,38.88505558326287
2016-12-10,44.75,45.5948880869467
2016-12-01,4.704,5.967541898953873
2014-11-28,14.67,13.175223828134193
2015-03-28,15.552,15.812845217445819
2015-03-28,5.232,5.345132690931897
2014-06-01,22.2,23.604321554656085
2014-06-01,881.93,880.7722416666616
2015-09-06,6.096,8.235527692548334
2015-09-06,191.82,192.19004174603148
2015-06-29,20.104,12.437525464854042
2016-09-10,67.56,51.51455663056801
2014-07-14,29.932,30.036680044873375
2014-07-14,38.272,42.63161084968158
2015-08-22,16.52,20.587179730686007
2014-11-14,832.93,833.8013747619
2014-11-14,43.8,46.381175231702606
2016-11-27,167.292,167.56685493529721
2017-11-21,27.42,31.5794069788466
2017-10-01,1.44,3.4056038664434873
2017-10-01,61.776,59.520408036703905
2017-10-01,241.96,230.08979669861824
2017-10-01,108.608,124.38834003958473
2014-09-20,2.816,6.6786841458195845
2017-07-28,9.984,13.019208394528889
2017-07-28,14.98,20.411126277150828
2017-07-28,1145.6,989.5826986666669
2015-12-06,485.94,483.9538684285731
2015-12-06,37.376,31.957348885033117
2015-12-06,70.686,70.86047777777796
2017-07-31,54.816,53.778527249665764
2016-03-19,72.294,72.29400000000032
2017-07-29,2.896,5.0097507489823405
2017-07-29,124.792,127.29488445355547
2016-10-01,330.588,330.5877000000022
2014-03-31,673.568,673.5679999999994
2014-03-31,52.98,50.76893020781962
2017-06-26,526.45,494.9432677375184
2017-07-09,228.92,213.90219423651635
2015-12-14,319.968,316.86100519702757
2017-12-05,205.03,233.08820499999968
2015-09-15,190.86,132.8571767890026
2015-09-15,24.32,26.580903815412327
2016-07-15,44.4,49.75371637759829
2017-04-20,44.4,44.57049662962941
2016-11-15,1016.792,1016.791999999997
2016-11-15,38.136,39.158444367002744
2016-11-26,494.982,495.93967857142957
2017-11-21,56.56,79.85298117623299
2017-11-21,5.56,6.495582969177195
2017-11-21,9.02,9.098132254946165
2017-11-21,8.62,8.711005862395858
2017-11-21,659.976,486.6010295890584
2015-02-15,13.36,13.510368954331327
2015-02-15,41.72,38.3942031805496
2015-02-15,11.52,14.530307029540625
2015-02-15,541.44,540.2001932744123
2015-02-15,19.44,19.829918690842646
2016-04-15,143.7,144.39286465280549
2015-09-28,43.26,45.65718039833661
2015-09-28,43.56,51.39958284238609
2016-09-17,437.85,438.7997954768511
2016-09-17,109.48,108.65851558345197
2017-06-16,1212.96,1212.5787866666703
2017-06-16,18.54,18.551856267473774
2015-11-08,5.0,5.9613299984844605
2015-11-08,371.97,256.8498902597407
2015-12-18,166.24,162.70916742069645
2017-02-06,359.97,358.52071035714374
2016-11-14,499.98,499.95328333333356
2016-11-14,5.28,5.893945687196499
2016-11-14,8.26,10.0916665169954
2017-10-12,7.968,8.961132266133575
2017-09-17,12.96,13.26893104493288
2017-12-20,6.48,6.949721408265435
2017-12-20,6.984,7.896817796113023
2017-12-02,47.96,24.84454256679843
2015-09-21,199.74,214.8270082977215
2015-03-06,435.26,412.6601994047621
2015-03-06,1119.984,1119.9839999999972
2014-10-03,143.432,143.36101388888937
2014-10-03,122.352,150.86763255586033
2014-06-27,306.2,259.8801569288469
2014-06-27,85.98,86.06466888888853
2014-06-27,223.96,221.47226237373678
2017-10-30,97.568,120.85340385398968
2017-10-30,614.272,610.8803868834666
2017-10-30,199.98,196.0884766797377
2016-09-03,48.16,47.232954365508455
2015-03-05,23.92,35.665559313741454
2015-03-05,60.69,59.11364006592596
2016-05-05,14.352,15.2628144454634
2017-11-17,35.04,38.125817773367
2017-06-01,17.48,18.208531795013464
2017-06-10,16.4,15.500499621836225
2017-01-08,892.98,892.9800000000041
2015-04-20,287.97,287.4753117205394
2015-04-20,595.38,839.8914822222232
2015-04-20,12.96,13.195751849261834
2015-11-01,4.95,11.208975654810613
2017-12-23,181.95,127.7504151927663
2015-11-01,13.52,14.991347559431444
2015-11-01,259.7,562.2837066666677
2015-11-01,42.95,37.06570898814406
2015-11-01,1399.93,1399.9299999999942
2015-11-01,503.96,503.08222125506205
2014-11-14,12.72,14.89283221390524
2014-11-14,11.52,14.195259861559771
2016-01-17,316.0,310.5479300093795
2017-09-17,723.92,723.9517194444486
2017-09-17,106.32,106.50516839462942
2016-12-23,141.372,143.97374054628108
2015-08-06,27.216,27.25768395711046
2017-11-05,390.75,669.6171066666674
2017-06-11,280.792,242.50718111111092
2017-06-11,68.448,144.52957432908815
2017-06-11,88.04,54.33776712942631
2017-06-11,15.872,11.025794051471383
2017-06-11,215.592,331.79878902131173
2017-07-20,14.62,14.627878802123396
2017-07-20,416.32,413.60058641249753
2017-07-20,43.0,44.415525373958864
2017-07-20,182.94,192.56456293210886
2017-07-20,60.83,63.97889781193382
2017-07-20,389.97,389.98663333333434
2015-12-23,194.32,194.9334505918579
2017-03-20,265.93,265.03863055555456
2015-12-31,94.74,95.31585944577746
2015-12-31,60.64,61.94400850399476
2015-12-31,76.3,80.26578412835646
2015-12-31,364.8,390.11986825396684
2015-09-15,79.872,86.99730425236359
2015-09-15,46.384,46.54447000000001
2015-09-15,12.96,13.175567989842959
2017-09-23,14.352,15.778372352029486
2015-12-25,547.136,547.1359999999988
2016-09-24,41.96,69.74155806094518
2016-09-24,41.7,44.71650719676706
2017-03-21,277.4,277.4658244536015
2017-03-21,5.78,6.495432493578975
2014-09-30,69.216,77.64780754043583
2017-12-10,10.86,12.195996954695602
2017-12-10,426.79,422.8361587003715
2014-08-23,25.92,26.436637846152674
2014-08-23,45.92,46.72390216322162
2014-08-19,10.72,10.15122150029868
2016-11-10,41.86,34.151292823042624
2014-12-31,63.2,66.44895991902291
2014-12-31,113.97,113.42963302354443
2014-07-26,123.552,131.03052043704514
2016-02-22,490.32,489.35017998076347
2016-03-13,70.08,70.66076204884727
2016-03-13,1.272,1.9041866392740985
2016-03-13,557.585,557.2728641666672
2017-12-02,9.024,12.897435790153375
2017-12-02,69.456,66.41898742895248
2017-12-02,10.86,11.921997951123656
2017-12-02,79.47,75.24693861308724
2017-12-02,10.08,14.977299525081083
2015-08-31,1552.831,1552.8310000000047
2015-08-31,137.24,138.77470819040656
2015-08-31,36.51,36.920119537221
2015-08-31,239.976,240.9665277777781
2014-03-17,1579.746,1579.7459999999967
2014-03-17,1071.576,1071.5760000000007
2014-03-17,613.908,612.8997599999979
2014-03-17,34.86,35.52783151522249
2014-03-17,155.04,187.12756391842476
2017-04-16,13.71,13.254165057183881
2016-03-13,127.88,133.1259580901999
2016-03-13,160.32,157.4117388573746
2016-03-13,46.0,46.77918061307741
2014-11-24,120.712,120.6717999999997
2017-02-10,23.12,24.28492009233635
2016-09-23,532.704,532.4993155555541
2016-09-23,4.912,5.758466476703605
2017-07-07,252.0,253.2040415079365
2016-07-07,60.288,60.21907151515166
2016-07-07,2.632,3.710263574521105
2016-07-07,23.688,24.885029927730454
2016-07-07,253.372,243.23304455842003
2017-01-24,5.67,7.971272040990959
2014-08-19,76.776,75.90586773688165
2014-08-19,9.184,11.82603610230757
2015-12-06,32.75,32.383657165390744
2016-05-06,7.216,6.615090518957531
2016-05-06,49.568,47.863646634424946
2016-05-06,54.712,55.83657769949003
2017-03-25,176.04,169.59310220681456
2017-03-25,16.02,18.944262567312272
2017-03-25,185.92,183.2155952882226
2017-03-25,211.168,201.40570436679354
2017-03-25,479.984,480.65519449735217
2015-12-12,7.86,9.203193590491404
2015-12-12,24.448,25.43696521480019
2015-12-06,6.48,6.938973207403459
2015-12-06,41.86,43.0481606578531
2015-12-06,1619.91,1619.9099999999896
2015-12-06,113.92,117.29558393438595
2016-03-17,39.68,34.67774145331404
2015-11-14,37.6,15.684463661967005
2015-11-14,59.9,61.97427937720781
2015-11-14,37.0,35.003153537355466
2017-08-14,5.76,7.386340991495871
2017-08-14,16.68,14.014153900654907
2017-09-09,628.81,533.3232991671151
2017-09-09,56.45,112.2891290110736
2017-04-01,94.2,126.49314295642539
2017-04-01,28.4,28.784825331392053
2016-09-27,956.6648,956.4426893333346
2017-10-07,1115.91,1115.8351499999967
2017-10-07,128.744,127.12518128977165
2017-10-07,79.92,100.51554909722908
2017-01-20,24.2,24.938411586275695
2017-01-20,359.976,360.1911279999987
2017-03-23,211.84,280.1862044444443
2014-08-01,5.68,6.977843061751563
2015-06-07,7.52,11.666220690864755
2014-11-12,11.96,12.653051377300882
2014-11-12,629.064,407.2649729999991
2016-12-29,754.45,749.7468799603209
2015-07-06,301.96,302.4148111111123
2017-10-12,595.0,591.6878250000001
2017-10-12,79.872,82.58105751969953
2016-05-21,2396.4,2396.4000000000133
2017-11-09,63.56,78.88188252757122
2017-11-09,99.99,100.39752586524646
2016-04-18,230.376,236.40691151820621
2016-04-18,9.664,10.040507061110636
2017-12-25,158.928,158.59931625396817
2017-12-25,13.023,12.803218523755405
2017-12-25,273.06,274.28519488888776
2017-12-25,39.312,38.38351631579543
2016-06-11,1.344,2.1522334951870223
2016-06-11,8.272,8.996256333169182
2016-06-11,12.544,12.984028068783028
2017-05-13,58.48,58.44632017333965
2017-12-28,7.4,10.37588656460093
2014-03-25,366.786,366.9610174999973
2017-05-28,54.368,68.0755756823096
2015-11-14,33.96,36.261809737324405
2015-11-14,826.11,826.1099999999936
2017-07-03,545.85,545.850000000003
2014-11-18,145.98,145.98000000000053
2014-11-18,35.808,35.72980099462596
2017-07-17,7.904,14.550331830070538
2016-05-22,345.0,342.9305132066276
2016-05-22,174.286,197.06045368254019
2016-05-22,662.84,660.2566050865773
2016-05-22,95.1,97.43508234798492
2016-05-22,26.88,27.94110776272031
2016-05-22,257.98,260.61953386728675
2015-09-25,17.48,17.47871569361744
2016-10-31,492.835,515.2927338503365
2015-09-14,269.49,152.39233641458642
2016-11-05,29.12,29.57336470511817
2017-03-17,18.75,19.75387838359948
2017-03-17,119.7,117.14534519895159
2017-03-17,9.144,11.241048560563108
2017-03-17,57.06,60.72368491858612
2017-03-17,71.6,73.61452999127833
2017-03-17,107.44,126.87304058242842
2017-03-17,7.31,7.692374227684444
2017-03-17,59.1,61.63299785382578
2017-03-17,46.53,111.07716874769731
2017-08-15,97.84,93.54499718608142
2015-07-11,29.97,29.235115013031432
2015-07-11,98.352,96.66433243115185
2017-12-03,83.92,85.98045336780098
2017-12-03,14.624,15.571171795226524
2017-12-03,136.99,136.13707205831216
2017-12-03,3.15,4.327952848840463
2017-05-04,9.11,9.171976675738655
2017-05-04,571.44,574.2297190476208
2017-05-04,32.4,32.8967321189718
2017-05-04,16.91,23.376047722783785
2016-01-22,14.272,16.617273790132344
2016-01-22,451.136,449.5492019830678
2016-01-22,64.864,60.49921956228621
2016-11-03,217.584,206.95778619952057
2016-11-03,82.95,88.39161983597923
2016-11-03,87.71,87.68489367333535
2016-11-03,1101.48,1376.1406800000004
2017-09-04,1322.352,490.5554539999997
2014-09-13,5.46,7.410964555561058
2017-06-19,11.184,7.477446852691422
2017-06-19,153.584,151.06795475231388
2017-12-24,1003.62,826.4406307535838
2017-08-28,35.168,62.192317315336474
2017-08-28,1137.75,1137.75
2017-08-28,99.68,97.14298645529695
2017-08-28,5.56,6.48090824717671
2015-01-02,85.52,95.27554382193628
2015-01-02,9.84,9.479153521963651
2015-01-02,20.04,20.493311182482913
2015-10-09,631.96,634.5847773809519
2015-10-09,23.92,23.622259342537095
2014-12-13,90.24,89.47782839268318
2016-09-10,300.93,301.24072333333163
2016-09-10,719.96,704.8917358700153
2014-06-16,647.84,441.7820866666667
2015-09-26,64.17,86.25724325078401
2015-09-26,124.46,124.84691646138337
2016-05-19,9.584,9.997730068095073
2017-06-22,37.608,37.10366783418424
2017-06-17,12.224,12.780832979628151
2017-06-17,2.304,2.840244246844452
2017-06-17,9.36,9.990496341637359
2016-11-14,7.38,8.50398187473968
2014-07-25,53.72,106.82263914751502
2014-07-25,77.92,136.10025573518084
2015-07-02,32.784,37.88646614529912
2017-03-02,196.776,146.3584240123927
2017-03-02,479.94,226.97075499999977
2016-11-18,1117.92,815.1833284308691
2015-04-18,106.5,109.06493539562291
2017-12-02,45.66,44.78088474678739
2016-11-11,95.968,85.80812142637025
2016-11-11,47.992,61.7340961539216
2014-09-05,264.32,277.19606471600935
2014-11-15,604.656,604.1628311111091
2017-05-02,129.93,108.27366918048806
2016-10-15,20.16,21.456284776553414
2016-10-15,29.46,30.357388581172085
2016-10-15,868.59,868.6829666666637
2016-10-15,12.96,13.180114486579633
2016-10-15,5.5,6.8626361158077955
2016-10-15,121.6,122.13423728667144
2015-04-06,42.048,36.27556440915381
2015-04-06,25.488,27.986638228200892
2015-04-06,6.9,7.436104205293497
2015-04-06,9.648,10.208148578385064
2015-04-06,7.968,9.108912365342944
2014-10-24,10.368,10.648586590445383
2014-08-17,114.2,113.05955834786296
2014-08-17,17.96,19.386485561200164
2014-08-17,12.67,14.0893674919177
2014-08-17,339.96,340.5529663888905
2017-08-15,1801.632,1801.6319999999942
2015-09-06,46.32,51.743111128917434
2015-01-27,181.986,178.25566948995777
2015-01-27,431.976,432.54420357142664
2015-01-27,155.37,121.484471642857
2015-07-16,1348.704,948.9084411111121
2015-07-16,700.152,701.1328489523823
2016-04-30,111.888,111.69756312157779
2014-09-26,143.952,119.16268051761135
2016-09-08,173.94,182.22150655567413
2016-09-08,14.76,15.69455745303528
2017-04-16,205.92,177.6695002232637
2017-04-16,102.833,216.16200133333314
2015-08-16,2.304,3.4708160437900273
2015-08-16,1879.96,1879.9600000000057
2015-08-16,313.024,312.5738004021169
2015-08-16,5.04,6.551194507444799
2017-11-19,821.88,821.9167333333364
2017-11-19,21.96,23.913441508041792
2016-09-14,25.92,26.493784075377928
2016-08-15,705.544,781.2875758043047
2015-09-26,50.0,48.40143913406839
2016-10-08,51.712,51.691970562770464
2015-03-24,6.992,6.365557638338567
2015-05-31,1406.86,1406.8599999999906
2015-05-31,15.75,16.91711581224828
2015-05-31,323.1,324.6767375006334
2015-12-25,9.216,11.32144171056918
2015-12-25,10.368,10.648750048094337
2015-03-17,15.02,15.247615558223854
2015-03-17,33.82,48.20394485449601
2017-12-21,71.0,125.99647015351918
2017-11-01,25.12,24.03774404281565
2017-09-07,478.08,479.4489867320264
2017-12-27,164.388,179.01058920766633
2017-12-27,13.248,18.92585862056391
2017-07-16,2.912,6.723347176753741
2016-08-12,1399.944,1399.9440000000038
2017-07-09,526.45,512.1353477375187
2014-11-22,16.23,17.33991719930651
2014-11-22,319.9,319.92326979242875
2014-11-22,11.36,12.356823266543067
2014-11-22,675.12,675.1875333333305
2014-01-26,62.82,69.66717906442449
2014-01-26,489.92,490.3068608108622
2014-01-26,19.44,19.831632973595138
2014-01-26,16.68,17.458017848498056
2014-01-26,155.35,155.1065592592584
2014-01-26,12.42,13.014754356801175
2014-01-26,187.98,187.1620083636797
2015-11-03,6.608,8.016213772516476
2017-06-30,248.57,256.2532914027699
2017-06-30,22.23,24.13017914997691
2016-05-05,5.98,16.632215861327357
2016-05-05,246.168,242.99938793833334
2016-09-08,14.136,14.003824677489165
2016-09-08,601.47,601.4700000000009
2017-11-24,79.1,83.20802950910173
2017-11-24,327.84,327.5511906349185
2017-05-13,180.96,179.92272085718608
2017-05-13,914.97,914.9699999999998
2017-05-13,587.97,587.5459607352951
2017-05-13,530.34,525.184940444442
2017-05-13,14.94,16.27575770210068
2017-04-23,121.94,121.15281539183823
2017-04-23,122.71,124.77927523478773
2016-06-04,14.94,15.772278903677174
2016-06-04,1349.85,1349.8499999999945
2016-06-04,136.784,136.91357455555524
2016-06-04,61.12,71.35104222702846
2014-12-16,1.167,1.868735244006089
2016-03-04,16.99,15.009401284553276
2014-11-25,24.672,30.487512921927326
2014-11-25,2.52,3.6622694856632796
2014-11-25,1218.735,1218.7349999999913
2014-11-25,5.904,7.023389233085679
2014-11-25,15.696,15.499293698340576
2014-11-25,6.096,6.3852112964257985
2016-04-28,41.568,80.36036045236352
2014-04-26,230.28,229.45785761359772
2014-04-26,18.288,19.029583087064108
2017-04-01,5.78,7.336933202642742
2017-04-01,121.68,117.88601228070047
2017-12-22,4.17,6.7037501885378825
2017-12-22,67.04,70.99769386678157
2017-12-22,37.32,85.55850699355206
2017-12-22,18.45,19.0620172340148
2014-12-03,25.92,26.43889398650355
2017-10-22,2399.6,2399.5999999999867
2017-10-22,63.9,63.271730837507164
2017-10-22,52.99,50.76002894673596
2017-11-13,60.864,58.14717319937979
2017-11-13,652.995,652.9949999999973
2017-11-13,11.22,10.833998334951888
2015-09-10,14.94,15.772850332248602
2017-05-15,39.96,44.792330400077844
2017-05-15,42.624,64.99493994961445
2017-05-15,220.96,220.85520888888826
2015-07-05,4.928,18.179823109807
2015-07-05,7.23,7.884344847735755
2015-08-15,323.1,323.30761842655926
2017-06-12,19.04,20.34394710707639
2017-06-12,13.128,14.1944836355315
2017-06-12,64.14,53.81426147515646
2017-06-12,858.24,776.4443785185192
2015-02-20,29.99,29.00430168692063
2016-12-29,186.048,186.43248944226067
2016-04-17,36.792,39.37557842734989
2016-04-17,18.624,22.148175569467394
2014-09-07,57.69,90.96179284841394
2014-09-07,42.81,44.367049587581526
2014-09-07,12.96,13.186923782044127
2014-09-07,821.88,821.9167333333364
2014-09-07,104.85,103.45439173718535
2016-09-26,424.9575,503.66236321163984
2017-09-17,10.776,12.286725725439169
2017-09-17,11.784,13.822440137598287
2017-09-17,164.88,165.096863806994
2017-09-17,1292.94,1291.295057500002
2017-09-17,25.584,25.576940505975916
2017-09-17,261.74,266.96452259923785
2017-09-17,14.4,16.01408852188782
2016-08-16,10.86,12.15427578178339
2015-12-24,883.84,884.3178059523783
2017-11-28,1979.89,1979.8900000000106
2017-11-28,79.96,79.56249540078686
2017-04-14,8.76,10.621442072292847
2016-05-01,3.984,4.422156080620221
2016-05-01,370.62,371.2667403571417
2016-05-01,2.742,3.3309249946702737
2016-10-01,79.512,80.8034617897281
2016-10-01,28.352,27.05287460358828
2015-08-25,40.784,42.0843861111109
2015-08-25,105.96,104.30787179476742
2014-09-09,166.44,166.09036908366247
2014-09-09,785.88,786.1392750000031
2014-09-09,26.2,27.16332563553979
2014-09-09,1325.85,1325.8499999999947
2017-12-03,166.44,165.97897026322357
2017-11-27,8.76,13.000176013329982
2017-11-27,43.584,36.57230699138247
2014-06-21,11.088,11.158535651252572
2014-06-21,25.164,23.059656414834294
2017-01-21,14.4,16.811611419216312
2017-01-21,619.95,619.9084166666687
2017-01-21,89.52,90.5795034878846
2017-01-21,350.973,351.0485908333323
2017-01-21,164.99,164.74094154761883
2017-06-29,312.552,312.2600393650791
2016-09-06,95.952,92.28065291872318
2016-09-06,3.204,3.6782548552570695
2016-08-04,3.98,4.341760888330542
2015-11-12,15.7,17.095075848272494
2014-06-30,5.248,14.1917215633056
2017-12-04,5.346,5.916079253484113
2016-08-28,15.48,16.041433016782413
2016-08-28,108.576,103.34560537529806
2016-01-22,109.9,109.44947167591059
2014-10-15,15.384,16.45946884385229
2016-02-07,30.352,29.416373626376394
2014-03-18,821.3,821.0208888888847
2014-03-18,21.376,21.447609682788165
2014-03-18,8.016,8.828772558877798
2014-03-18,30.768,32.35520359354188
2014-03-18,18.936,17.796710386978315
2014-03-18,122.352,124.82740909886374
2014-05-24,116.28,117.13526150243956
2017-07-11,132.6,101.88802071328155
2017-06-16,16.68,43.37470015417805
2017-06-16,19.44,19.830434710707443
2017-06-16,192.16,192.52507932601293
2015-01-30,227.36,227.87042755291046
2015-01-30,1919.976,1919.9760000000115
2015-12-11,12.828,11.751002017160001
2017-10-09,45.888,40.85207452516948
2017-07-29,60.12,61.521220282056966
2014-04-25,302.376,301.11223310286545
2015-12-01,13.9,16.9891737877938
2014-12-04,129.98,134.92828171023993
2017-08-26,71.98,68.5374570496346
2014-09-07,377.97,413.64931536195377
2017-12-21,124.36,372.0082964674916
2014-12-06,23.976,24.009182833333234
2014-11-04,8.376,9.506415675054763
2014-11-04,58.24,51.90684993711259
2016-04-14,81.2,147.0007927068245
2014-10-04,14.45,15.810817497980421
2014-10-04,95.648,93.6443754211667
2017-11-07,359.97,358.6736084523818
2017-11-07,350.352,350.3246466666659
2017-12-22,1.641,2.609213401504592
2017-12-22,629.958,631.4881902380985
2017-02-13,6.63,7.851175796964623
2017-02-13,799.96,799.9599999999979
2017-02-13,107.53,104.86860645012018
2014-07-02,73.98,74.86228487498579
2014-07-02,5.58,7.044622106980897
2015-02-21,49.12,48.79399149995453
2015-11-13,377.97,376.35715833549875
2015-11-13,42.28,42.09726177700876
2015-11-13,299.97,300.8753351545685
2015-11-13,89.98,94.71832720702614
2017-04-16,477.24,415.54619350974247
2017-04-16,25.98,26.797343543015156
2016-02-25,46.72,52.474249569210656
2014-11-04,35.34,38.78208153055071
2015-06-20,257.64,258.1526771825392
2015-06-20,125.976,172.37713016404015
2017-08-07,79.992,80.83421384640916
2014-05-12,700.056,699.8484533333362
2015-11-22,27.168,31.792079013327196
2015-12-04,8.226,7.867662222466261
2014-06-08,585.552,589.736896619046
2014-08-08,423.28,424.445183968253
2014-05-26,225.296,228.28486101165802
2015-04-17,5.56,7.558544898557138
2015-04-17,323.37,323.4095458333326
2015-04-17,783.96,792.0469186723241
2015-04-17,1447.65,1413.4657171428548
2015-04-17,11.96,12.66241607606035
2016-06-11,239.97,238.51027641053463
2016-03-11,76.92,157.01137708690717
2016-03-11,481.32,489.19109933123605
2014-05-26,48.4,48.969104835996355
2017-10-12,0.99,1.7355594570478596
2017-10-12,101.84,102.76161812956164
2017-06-22,10.332,9.942441093130936
2017-06-22,31.155,31.328948373936377
2017-06-22,8.928,31.36668468685173
2017-01-15,34.384,33.251121816080506
2017-01-15,1924.16,1924.1599999999926
2015-04-02,32.192,34.879154707390654
2015-04-02,50.12,49.54201826540968
2015-04-02,47.976,46.065056753951126
2016-09-03,54.5,104.80798535466442
2017-12-10,19.104,25.13475882204332
2016-11-22,49.44,52.04629392607439
2017-11-11,10.368,10.678467932433556
2016-10-21,154.44,122.01718119259448
2015-12-21,60.984,45.30668183202097
2015-07-17,195.466,258.50146465409983
2017-04-30,23.68,26.57343378796209
2017-04-30,2.376,65.20627989146836
2017-05-06,59.2,64.77790049327268
2017-11-20,22.0,32.24772775865348
2016-11-11,257.98,260.05684108950896
2016-11-05,23.988,38.465816467200405
2016-10-09,23.976,76.44471587693393
2015-09-21,601.536,554.6321323116061
2015-09-21,7.9,7.698781028940237
2014-12-02,58.36,56.90773607936528
2014-12-02,16.464,16.98560079970241
2014-12-02,39.96,40.691727412698185
2014-09-21,25.96,25.773857021041525
2014-09-21,36.27,37.559975963691215
2014-09-21,6.48,6.959349384416832
2014-04-12,1075.088,1070.8251435555503
2014-04-12,438.368,435.13117250169523
2014-04-12,18.088,20.918433843797732
2014-04-12,308.499,301.43080818631296
2017-10-20,13.36,13.645324066693718
2017-10-20,39.96,40.61276387761889
2017-10-20,145.85,147.6620480499596
2016-10-25,783.96,790.4822431851837
2015-11-01,7.88,8.458577356391705
2017-11-03,41.37,43.43299558011534
2015-05-12,12.84,13.31355705587162
2015-05-12,25.68,25.82919743081126
2015-09-07,47.516,58.41709755525968
2015-07-25,9.42,6.7267581726473065
2015-07-25,12.96,13.162243805462674
2015-07-25,704.9,704.7044033333298
2015-07-25,561.568,540.8870850821493
2015-11-16,179.82,180.36193953227408
2015-11-16,185.58,185.7565022222234
2015-11-16,214.11,214.4485544444449
2015-11-16,999.96,999.9600000000004
2015-11-16,653.55,653.5499999999975
2015-09-01,114.6,114.43440298777202
2015-09-01,60.74,61.987616666666675
2015-09-01,124.36,120.25290293072094
2015-09-01,1088.76,1088.559973333338
2016-05-05,6.72,11.416375625523973
2016-05-05,298.776,548.624032666667
2016-12-31,302.376,283.2273863826335
2017-09-18,8.928,6.673658527463111
2017-09-18,47.584,44.523326481941524
2014-09-25,33.792,32.1086924093747
2014-09-25,300.5328,300.6048481904769
2014-09-25,2.724,3.161057614124131
2014-09-25,3.264,5.836112382133933
2016-04-23,108.336,115.46188435966768
2016-04-23,55.92,74.30098270732105
2016-04-23,78.304,79.71088633508667
2014-11-01,443.92,444.44891022222095
2014-11-01,155.976,172.14616486691136
2017-01-26,15.47,15.542329888890606
2017-01-26,7.16,9.305032216791103
2017-11-11,10.89,10.651903191881647
2017-11-11,19.44,19.815076149636273
2017-11-11,121.6,117.34635305623488
2016-06-09,695.7,694.0105166666697
2015-09-03,120.33,121.48440381820117
2014-03-14,1139.92,1139.9090500000004
2017-08-31,229.544,230.2081421326829
2017-03-23,143.728,152.7363929570212
2017-05-18,36.048,37.54463679729407
2016-12-27,845.488,513.7084435648136
2017-11-17,50.94,46.58115243358088
2017-09-10,762.594,762.594000000004
2017-04-08,56.28,56.24815246468923
2016-11-28,7.434,7.963637713358586
2016-06-02,64.784,62.91502410435655
2017-12-17,28.16,28.17985563097685
2016-03-19,14.98,16.404016198097587
2016-03-19,20.32,21.559366947074178
2017-08-20,40.29,116.58107270699395
2017-07-25,20.23,21.136267029712165
2016-08-26,1603.136,1587.593261063491
2016-08-15,225.296,191.70199732866107
2017-05-19,67.8,65.25871882833871
2017-05-19,377.97,376.43936419528706
2017-05-19,1628.82,1641.2003000000025
2017-05-19,286.93,286.8331647313783
2017-08-12,20.736,20.885416757929317
2017-08-13,31.44,98.16816453455989
2017-08-13,83.79,80.65724901111163
2017-08-13,59.52,53.312218044366745
2017-08-13,31.92,37.71461536714844
2016-11-10,14.72,18.141152129597184
2016-11-10,38.976,54.262894311634085
2017-06-12,17.088,20.433536880181776
2014-03-22,74.352,70.94451882050389
2014-03-22,314.352,305.1336841425256
2017-06-15,4.26,5.7997700420440195
2017-11-16,811.28,376.03140560732123
2017-12-29,6.03,8.30213434889959
2016-01-21,153.568,428.18613390700006
2016-01-21,1013.488,1015.636851111117
2016-01-15,52.34,52.74352415170719
2016-01-15,4.66,6.262766893689288
2016-01-15,254.97,254.72867333333414
2016-09-19,25.44,27.822912062194828
2016-09-19,27.93,31.526079361379878
2014-02-21,8.85,8.808259806776675
2016-11-11,6.96,9.68562153669223
2016-01-30,17.456,17.65392527307383
2016-10-18,307.92,320.67857590023016
2017-12-18,6.63,7.74113545029172
2017-12-18,12.96,13.159306117106032
2017-12-18,32.4,32.91116490144087
2017-11-02,23.85,23.71172596869133
2014-04-29,51.96,52.59915377777739
2014-04-29,17.94,19.321330555981014
2017-10-23,11.56,12.42122913750484
2017-10-23,26.4,26.184307108205818
2017-10-23,69.08,71.1172732917912
2017-10-23,35.88,64.47462365385073
2014-03-30,49.65,55.919649164294
2016-01-04,959.968,723.1789999999972
2015-04-26,408.422,384.9072272666684
2015-09-12,479.984,480.2564996825374
2015-09-12,12.6,14.018726147648868
2017-09-11,184.66,183.75961171053626
2016-06-12,23.12,23.917536842814016
2016-06-27,37.464,34.44813954451068
2016-06-27,539.658,490.1256749422306
2014-09-26,310.12,311.4110808423828
2017-11-03,8.56,9.500660453924189
2017-11-03,52.4,130.51464818300954
2017-11-03,14.94,15.22143618737126
2017-02-19,11.22,7.687538568765544
2015-11-05,387.136,357.4403132310135
2014-06-16,41.4,42.00507981248334
2014-06-16,35.0,33.34010587709146
2014-06-16,39.552,41.57171641707538
2015-10-12,135.72,134.23367123604783
2015-10-12,12.56,13.201735919553888
2015-10-12,263.96,264.38755655603694
2017-08-27,5.952,4.4165903344933755
2016-11-23,15.8,13.072197820748464
2016-11-23,14.368,19.413181186088188
2016-11-23,70.448,68.81022054260711
2017-01-30,129.3,101.02979692877513
2015-11-30,3.882,3.9300147838202415
2014-06-28,6.08,6.946397284487025
2014-09-02,19.9,23.803162902330964
2014-09-02,70.71,65.21291556714472
2017-07-10,18.84,20.553879845215548
2017-06-04,8.64,9.089671725716542
2017-10-19,1633.188,1633.1880000000092
2017-11-18,19.76,22.197158454494915
2015-08-08,6.608,8.49572650553289
2015-08-08,7.28,9.56407959275757
2015-08-08,144.784,143.86502537037012
2016-12-06,156.792,132.17223450322678
2016-12-06,431.976,266.7890748336381
2016-12-06,35.89,35.6307007552605
2016-12-06,47.208,46.45821061024984
2016-12-06,248.08,271.29060988095296
2016-12-06,189.7,189.18464779820226
2016-12-06,59.808,55.72214132927814
2017-03-25,90.99,82.78692888888885
2017-03-25,1526.56,1526.559999999998
2017-03-25,368.97,363.339756213676
2017-11-19,305.01,306.53509401241905
2017-11-19,18.7,19.635321327479485
2016-11-04,38.29,40.99046031037086
2017-12-14,26.25,31.81500706300839
2017-12-14,64.96,65.14065538723762
2017-12-14,43.7,44.01669715443745
2017-11-12,41.6,45.14028492621149
2017-11-12,23.12,23.853824782793254
2017-11-12,113.888,133.6450927698627
2017-11-12,113.568,112.09800749078626
2017-11-12,7.92,31.862914463470698
2017-11-12,671.984,536.9914788459769
2016-08-18,39.99,39.72105394789334
2017-06-27,191.646,197.7397687810817
2017-05-04,2.313,2.9007012247885617
2015-12-24,19.936,21.511631242595406
2015-12-24,45.92,46.41418795181534
2017-04-26,20.34,19.941207606250753
2017-04-26,39.28,40.80580265503321
2017-12-16,81.568,117.5444715072368
2017-12-16,97.184,106.4653075627925
2017-12-16,24.32,24.735268174542764
2017-12-16,18.96,19.81597182973627
2014-12-27,32.952,33.20687074603176
2014-12-27,30.016,49.637732092951246
2017-11-06,499.584,487.3334079032857
2017-11-06,31.104,31.011106600391194
2017-11-06,13.272,14.298636563671826
2017-11-06,28.272,28.164328481462636
2017-11-06,259.136,387.54005255889746
2017-12-16,10.8,13.750410563311188
2015-05-07,244.006,242.8061877936508
2015-05-07,15.936,16.634823405082642
2017-12-04,188.552,212.28952866919312
2017-10-03,22.58,43.676141019483076
2014-01-13,545.94,546.0977200000017
2015-06-12,20.736,20.88654644634838
2015-06-12,43.296,39.418994084099666
2014-07-12,123.136,137.18618746493047
2014-07-12,11.264,13.610272117899099
2014-12-06,53.424,67.72822865765399
2014-12-06,275.49,275.4900000000006
2016-05-25,24.96,23.694447345341572
2016-05-25,19.36,19.441484701844907
2016-05-25,1267.65,565.2081639682533
2016-02-21,12.99,13.154037669815839
2016-02-21,18.56,19.949875398338996
2016-02-21,449.15,321.60324860937845
2016-02-21,31.248,32.910849643613695
2016-10-02,61.44,57.94096958542734
2017-03-11,895.92,896.477983809529
2016-09-09,55.36,54.42976550112536
2014-07-14,55.92,96.39729837578825
2014-06-21,24.896,25.12648840961931
2014-06-21,3.984,14.157043814830091
2014-06-21,95.968,98.65715909359982
2014-06-21,206.991,206.99100000000132
2014-06-21,44.416,32.657570571711666
2014-06-21,9.006,9.226497099746378
2015-07-05,19.0,20.864220646782453
2017-12-16,33.376,33.12995913464283
2016-09-08,207.48,203.7767185943785
2014-05-17,91.68,94.23768095140237
2017-10-13,904.9,905.1951499999966
2014-10-24,34.272,33.40180716112865
2016-12-05,191.82,192.4942618055553
2016-07-25,243.88,288.3508174854875
2017-04-17,12.03,12.216752410012003
2017-04-17,21.594,20.82782152629541
2017-04-17,8.964,8.984314742625848
2017-04-17,20.736,20.884806709823952
2015-09-17,344.22,342.88675822222314
2016-08-23,727.296,727.0608306666683
2016-08-23,22.608,22.47564939397648
2016-08-23,666.4,665.609466666663
2015-11-08,5.04,7.537316792968345
2015-11-08,92.94,92.12140661737331
2015-11-08,66.69,85.48669915557008
2015-11-08,91.68,87.46921839477761
2017-11-17,327.7328,173.97352823809547
2015-11-08,52.272,52.03536491019044
2015-11-08,17.94,17.975395374762098
2017-04-22,254.352,231.96384351975155
2014-08-24,8.288,9.525677665783938
2017-12-17,504.9,502.9440233333305
2016-03-24,403.168,362.6206111842614
2015-09-21,194.32,409.72031778095163
2015-09-21,25.99,23.138241682636878
2016-11-21,195.136,207.53392764911
2017-09-16,20.736,20.883832589675347
2015-06-11,53.7,108.95308193531612
2015-06-11,36.26,36.705289328678255
2015-06-11,56.3,51.48481782916813
2015-06-11,32.4,32.863098399060476
2015-06-11,29.16,33.07273423331179
2017-10-03,171.288,232.5424533333329
2016-05-05,16.72,19.901037717111695
2017-09-11,12.96,13.160187140810669
2017-09-11,22.18,22.98263045107797
2017-09-11,2054.272,1397.4339666666644
2015-04-30,1022.97,1251.2921259999957
2017-11-06,13.9,13.052343110508252
2017-11-06,26.38,28.45958610666803
2014-09-30,43.176,39.923405277822006
2017-04-02,411.8,411.800000000002
2017-04-02,360.0,359.52993305555555
2017-10-06,41.96,28.89773207114993
2017-10-06,227.84,230.80088025806185
2017-10-06,37.94,39.24575513571635
2016-04-09,517.9,484.87207258002405
2016-04-09,5.28,7.562240687793493
2017-10-19,8.96,10.627061647464288
2017-10-19,31.5,32.30707037124471
2017-10-19,30.56,32.691878430231036
2017-10-19,24.368,25.136613333333486
2016-11-07,119.976,115.91869519173042
2017-03-03,26.88,29.73673189197765
2015-11-27,83.97,90.40191099644512
2015-11-27,104.97,37.7189340235551
2017-03-13,90.8,129.8200237794514
2017-03-13,140.736,164.932727342
2017-03-13,214.95,229.53910277777788
2017-03-13,45.36,46.00248433699272
2017-03-13,288.24,287.93380806471384
2017-11-30,663.936,657.5588858528106
2014-11-17,124.41,102.45986708741577
2014-11-17,57.75,71.08156146555802
2016-01-03,114.46,209.59712407683068
2015-10-03,120.666,272.1280959907011
2014-07-20,342.864,339.09164066224844
2014-07-20,16.74,17.133301373015776
2014-07-20,981.372,981.3719999999995
2014-05-21,31.84,32.47125418136201
2017-09-04,12.96,13.160187140810669
2017-09-04,43.176,91.06650895425028
2017-05-27,58.34,60.415869952808436
2017-05-27,539.97,537.1997508278877
2014-01-28,3.928,5.017989688111602
2017-02-09,252.784,252.7839999999997
2017-02-09,127.984,57.11405906705442
2017-02-09,3.984,4.034981375661377
2017-02-09,12.992,14.710246960772274
2017-03-31,61.0,64.38876491463024
2017-03-31,671.93,671.9961861111066
2016-03-03,447.86,486.923492222221
2016-03-03,479.95,479.3428200645839
2016-03-03,166.44,166.2552825098659
2015-08-23,31.68,38.364667666999445
2015-08-23,10.368,10.665496419002123
2015-08-23,12.032,20.25447423806867
2015-08-23,5.768,5.919762565426803
2017-04-27,33.12,32.75053446838197
2017-04-27,220.2656,227.05806788540352
2017-04-14,10.776,12.534859405766873
2017-04-14,242.352,246.15505159150945
2017-12-22,695.16,464.9831461436714
2017-12-22,220.98,220.79688888889024
2016-12-08,12.957,12.943797054059411
2017-03-23,25.68,25.750936823828663
2016-07-25,15.712,16.72829553586459
2017-07-10,298.464,290.8409947902654
2016-07-17,21.93,21.854818024196582
2016-07-17,242.94,161.41903016998737
2016-07-17,7.64,8.343935212845514
2016-07-17,51.84,52.66456264197084
2016-07-17,265.17,262.172595107647
2016-08-23,837.6,410.2571337037023
2016-08-23,135.9,137.70773109700994
2016-08-23,34.68,36.02930540763221
2016-08-23,532.704,521.5185041322223
2016-08-23,43.1,42.69905932301364
2016-08-23,15.88,19.457677124959897
2015-06-11,1123.92,1117.4714740000009
2015-06-11,249.584,250.42004076038793
2015-06-11,48.672,39.671320356921136
2015-06-11,60.768,40.68510102576055
2015-06-11,78.6,78.06989126738553
2015-06-11,3.768,4.376435820475243
2015-06-11,1036.624,724.1992121212127
2015-06-11,563.808,503.7798327029443
2017-09-08,258.528,255.5619532610944
2017-10-02,49.12,48.69090365825388
2014-12-16,44.46,46.09423572290703
2014-12-16,241.568,243.96321166069532
2014-12-16,395.0,389.18111600673416
2014-12-16,627.168,527.5391053688134
2014-08-24,13.28,14.782123565007156
2014-08-24,12.672,14.699492675459327
2017-11-12,30.56,30.318517219340738
2017-11-12,77.952,110.3418778397823
2017-11-12,67.992,71.49199425292736
2017-11-12,12.224,13.75729185931166
2017-11-12,44.784,42.58223731648934
2017-11-12,22.848,23.030514365079327
2015-04-25,206.43,213.10757871886312
2014-12-12,210.392,268.75927666666684
2017-09-25,119.96,120.60068558078899
2017-09-25,10.608,12.853064874283998
2016-09-05,347.802,372.09708504980796
2017-02-11,963.136,963.1481288888878
2017-02-11,88.776,95.71651899791595
2014-06-30,32.4,32.143569378726134
2016-06-07,32.4,32.87237684850674
2014-12-20,31.05,31.630003748696065
2015-12-15,2025.36,2025.3599999999892
2015-12-15,1799.994,1799.9940000000033
2015-12-15,101.988,94.44338889303381
2015-12-15,262.864,419.8551548148154
2017-07-20,735.98,735.9800000000035
2014-08-03,93.024,96.08939667331157
2015-08-24,284.364,284.27361106349304
2015-08-24,26.0,47.98726512451586
2016-03-26,67.64,79.52767826748112
2016-03-26,119.976,122.55530060954923
2014-09-12,5.18,5.290909486712937
2014-09-21,15.56,15.579579316861318
2014-09-21,78.35,78.06330246073021
2014-09-21,59.52,52.44912210411283
2014-09-21,38.52,37.76888224672114
2014-09-21,239.984,235.5336411878443
2014-09-21,19.35,20.13316011447611
2016-10-29,67.0,72.16706205030331
2016-05-28,390.272,398.1170609334047
2016-05-28,62.192,59.95457952854956
2017-12-21,23.88,25.75109714516282
2016-03-21,3.168,3.4258253814142705
2016-03-21,528.43,522.7123891464487
2016-03-21,13.392,10.459118170673012
2017-11-11,181.86,177.98867109326866
2017-09-23,180.588,154.34786500000047
2017-09-23,47.984,46.382141893507224
2017-09-10,18.76,18.99900238759211
2017-12-05,20.94,20.746068792388183
2017-12-05,58.68,56.5184416485775
2017-12-05,254.9,250.57252360214946
2017-11-09,9.64,11.052292485330659
2017-11-09,826.62,826.6199999999969
2017-11-09,1633.14,1633.14000000001
2017-11-09,544.38,544.3552824603197
2014-11-07,26.046,26.01894653940511
2014-11-07,74.352,75.70311031522293
2017-03-12,69.93,73.4348527386341
2017-10-20,3.75,4.809682213742625
2017-10-20,20.928,22.574509308153345
2015-12-27,12.672,49.526529957670796
2017-10-02,65.99,65.61954433862446
2017-06-04,6.37,6.464893807624327
2014-09-01,3.648,3.89927311724516
2014-09-01,31.104,31.1208929524581
2016-08-08,23.34,12.151699496254343
2017-07-22,29.97,38.79135316607792
2015-07-10,3.366,3.796209206090585
2014-12-01,95.968,98.94684697891122
2017-12-18,18.704,19.861223276184372
2014-05-18,149.232,122.90404880439829
2014-05-18,15.936,17.171033967457053
2014-11-10,601.536,594.7652125645814
2014-11-10,10.99,11.859919391466155
2014-11-10,39.88,39.266315830952486
2014-11-10,62.24,60.45054192415255
2014-11-10,53.2,53.01587917280645
2014-11-10,39.84,39.71048352733748
2016-01-09,349.95,349.1501408333316
2016-01-09,377.928,377.92799999999994
2017-09-22,13.392,15.857605860130871
2017-09-22,11.228,11.352326858596777
2014-12-23,207.24,205.1390050283776
2016-05-26,1.504,3.2633646671560976
2016-05-26,34.848,38.383885256784744
2017-07-08,75.18,74.79370480069082
2014-05-13,149.97,150.1997716565662
2017-11-10,931.176,936.6275533333356
2017-11-10,430.88,430.48670983895886
2015-10-02,94.85,95.37354459494514
2015-10-02,51.12,50.284823961802665
2015-10-02,90.0,90.53080883129833
2014-10-02,9.408,10.241319503323592
2014-10-02,4.672,6.235287694521217
2014-10-02,318.4,899.3145075555545
2014-10-02,12.768,14.893780168649279
2014-10-02,15.36,17.62159088362065
2014-10-02,230.376,218.93980071594314
2014-10-02,7.16,7.988155523724761
2014-08-11,375.34,324.4910000575321
2017-09-01,114.9,114.84661745092257
2017-04-16,26.046,26.066008523532094
2017-04-16,2.896,3.104385089613207
2017-04-16,32.544,38.489109606947544
2016-04-24,3.984,5.289025229059945
2016-01-15,181.797,148.84927299999998
2016-05-02,44.94,97.66118198230511
2016-05-02,45.576,47.45053233408845
2016-11-20,318.43,333.7202626910629
2016-11-20,122.92,148.03249037958025
2016-11-20,7.068,7.093563914862913
2016-02-01,56.45,115.70951427079359
2017-03-31,13.468,13.543271383112426
2017-12-01,219.8,215.28317702328053
2017-12-01,317.058,312.9183193649254
2017-12-10,49.08,48.371797113738594
2017-12-10,324.9,278.8620934461305
2017-12-10,18.24,16.146581434402574
2016-09-17,113.888,127.81542055103627
2016-09-17,105.584,96.13803256380034
2016-12-23,24.85,25.093413807078385
2017-04-17,60.312,52.59068506010765
2017-10-27,7.056,11.979795779651804
2017-10-27,27.184,34.4870719275981
2016-07-08,107.984,105.54408590921953
2016-07-08,19.296,18.806415739820572
2015-08-09,4.608,6.336209617346937
2016-12-09,79.974,79.93761749999958
2016-12-09,2.946,3.3964091531665854
2016-11-13,3.136,3.404929717835083
2014-11-14,20.736,20.853829430470253
2014-11-17,99.98,43.678510173334026
2014-11-17,733.95,735.0478838095273
2014-11-17,241.44,242.05047601392678
2016-03-04,10.08,11.766462506135227
2014-10-11,281.904,110.49721411778252
2014-10-11,201.432,199.80880345591174
2014-05-22,135.98,134.35132428177107
2014-05-22,44.95,46.29268319210401
2014-07-15,2.97,4.828295056814111
2014-07-15,6.54,8.184297172795736
2015-12-27,7.92,8.909406121226306
2015-02-09,203.92,216.78834649631136
2017-11-02,18.24,19.410403293087203
2017-11-02,27.78,29.162326284742168
2014-04-05,22.96,23.292058488129857
2014-04-05,28.99,29.45552176180729
2014-04-05,12.96,13.301041025087146
2014-04-05,22.96,21.79684885238402
2014-09-17,47.984,48.57747221083109
2014-09-17,4.624,5.297882154869022
2014-09-30,15.24,16.1682836203417
2014-09-12,63.924,63.411188605717896
2017-02-20,6.56,7.099733767414121
2017-02-20,13.11,13.356592420624738
2015-12-13,494.376,479.6728406995598
2015-12-13,29.2,29.92123660845718
2015-12-13,248.85,241.57055322486738
2015-12-13,36.24,36.413154415026156
2016-10-30,11.68,11.36743836968206
2014-12-26,11.91,15.545820554162228
2014-12-26,3.48,4.393088643755801
2014-08-15,30.96,31.016318290905115
2017-10-01,1704.89,2111.3462933333335
2015-05-23,19.194,18.25802164451853
2015-05-23,121.792,121.7941945197602
2017-11-16,1919.976,1919.9760000000115
2014-11-18,50.997,50.59406097713841
2014-11-18,76.792,77.55181890458367
2014-11-18,539.964,539.9276952380994
2014-11-18,60.312,52.591530172504456
2014-11-18,1.944,2.9909760504453886
2014-12-30,12.984,15.169388958566048
2014-12-30,217.584,200.70011928861885
2014-12-30,328.776,286.33528864432424
2014-12-30,2.286,2.635566650027108
2014-12-30,47.984,49.00730501355279
2015-11-05,25.344,27.58091616349626
2016-09-17,232.4,232.4910328854299
2016-03-20,86.45,165.61389665629727
2014-09-27,603.92,601.0644268592614
2014-09-27,81.98,83.4549596617252
2017-12-24,271.764,269.079179098973
2017-12-24,14.376,15.978329373026867
2017-11-10,341.96,341.96000000000186
2015-09-11,181.35,174.82928366042108
2015-09-11,8.64,10.256507612187043
2014-12-20,43.512,40.725156048369485
2014-12-20,662.88,662.5238033333359
2014-12-20,25.92,25.656195579628925
2015-07-23,68.94,67.81955238699324
2015-07-23,128.82,133.95991557789185
2014-11-11,896.99,896.9899999999963
2014-11-11,1.234,1.5354430575581839
2014-11-11,67.56,47.69894203085362
2014-11-11,21.72,23.418317197061956
2014-11-11,262.336,263.8652786723649
2014-11-11,148.48,165.9677331735842
2014-11-11,241.176,138.00293945492783
2017-12-14,227.976,223.92516291472342
2017-12-14,52.68,106.65373947008916
2017-12-14,2.032,2.0588482962962966
2017-08-21,17.12,16.170015034940818
2017-08-21,431.968,415.13375133067035
2017-08-21,129.92,99.96335821964354
2017-08-21,568.728,476.13990333333436
2017-08-21,117.144,117.4358113053857
2017-08-21,203.52,170.01958320261747
2017-08-21,51.75,52.600083472797756
2016-08-27,122.97,123.51148321926007
2016-08-27,244.615,244.46125466666663
2016-08-27,59.97,66.85863484846853
2016-08-27,81.54,79.33310027190109
2016-08-27,11.68,13.377081069843332
2016-08-27,29.0,30.32589221104882
2015-08-13,50.8,37.39323652407456
2017-11-05,16.03,15.797443108798861
2016-08-17,15.712,18.44043829080949
2016-12-26,89.97,86.21324061844851
2014-09-23,435.999,279.79708664505324
2014-09-23,83.984,119.94237317275578
2014-07-19,359.98,357.76218361327494
2014-07-19,70.56,71.0733133333335
2014-07-19,20.88,21.408918088782528
2014-07-19,3.81,5.311014175793949
2017-09-07,73.008,78.66203252860961
2016-05-06,3.208,3.632077917436957
2016-05-06,26.176,27.650535933978233
2015-06-04,30.44,30.449552429362218
2015-06-04,35.28,42.80632186922611
2015-12-13,19.44,19.82508097111082
2015-12-13,37.88,40.53034479695649
2016-07-16,9.552,9.447509185314686
2014-01-31,290.666,332.5687167660245
2014-07-09,10.368,10.672901822419922
2014-07-09,14.352,14.137346069129313
2015-11-21,141.96,142.75859888888823
2015-11-21,66.048,71.00206601301522
2016-03-25,1287.45,845.0400599999994
2017-09-23,25.824,27.07689804223047
2017-09-23,160.96,161.60643113159088
2015-12-04,28.44,35.1253729572583
2015-12-04,364.41,364.5498855158752
2015-12-04,39.96,42.60808443764809
2015-12-04,361.764,360.91417844444345
2016-11-01,111.672,108.23179585413767
2017-03-17,13.776,13.566521800530131
2017-03-17,10.272,10.81247398335522
2017-11-23,24.048,28.212922300075206
2017-08-27,2.896,4.146330024342332
2015-12-04,17.94,19.073982764433314
2015-12-04,384.174,383.7335894444436
2015-12-04,1799.75,1799.75
2017-10-07,580.672,584.8839228571427
2017-10-07,18.936,17.797531826772644
2017-10-07,222.384,177.51080630558508
2017-10-07,50.454,48.27911501084973
2017-10-07,154.764,154.32856750000042
2017-03-25,6.848,7.735118345195373
2014-08-09,1091.168,1058.918710143228
2014-08-09,219.168,217.00197495599429
2014-11-22,6.928,6.8292210271865965
2017-06-10,40.032,41.40712343602627
2017-07-01,443.92,291.25415409649185
2017-07-01,169.99,169.68312485709205
2017-07-01,25.92,26.44913133279915
2014-11-21,36.99,37.05403160480246
2014-11-21,629.1,629.1000000000034
2014-11-21,193.95,169.71731798015605
2014-11-21,5.46,7.352693195774389
2015-05-04,22.288,21.90802681120717
2017-05-29,65.424,65.23862058922579
2015-10-17,77.88,74.87496840944121
2014-04-23,281.372,278.38034723424875
2014-04-23,281.372,278.38034723424875
2014-04-23,7.488,7.766669218161951
2014-04-23,22.336,29.03305316417281
2017-04-30,10.368,10.659942081339787
2016-09-20,65.79,64.65894376380514
2016-09-20,271.984,278.6295868575495
2016-09-20,11.76,11.77897304966065
2016-09-20,77.52,79.22097413850508
2016-09-20,48.64,45.84102795883714
2016-09-02,1.81,3.2610683293584573
2016-09-02,8.26,10.106782672801268
2015-04-27,43.56,39.149881775842864
2015-04-27,5.84,14.451674522768968
2015-09-06,271.764,351.2730345396821
2016-05-28,262.24,260.7062934248918
2016-05-28,182.72,182.5606909533355
2016-05-28,131.6,129.27996014062265
2016-05-28,22.72,22.05876549330683
2016-05-28,558.4,364.2744548484838
2015-09-24,15.24,16.30487491175602
2015-09-24,1408.1,1408.0999999999938
2017-07-03,32.896,31.410921001946306
2017-07-03,215.148,335.1789957777773
2017-07-03,30.96,31.502668677161008
2017-12-08,29.79,81.92724951203594
2017-12-08,128.9,50.703814390593564
2017-12-08,60.12,60.80313402379078
2017-12-05,24.816,24.32128180917364
2017-12-05,14.976,17.95372760580322
2015-09-27,15.08,14.734882374686773
2015-09-27,24.288,24.311888251119097
2017-10-30,16.192,14.556245494949525
2017-10-30,251.006,250.2740971111111
2017-10-30,54.192,61.22487248680598
2015-11-29,4.304,5.567887014044853
2014-03-11,108.92,107.93266222822706
2017-11-19,16.74,18.430413800748827
2016-07-29,84.784,82.06159460221264
2015-06-12,29.9,150.89296003076768
2016-08-06,70.88,71.5075658759944
2017-06-11,3.76,5.645737872276612
2016-10-07,27.264,25.681334042040316
2014-09-08,56.65,66.43151368183915
2014-09-08,14.97,24.82433433146564
2014-09-08,4.02,6.229507172465171
2014-03-16,471.92,443.1913041514615
2015-03-01,58.72,60.52487156862769
2015-07-09,5.16,8.246835094082812
2016-02-20,16.496,15.671171079424552
2017-09-16,71.976,74.05480563924955
2017-09-16,22.512,36.468868440181595
2017-09-16,3.444,3.9943835546226256
2017-09-16,538.194,538.1939999999996
2017-09-16,47.984,49.28040557867958
2017-11-05,492.768,621.4674358168669
2015-02-20,286.79,282.1854636419084
2016-11-25,5.08,5.493675014300581
2017-12-03,47.992,47.593673738536175
2015-09-10,61.96,57.26435956131478
2015-09-10,361.96,339.9230144444456
2015-09-10,278.82,281.60748074481086
2016-12-14,133.38,133.80267599206326
2015-04-06,47.952,47.1766504605721
2016-12-01,16.74,15.752763759560182
2017-11-12,10.848,10.601255415989671
2017-11-12,18.544,22.861001035262852
2017-03-03,180.98,181.15716111111217
2017-03-03,99.98,100.79598805860769
2016-11-27,34.95,39.38731723013234
2016-11-27,152.0,151.73871809391605
2014-08-31,92.52,92.5447351622319
2016-12-08,8.56,8.658298329825644
2016-12-08,45.36,45.915220980210634
2016-12-08,1421.664,1421.6639999999934
2014-04-07,8.96,8.91071111853134
2014-08-27,579.95,580.8973055555568
2014-08-27,29.12,38.68491360771221
2014-08-27,1202.94,1202.9400000000019
2016-10-21,7.92,10.973218384064575
2016-11-30,36.192,35.46196600101888
2017-09-05,147.184,144.1736710800852
2015-07-02,408.422,237.92127396266739
2015-07-02,382.116,388.32738313594143
2015-07-02,68.6,72.56870367795783
2015-07-02,435.504,525.853145232082
2015-07-02,11.168,11.074213188225142
2017-09-24,72.0,105.15896191911698
2017-09-24,655.9,998.2533933333341
2017-09-24,603.92,604.2342083333358
2016-08-08,513.024,151.33354666666628
2016-08-08,487.92,458.3643409199141
2016-08-08,15.24,17.967945984334676
2016-09-29,209.97,210.57930775974097
2016-09-29,62.94,66.1818455593183
2016-09-29,25.92,25.40196165389952
2017-04-10,10.368,10.659601324319029
2017-04-10,95.736,92.4379570754429
2016-12-18,900.08,876.6382727439263
2014-06-20,201.584,200.35561512497233
2014-06-20,3.392,3.7145944553650505
2014-06-20,193.0656,196.27376747135585
2014-06-20,15.552,15.824965538073796
2014-06-20,11.648,11.684220177164189
2014-06-20,418.8,418.76767000000194
2014-06-20,509.488,510.194117777778
2017-09-04,825.174,824.4933911111103
2017-09-04,17.76,16.25555776208974
2017-09-04,6.912,8.463383210519417
2016-12-20,66.3,42.968648917065835
2016-08-09,30.816,30.169644197387523
2016-08-09,44.784,50.4122982827716
2016-08-09,569.536,566.3151656507896
2015-06-22,796.425,796.4249999999959
2015-04-10,12.832,13.4402498174242
2016-11-21,40.46,41.64294595524191
2016-11-21,404.94,404.7489738804729
2016-09-05,116.0,116.65671920634925
2016-11-24,657.552,642.147912936578
2017-12-10,599.97,599.9700000000009
2017-12-10,38.97,44.02680686608513
2017-12-10,45.84,47.183812551751984
2016-06-24,38.24,71.29921542039932
2015-09-17,87.168,85.57034725506942
2016-05-19,21.4,19.477851724150867
2016-05-28,54.9,59.614343420844754
2014-04-18,287.968,288.34868444444334
2014-04-18,13.12,13.187205282461598
2014-04-18,10.75,12.815404770445044
2014-04-18,11.62,9.82741723621852
2016-06-17,40.74,96.0568455485843
2014-05-09,83.25,106.861776611181
2014-05-09,9.45,10.88146096061242
2014-05-09,20.65,20.868351970212274
2014-05-09,45.36,45.85502784876195
2016-09-18,5.352,72.08174996651069
2016-09-18,99.372,105.39765372018498
2016-09-18,2.672,3.5437234169344305
2017-12-23,28.672,30.099222296779224
2017-12-23,29.312,29.47477239926732
2017-10-30,105.98,178.9823961985254
2017-10-30,35.06,44.60702055616009
2017-10-30,33.94,33.939999999999955
2017-10-30,30.0,30.664301454874693
2016-03-29,45.528,46.14507609420432
2016-03-29,844.116,733.5665008911576
2016-03-29,812.736,512.3024396667378
2017-11-23,7.476,7.293097075199776
2014-03-23,330.4,330.51444823010206
2014-03-23,604.752,587.6754342721327
2017-12-01,45.36,45.922089778264436
2017-12-01,10.128,11.918682868921001
2017-11-07,21.792,22.697329333629995
2017-11-07,439.8,439.9171666666686
2017-09-04,8.256,11.488925426502519
2017-09-04,25.56,27.61179091078128
2017-09-04,4.368,4.408865578820589
2017-09-04,11.52,12.55853682790927
2016-07-03,12.96,13.15968660193562
2016-07-03,3.96,5.577629958793068
2017-09-07,1577.94,1640.3317933333353
2016-09-09,15.008,15.46806302889695
2017-07-03,59.98,64.31359257676567
2017-07-03,2395.2,2395.1999999999935
2017-07-03,1687.8,1687.7999999999918
2017-07-03,7.992,15.607212550832955
2017-06-29,5.184,5.696249438411949
2017-08-07,11.68,15.073870555050568
2017-08-07,104.8,95.51167791598124
2015-03-19,14.496,14.712133287934416
2016-06-07,4.784,5.675693550839281
2016-06-07,4.73,5.6772286471483
2016-07-25,7.89,19.174098930539948
2016-07-25,65.5,66.51615132957285
2016-07-25,2430.08,2430.0799999999917
2017-10-01,104.85,115.53120875714201
2015-12-10,3.9,6.367941199655473
2015-12-10,801.96,755.8795000000001
2015-12-10,191.96,191.1684539619042
2015-12-10,2.61,3.817012514376546
2017-09-03,5.96,6.636574891019406
2017-09-24,1169.694,1169.694000000001
2017-12-19,1665.62,1659.5801888888852
2017-11-24,2.88,4.631217164906303
2017-11-24,1443.96,1443.7032777777845
2014-12-13,2.92,4.540119363547605
2016-12-05,465.18,478.0557803703671
2016-09-11,22.428,22.153731176240576
2016-09-11,37.52,55.76077562469014
2017-12-09,2.624,3.661330878547267
2014-09-09,15.552,15.81013096045227
2014-09-09,64.704,64.27369475589234
2014-09-09,17.472,30.552165806753315
2014-09-09,135.516,100.93879043650787
2017-06-26,431.928,431.92799999999994
2014-11-17,12.448,11.594646543860641
2014-11-17,657.93,661.264327924599
2017-08-21,277.4,282.0214133424915
2017-08-21,25.16,25.577410969159754
2017-08-21,91.92,95.95092742962629
2016-03-12,29.34,29.39996745944906
2014-09-23,139.44,156.67183277175613
2014-04-28,6.912,8.9146733878182
2014-04-28,27.096,50.55573068263084
2014-04-28,177.568,174.3663671021501
2016-11-29,58.416,62.38487148381068
2015-12-03,16.448,15.608129913172636
2015-12-03,36.784,38.85503256642332
2017-11-19,718.116,717.9432011111134
2017-11-19,31.776,70.645738295675
2016-09-05,9.555,9.944877512624196
2017-09-04,487.984,487.9644431746009
2017-09-04,5.56,12.167998897301231
2017-09-04,217.85,229.5183792757631
2016-09-22,40.776,27.694993506697017
2016-09-22,63.936,65.74642734592015
2014-09-14,142.4,145.07682338235372
2014-09-14,7.16,9.302581021138929
2017-05-19,681.408,681.4079999999976
2017-05-19,3.52,5.514966900413495
2017-05-19,5.58,5.288151099329987
2017-05-19,36.32,36.575405974622406
2014-08-09,2060.744,2060.7439999999965
2017-11-26,52.272,59.32232288235345
2017-11-26,213.136,269.54284658361127
2017-05-03,69.52,78.51944192443302
2017-05-03,763.44,680.3847333357929
2016-11-10,9.216,11.332085168231826
2016-11-10,41.958,43.792307956013985
2016-11-10,89.568,89.4803377428088
2016-11-10,22.248,21.459683600605874
2016-11-10,334.88,320.91697798690245
2016-11-10,148.288,162.2389851904759
2016-11-10,4.624,5.386924023844158
2016-11-10,178.92,179.63608740740622
2016-11-10,69.888,66.87344527238446
2014-12-20,487.984,488.0195409523786
2014-12-20,47.3,41.57630752714346
2014-12-20,4.13,4.577699499200555
2014-12-20,155.12,152.3520183885367
2014-07-25,6.48,6.995418805466591
2014-07-25,15.52,43.51567602525378
2015-11-22,2.946,3.396452726695997
2015-11-22,55.104,53.94692909893615
2017-12-09,104.88,105.66748210317488
2017-12-09,34.7,35.01763699131229
2017-12-09,33.72,34.337903142861826
2017-12-09,14.94,15.775511774578884
2017-08-31,638.73,616.7741593193823
2017-04-24,113.568,110.47331271676795
2017-09-08,9.096,10.474645705819567
2015-03-12,8.688,10.266279004044048
2015-03-12,30.88,30.749422163940164
2015-03-12,6.408,16.59708125666713
2016-07-18,33.8,34.9162934866574
2016-06-13,377.97,376.0515621317951
2017-07-03,258.9,258.9892694444443
2017-07-03,24.56,24.740473248434785
2014-12-08,27.888,27.379378665959486
2014-12-08,6.456,6.811144188827119
2014-12-08,52.68,120.52078076124936
2014-12-08,13.88,15.082578301757668
2014-12-08,103.92,281.5422638725489
2014-12-08,11.52,12.579800493306044
2014-12-08,10.368,10.643675011225088
2014-12-08,39.072,56.1269192540306
2016-04-08,8.872,9.37949844648836
2016-04-08,121.104,121.09449999999953
2017-11-06,127.372,139.8683056035834
2017-11-06,47.952,46.99640858983742
2015-12-05,44.46,46.93858349478336
2015-07-09,15.8,13.746404198205564
2015-07-09,464.97,465.02013333333434
2015-07-09,181.96,162.10920671901107
2015-07-09,12.39,13.030009224430357
2015-07-09,84.09,87.67536159034383
2015-07-09,79.36,90.56186591463255
2015-07-09,153.36,153.0147103661112
2015-07-09,43.68,46.70489389890921
2015-07-09,98.21,130.79693820578566
2016-12-13,9.84,10.80954623792198
2016-05-20,2.694,3.4236934418436484
2017-06-02,25.344,24.628442391320164
2017-06-02,43.92,45.67844108173641
2015-10-30,59.994,59.9547650000001
2015-10-30,439.992,439.99199999999865
2015-10-30,87.96,120.36856471868023
2015-10-30,15.488,21.105984291439356
2016-10-15,232.96,254.68902738477243
2016-10-15,66.54,70.88063532385591
2016-10-15,43.26,44.87184659412417
2015-11-19,141.96,131.593077358788
2014-09-13,79.4,82.83417658148842
2017-11-13,163.96,163.84989888888822
2017-12-24,37.93,33.460156575294626
2016-01-09,15.168,19.486487299015685
2015-06-13,24.78,22.01462258201409
2015-06-13,19.14,19.776089670788934
2015-06-13,899.97,899.9700000000001
2015-06-13,32.4,32.863098399060476
2017-03-18,23.832,35.843877253135645
2014-11-23,6.368,6.363302566137554
2014-11-23,34.176,34.19467225641028
2014-11-23,5.544,7.951789257208065
2017-10-15,510.24,290.60438999999997
2017-10-15,204.95,205.52512234973946
2017-04-21,11.54,12.420934589277646
2017-04-21,162.6,123.57965144876235
2014-12-08,45.68,45.6158405131776
2014-12-08,603.92,607.6983346370395
2017-05-29,23.55,16.72432855651835
2016-09-19,5.04,11.687177641059323
2016-09-19,249.95,252.28544166666538
2016-09-17,33.4,34.808331706362424
2016-12-20,18.92,20.590217863529467
2016-12-20,15.42,15.654908860468444
2017-11-22,35.712,25.77739131203
2014-12-30,551.985,551.9849999999975
2017-04-03,7.056,12.160305522041213
2016-12-26,18.72,22.640993469269365
2016-06-05,360.38,439.45249028571413
2016-06-05,11.16,9.56802749867412
2016-06-05,14.94,15.239043591609533
2015-09-18,41.96,49.092236560369095
2015-09-18,636.86,541.9304789815153
2015-09-18,499.99,499.9363766540983
2015-09-18,1259.93,1259.1170083333277
2015-09-18,65.08,67.78380163559855
2017-03-06,26.38,26.058300822051148
2017-03-06,71.97,68.5876088392978
2016-03-17,129.98,208.19631210706598
2016-03-17,32.54,34.78589684249838
2016-12-09,10.9,11.28483987760643
2016-12-09,59.98,62.53998595331171
2016-12-09,61.929,136.02875205800163
2016-01-15,16.52,17.505289053123217
2016-01-15,60.12,60.54034516150138
2016-01-15,49.536,51.024138129660535
2014-10-24,11.85,10.60641383676605
2016-09-23,118.25,139.97933732267128
2016-09-23,368.97,367.2487008535362
2017-08-27,198.46,198.45999999999924
2017-08-27,321.92,321.8247908449546
2017-08-27,879.984,879.9839999999973
2017-08-27,28.4,32.278204403159
2017-08-27,230.28,237.01137112128583
2017-08-27,116.28,117.21006485855712
2017-08-27,841.568,841.5679999999994
2017-08-27,354.9,249.50012287786856
2016-03-03,42.784,43.7881984800851
2016-03-03,563.43,550.3258479004166
2016-02-29,111.104,77.03897402068289
2015-09-18,11.68,15.325123510989815
2015-09-18,16.9,26.317046078401976
2015-09-18,24.4,29.130869795650657
2017-05-12,87.6,88.41871123881236
2016-08-13,241.96,240.3935021575757
2016-08-13,8.52,11.056547306294911
2017-02-25,1.788,2.174399866300878
2016-03-21,99.372,99.72485166666627
2016-03-21,1.344,3.431682664541614
2015-12-08,119.96,121.94306771148773
2014-12-16,1013.832,1013.8099733333296
2014-12-16,1.984,4.967550244871053
2016-12-17,2003.52,2003.5200000000086
2016-05-12,82.368,83.44481653924291
2014-08-06,62.91,75.93917620944507
2014-04-11,6.912,8.996935117092002
2014-04-11,383.976,383.9739813333318
2014-04-11,10.368,10.656155451512136
2014-04-11,335.944,332.86795894444634
2015-05-03,665.88,664.8613875000027
2017-11-30,71.976,92.36929849265786
2017-02-16,37.94,39.40192300397746
2014-11-16,273.96,247.67586149289153
2015-07-09,269.982,270.2010434295799
2017-11-13,8.904,10.83143524960463
2017-11-13,720.064,706.8890143793282
2017-07-31,41.424,41.39275113106266
2017-12-26,3.132,3.796391057194616
2016-10-31,1085.42,1037.181019999999
2016-09-04,3.912,5.303052424975877
2016-09-04,62.376,43.554275434970634
2016-04-17,29.05,22.73095144517928
2014-07-05,180.96,184.14422840001092
2015-02-27,4.419,4.962104630633107
2015-02-27,16.032,16.87082229327461
2015-11-27,29.79,36.38651239630847
2014-01-27,57.23,80.52876898345308
2014-01-27,333.0,337.23306816666667
2014-01-27,36.44,36.63699365028636
2017-09-23,251.64,251.5392457664365
2017-11-04,523.764,523.7639999999978
2017-11-04,1359.96,1358.1775200000059
2016-10-14,102.592,121.13875388888887
2016-10-14,22.704,42.575374775706955
2016-10-14,93.024,93.65457106585039
2016-10-14,12.768,15.388455719342264
2016-10-14,35.008,39.7544596821202
2016-10-14,39.152,43.17269473975168
2015-11-12,11.76,14.055140825769534
2015-11-12,5.238,5.47527000185054
2015-11-12,4.662,5.258949332230787
2015-11-12,523.92,641.3786184444455
2015-11-12,100.792,96.68599484452966
2015-11-12,146.136,168.71106252811242
2017-03-05,25.06,25.148922162597344
2015-11-05,19.824,19.543027762517394
2016-07-08,823.96,789.604571901761
2016-07-08,15.984,14.6228420843057
2015-09-15,801.96,801.9599999999979
2015-09-15,59.97,59.119610348278925
2015-09-15,1056.86,1056.8518999999922
2017-10-09,12.816,14.375024822209825
2017-10-09,314.352,313.07861737291194
2017-10-09,18.98,18.959712283103013
2017-10-09,18.24,20.424301466181205
2015-09-14,991.2,1000.4102374603186
2015-09-14,879.984,879.9839999999973
2015-09-14,12.96,17.337285103795487
2014-10-07,107.44,110.64331492698034
2017-05-07,1458.65,1570.6269200000024
2017-05-07,26.64,68.28361496296289
2017-05-07,476.8,476.80000000000086
2017-05-07,87.444,86.17545819565531
2015-11-14,76.14,77.44297403102324
2015-11-14,19.96,20.702028271442654
2014-11-24,1049.97,1049.9699999999962
2014-11-24,611.058,592.3830527999761
2014-04-08,2.368,5.1572112275124455
2014-04-08,19.008,19.26568067930253
2014-07-26,911.984,912.3249022222196
2014-07-26,674.352,673.3425316666708
2014-07-26,134.01,133.3725677770278
2014-07-26,170.97,172.64998088744653
2014-06-08,170.352,175.21457187271147
2014-10-28,7.184,8.543401551893936
2014-10-28,6.28,14.402355909731254
2014-10-28,480.74,445.2369219761781
2014-10-28,616.998,616.0700299836602
2014-10-28,141.4,153.9506444883759
2017-11-25,501.81,370.33149755284546
2017-09-22,691.96,884.8188155555566
2017-09-22,34.95,40.53454888572728
2015-12-04,85.96,85.87991056324735
2015-09-21,85.3,74.88893058566966
2017-11-26,33.568,33.41648176026913
2017-06-06,4.95,5.984101859935544
2017-06-06,26.4,106.52567335563701
2017-10-23,3.564,3.967247005247232
2017-10-23,823.96,799.132217076364
2017-10-23,10.272,8.679316712533243
2014-12-20,447.944,447.8111048888908
2017-02-17,480.96,555.6006583333334
2017-02-17,124.792,95.42206499291892
2014-05-03,40.176,41.56442749015508
2014-05-03,10.896,13.261813158516333
2017-10-17,10.64,11.108675096844262
2015-11-28,151.96,151.9599999999993
2014-07-27,238.0,232.01939221445218
2017-04-23,155.34,187.78234833333335
2015-10-23,148.32,149.900472222222
2015-10-23,240.784,241.10323833333305
2015-10-23,191.968,203.30250022574194
2015-10-23,11.56,12.41451279186262
2015-10-23,11.8,13.880039648161464
2015-10-23,842.352,812.7246564660471
2016-09-05,23.472,22.566607710401755
2016-09-05,86.058,85.08895811724425
2016-09-05,108.784,74.91717174719614
2016-09-05,10.272,10.807124475376426
2016-10-28,38.19,36.61133066733974
2014-04-05,49.632,59.76742409356289
2014-04-05,52.096,60.835134469582975
2015-06-15,9.568,9.585379616064204
2015-06-15,82.368,90.94388325204363
2015-06-15,364.704,365.0593155555543
2015-06-15,40.256,43.489843354124645
2014-07-05,4.368,7.112560730765272
2017-01-29,12.128,12.383893579339176
2016-03-03,134.85,134.86362394560183
2014-06-02,8.56,8.856620370210917
2014-06-02,239.97,240.77581709331474
2014-06-02,356.94,357.74364190476325
2016-11-24,659.9,659.8999999999965
2016-11-24,1684.752,1684.7519999999909
2016-11-24,559.92,708.3487533333322
2016-11-10,279.944,877.4863588888868
2014-11-22,9.98,10.14576577174823
2017-05-01,48.9,52.53216785806242
2017-12-07,3.552,6.836192603445794
2017-12-07,15.552,15.875840332457292
2017-11-30,2.368,5.099732552900796
2017-12-07,127.984,127.65612211862967
2015-01-03,10.368,10.707219144928048
2015-11-14,47.984,44.370028862346274
2015-10-02,270.34,280.30190034252587
2015-04-05,98.112,180.1397114156538
2015-04-05,563.808,500.4814109269668
2015-04-05,10.428,9.372088501463482
2015-04-05,547.136,490.8205219999991
2015-04-05,14.85,18.2859886257093
2015-04-05,41.988,44.50562472310377
2015-04-05,7.584,9.870637810465533
2015-04-05,352.45,352.3770713333315
2017-06-05,470.376,471.433003221901
2017-09-18,19.44,19.83015477248594
2017-09-18,9.82,10.87630974569406
2017-07-18,801.6,801.600000000004
2017-07-18,161.568,184.66519871659779
2017-07-18,16.096,15.122933354195633
2017-07-18,7.656,8.162173758694351
2017-07-18,311.976,300.05670998836666
2015-12-01,61.68,106.12392970671338
2015-12-01,63.96,66.00309379919011
2016-06-28,359.976,352.2855601896635
2017-08-28,25.344,24.570158347227903
2017-08-28,26.72,26.448838235659952
2014-09-17,30.28,65.92775838898338
2014-09-17,57.93,101.20713154338111
2014-09-17,35.34,39.82362247017657
2014-09-17,137.24,138.79149020261656
2016-03-14,241.332,254.67569405026453
2016-03-14,5.184,5.795194115664159
2016-03-14,145.544,128.96606706403765
2016-08-26,5.472,10.41531536135695
2016-08-26,47.984,48.83580775790186
2017-09-02,9.4,11.279690981801973
2017-09-02,74.0,75.52553013532507
2017-09-02,201.584,171.48156772562376
2015-06-16,28.752,28.2758975266749
2015-06-16,27.216,27.241908914375415
2015-06-16,197.372,192.8448144903316
2016-12-10,1424.9,1424.9000000000067
2017-05-18,14.56,16.69891255892039
2017-05-18,3.048,4.420996424002527
2017-05-27,25.92,25.60490910515852
2016-06-23,835.17,68.60394275377672
2016-05-16,17.34,18.313578771726686
2017-11-18,44.384,48.733304468431015
2017-11-18,2.944,4.232994124901707
2016-11-18,6.368,7.366149568995288
2016-11-18,48.848,47.87779670728724
2016-11-18,19.648,18.907266594072606
2016-11-18,255.108,289.0575708964506
2014-11-28,17.248,18.889194648121972
2016-03-01,159.984,164.72902398178547
2017-01-15,12.7,12.766662618460797
2014-04-04,5.47,5.74870123369981
2014-04-04,79.36,76.1891712057997
2016-06-26,22.14,21.184526475909436
2016-05-29,11.277,11.261477699918629
2016-05-29,4.448,5.8851745285370765
2016-05-29,44.76,50.383997925784804
2015-10-19,38.28,38.44296778840498
2015-10-19,149.95,149.67466095592968
2017-02-19,12.84,11.698819021460007
2017-02-19,44.67,48.92783058447057
2016-09-22,7.872,8.593652932291532
2014-11-12,7.872,8.328750408209102
2016-04-01,88.04,71.19618287200375
2016-05-20,40.635,44.38369198242834
2015-06-01,5.728,5.990256431916035
2015-06-01,42.24,40.03677495250093
2014-11-22,53.82,51.46129998831961
2015-02-22,79.36,69.30560603953222
2016-03-29,13.48,14.125912912180354
2016-03-29,29.8,28.673282680428603
2016-03-29,414.0,830.7737999999979
2016-03-29,41.328,46.99421028223504
2016-10-22,39.92,42.64475164830934
2017-10-02,8.94,10.42486068759276
2017-10-02,84.784,79.00571733509886
2014-12-23,53.316,234.58119333333318
2014-12-23,56.52,55.24720970150885
2017-12-15,22.77,25.88810188998291
2016-07-07,287.968,231.43445829170267
2016-07-07,48.94,49.949837938076065
2016-04-17,257.499,260.40837786416415
2017-04-08,41.95,41.968735976755376
2016-04-17,79.12,76.46643542855564
2014-11-25,52.96,57.877617625479104
2014-11-03,286.344,284.6312560555552
2015-05-01,63.552,63.810771426361896
2015-05-01,41.376,45.21947500319284
2015-05-01,172.704,116.77552775567666
2015-03-08,512.94,512.1782675000017
2015-03-08,860.93,860.5391083333283
2015-03-08,769.95,769.9123645029279
2015-03-08,14.98,13.765447523948023
2015-03-08,373.08,276.15491079365114
2015-07-17,231.92,234.5525778741818
2014-10-11,63.47,63.91581230177935
2014-10-11,345.0,341.89785000000006
2016-03-03,637.896,637.8960000000003
2016-03-03,287.91,289.6641590000021
2016-03-03,36.6,35.03905488659784
2015-12-10,1.78,3.2615003620559864
2015-12-10,25.92,26.460398787157377
2015-12-10,101.94,101.6278609333329
2015-12-18,6.848,6.387513629200555
2017-01-01,474.43,474.4299999999964
2017-11-21,8.448,8.980327231494337
2017-11-21,39.296,59.069952918490806
2015-12-22,17.12,16.152023178558213
2015-08-23,542.94,540.9330563624354
2015-08-23,8.64,10.286729196943151
2015-08-23,193.8,194.69244338816554
2015-08-23,21.4,21.644632912236936
2015-08-23,97.88,99.4148741385165
2015-08-23,251.91,251.56743181818365
2015-08-23,25.86,25.748268291159054
2014-06-22,170.058,181.94939461175835
2014-06-22,82.782,81.3481428124415
2014-06-22,853.93,865.2184070277732
2017-10-27,556.665,556.8099739814811
2017-10-27,95.84,150.32504594376806
2017-08-11,29.664,28.41720876070273
2017-08-11,9.184,21.93397626797777
2017-08-11,153.584,141.8991070422376
2017-08-11,12.864,13.204748649450918
2017-12-24,479.97,856.5935433333325
2017-12-24,232.88,234.7976594179887
2016-09-26,236.88,235.5119267289947
2016-09-26,29.9,31.29457733301877
2016-09-26,100.0,97.83255394679009
2016-12-12,18.693,18.8429722307667
2016-12-12,383.952,383.33508133333476
2015-12-28,24.816,33.470902590760716
2014-12-29,24.9,24.59854818887075
2014-12-29,21.12,21.073464522722247
2014-12-29,767.952,1163.325866666668
2014-12-29,14.352,15.108094893812128
2014-12-29,191.976,183.01358044172403
2014-12-29,274.77,299.0366998188849
2014-12-29,70.56,76.33479048147768
2015-06-25,204.85,203.2883946918758
2015-04-02,9.156,8.773205982701953
2017-10-21,23.992,24.821513399722154
2015-07-16,80.88,82.21853984525876
2015-07-16,599.9,599.7667666666633
2017-06-24,276.69,270.1757943874168
2017-06-24,172.764,173.82272983033465
2014-09-29,4.224,8.95887693900899
2014-09-29,409.272,408.90662499999814
2014-09-29,55.44,53.59560868531259
2014-09-29,20.928,20.058091585350343
2014-09-29,1801.632,1801.6319999999942
2014-09-29,67.176,67.66249944444421
2014-11-24,646.2,86.75219564391625
2015-11-20,72.744,71.88699265727745
2015-11-20,572.16,573.911057198083
2016-11-01,68.112,69.82809311932009
2015-09-17,25.032,23.376612635516548
2016-03-10,39.992,39.86426114438508
2014-06-23,20.016,20.014293995228265
2014-06-23,3.104,4.623057382193459
2014-11-01,7.52,10.55822940936095
2014-11-01,10.272,8.394417967106346
2014-11-01,47.808,46.976502349244775
2014-11-01,978.84,978.0121542222222
2016-08-28,13.14,13.160436054893351
2016-08-28,10.024,10.32969085308551
2016-08-28,156.3728,159.41415637845066
2015-12-06,999.98,999.9800000000017
2015-09-24,821.94,820.681586725148
2017-11-15,220.064,220.22780111111007
2017-11-15,339.136,297.87525379275115
2015-12-19,7.04,9.111304649020422
2015-12-19,5.04,9.323667241965532
2015-12-19,116.28,117.19419568587793
2015-12-21,47.976,59.76415785439093
2016-09-25,60.048,61.24588712040386
2016-09-25,5.022,4.792752286937443
2017-06-24,182.994,196.7579233333327
2017-06-24,10.272,10.809843897885132
2017-09-07,7.857,7.808097690498621
2016-08-04,302.384,299.52814679169103
2016-08-04,20.952,20.98252393241822
2016-08-04,11.784,13.064377798959017
2014-08-19,638.82,791.3936400000007
2016-04-01,20.7,20.900577340302487
2016-04-01,10.95,20.340753213356223
2016-04-01,14.352,15.649718653965817
2017-05-16,221.024,221.17669883040853
2015-08-24,79.96,78.19919533139013
2015-08-24,587.97,588.0075257539693
2014-09-23,32.4,32.836720297958635
2014-09-23,404.9,290.90392717577447
2014-09-23,12.94,14.473847532476693
2017-06-19,2.264,2.60297101096135
2017-06-19,0.444,0.9136181445037983
2017-06-19,146.176,145.25084851017883
2017-12-21,15.92,17.62385731991564
2017-08-07,159.96,234.93426516174927
2017-08-07,13.76,14.156674730842493
2016-08-22,4.312,4.56913691064615
2015-09-07,13.96,41.30830973275778
2015-09-07,27.414,27.50159999999994
2015-12-25,73.98,74.85514713786183
2015-12-25,160.98,160.8652933333341
2015-12-25,17.34,18.2875469525898
2015-12-25,3.28,3.8310150811483745
2015-05-02,8.856,9.7404986129652
2015-05-02,158.376,153.3728250742688
2016-11-24,1219.96,1219.4378504761944
2015-11-24,3.168,6.2332789583466495
2015-11-24,19.44,19.816757928880584
2015-11-24,454.86,722.0502962352452
2015-11-24,91.392,88.82817851359485
2017-09-04,19.04,25.850135899541343
2017-05-11,37.44,36.60397775108654
2017-05-11,37.59,38.21960882015477
2017-05-11,26.032,26.579784045822084
2014-05-11,35.91,34.98148667002768
2017-07-27,91.032,98.10380528583104
2017-05-06,54.66,51.64484231037372
2014-09-19,67.344,78.66148983880802
2015-03-29,73.28,73.13722005885904
2014-11-18,14.48,14.947749109671816
2015-07-02,11.952,12.517393832615957
2015-07-02,15.552,16.14901508428099
2014-09-08,45.0,45.805227586881536
2014-09-08,209.97,210.2400166666674
2017-10-02,112.12,115.24971555404868
2017-10-02,1575.14,661.9774079365066
2017-11-19,25.06,26.76152761072701
2016-12-30,6.924,6.98879994508142
2017-12-01,37.392,48.76008950631
2017-12-01,79.12,78.10958309747575
2016-06-13,18.9,18.74238808883132
2014-05-19,57.42,59.031801874547334
2017-01-30,12.74,17.563235154657676
2017-01-30,8.82,8.99942807971432
2017-01-30,120.784,120.4959988888886
2015-11-28,322.59,318.3815735660151
2017-10-23,9.762,9.67330824708903
2017-10-23,13.72,29.783227998009387
2017-10-23,55.2,76.81995464944177
2017-10-23,259.136,493.46768758567293
2017-09-07,29.24,28.190322285932343
2017-09-07,15.552,15.801922390506451
2017-09-07,4.896,8.121885096993251
2016-12-29,38.088,37.11283644298545
2016-12-29,2.808,3.541197571983968
2015-12-05,47.984,44.711051560853356
2015-12-05,26.064,25.986504749849082
2014-11-01,15.696,15.499293698340576
2016-04-16,12.84,12.528347763030995
2017-05-14,539.97,536.6739298022468
2017-05-14,22.58,46.4579865480909
2015-03-14,16.52,17.110510226158024
2015-03-14,671.94,671.9400000000019
2017-01-14,169.064,168.6607419999991
2017-01-14,168.624,171.7155008146457
2015-03-08,19.44,19.83547230340114
2014-10-11,31.92,235.54930791592264
2014-10-11,433.568,431.317110666666
2015-04-13,31.104,31.01263835426874
2015-04-13,54.816,53.589630137512025
2017-11-16,48.86,128.00535882744617
2016-07-01,14.2,14.817641180648785
2016-07-01,12.96,13.191802271007107
2016-07-01,58.34,60.66660590783186
2015-11-29,56.3,51.62820319351187
2014-04-07,629.95,628.8142305555576
2014-04-07,122.97,123.4531204811648
2016-06-16,46.35,45.9621377259141
2017-03-06,14.976,18.509341592423045
2017-10-07,4.24,4.366240023114608
2017-10-06,319.96,319.54011666666804
2017-10-06,17.04,17.214970177519206
2017-10-06,344.91,154.46106679197328
2016-12-05,81.94,82.08875999999967
2016-10-21,98.16,96.22856803111834
2017-05-18,6.874,7.034191803744667
2017-05-18,1.996,2.304490594989203
2017-05-18,8.928,26.796673799587754
2016-09-26,9.99,9.828290441004992
2015-07-08,21.12,20.543559961907512
2015-11-16,696.42,696.4200000000038
2015-11-16,304.776,278.3358230776015
2015-06-18,51.98,49.36011137891367
2016-04-08,24.7,27.865924120135983
2015-04-18,21.93,22.232026933687706
2016-12-03,394.816,402.0399736200118
2016-12-03,18.192,18.540721676658357
2015-12-10,7.31,7.696648706500844
2015-12-10,799.984,800.0869599999972
2015-12-10,41.28,40.491254512953155
2015-12-10,184.66,183.64439393275845
2014-10-31,49.25,51.33023695172053
2014-10-31,10.16,11.02612747014496
2014-10-31,14.76,14.46801274585858
2014-10-31,34.08,34.74293408893732
2014-10-31,17.67,19.44960491955541
2014-10-31,1604.9,1604.9000000000083
2014-10-31,385.686,385.6860000000013
2017-12-09,15.984,14.75829460936673
2014-05-05,9.42,10.64330368172349
2014-05-05,6.56,7.093686910907583
2014-05-05,24.56,24.591464072855974
2016-03-04,128.4,129.57643636776714
2014-11-30,62.28,63.7729762911413
2015-02-18,9.24,10.671814589085946
2017-04-01,482.664,482.43452833333373
2017-06-11,37.94,39.21869225211845
2017-06-11,18.288,21.459560294401548
2017-06-11,385.8,1080.9497177777791
2017-06-11,102.96,91.54813679948477
2017-06-11,174.42,176.6885549047608
2016-09-30,1.964,2.4670722857278973
2014-12-13,94.428,44.82510385906685
2017-11-11,45.92,46.19635182472532
2015-01-05,61.584,61.70561222222239
2016-03-24,22.48,22.304737464930017
2017-07-05,332.028,332.0280000000012
2017-07-05,11.394,11.351603601280054
2017-07-05,15.552,16.22486231035556
2017-07-05,31.104,31.6045947472467
2017-07-05,6.316,6.713798845885694
2014-09-21,11.352,12.581270766802543
2014-09-21,20.808,21.69662479674158
2016-07-23,11.416,11.902688004431779
2017-08-29,9.408,12.762602311034456
2017-03-26,19.83,17.833476440894366
2017-12-29,209.7,210.48544698340027
2014-09-20,43.92,42.82462561838041
2014-09-20,20.232,19.841430803798065
2016-04-04,149.97,55.50218782226146
2016-04-04,27.81,27.967492890955
2014-03-26,66.3,65.59780857066268
2017-11-28,1.64,3.497557481155674
2017-11-28,1049.2,1049.0626666666726
2017-11-28,20.9,21.883766537896648
2016-12-01,88.08,88.36029435477246
2016-12-01,751.92,751.0590866666711
2014-09-19,887.103,888.3250361666688
2015-10-23,55.944,58.03572803986088
2015-10-23,10.688,12.912483249903824
2015-10-23,11.824,26.14103898252273
2017-10-13,63.312,61.919944867925174
2017-10-13,96.784,102.46936999999967
2017-10-13,10.476,10.6655362433863
2015-09-04,9.762,9.309892275192126
2016-03-14,196.784,209.74904653662975
2017-10-28,47.98,50.54916564124202
2017-10-15,13.05,14.58434059430491
2017-08-07,63.96,66.67819070756904
2017-09-21,80.48,81.39591483312287
2017-11-03,11.673,10.777165779277203
2016-11-05,863.128,870.6544509999992
2016-11-05,3.564,3.965409348681576
2016-11-05,956.6648,956.4426893333346
2016-11-05,12.588,12.447495641321023
2016-11-05,171.96,458.7996068888893
2017-06-25,871.4,1059.49104
2015-11-26,692.472,894.0953633333328
2016-11-24,207.76,209.53667944444504
2017-07-21,71.928,73.57638241053404
2017-07-21,25.99,23.443719505756743
2015-10-23,3.592,4.6491612346954785
2015-07-09,48.632,48.769627333333084
2017-08-18,323.1,319.24874017259106
2016-04-16,9.96,11.67959828370026
2016-04-16,25.3,26.608187847742983
2014-11-14,11.36,11.873974899889111
2014-11-14,69.264,76.02362135016793
2014-12-20,3.69,4.598919210197823
2014-12-20,1103.97,1103.969999999995
2015-11-21,246.1328,244.30539000000027
2015-11-21,11.696,11.756151416542263
2015-11-21,439.992,533.3010366666657
2017-12-28,64.784,64.55160709125775
2015-05-17,33.28,32.720667353916284
2015-05-17,14.088,14.785797540909192
2017-12-09,11.16,9.612351294938458
2017-12-09,896.328,1193.5190366666664
2017-12-09,189.0,193.44612593860927
2017-03-10,53.982,51.79696130355155
2017-10-22,177.225,414.77475833333284
2017-07-03,129.39,245.14960245522516
2017-09-04,54.32,116.23885379050752
2017-08-23,49.568,47.69892231594405
2017-08-23,161.376,148.83722369104868
2017-08-23,2.784,12.662634336471868
2017-08-23,8.72,10.874248254239518
2014-08-22,3.912,5.116872999520507
2016-10-04,59.752,58.1930958907183
2014-10-26,63.92,11.37225490442152
2014-10-26,383.96,398.80546124960824
2016-06-28,7.752,10.279209015300557
2016-06-28,33.568,33.69741010862409
2014-11-04,666.344,668.5257113919045
2014-11-04,573.728,736.7761166666664
2014-11-04,21.936,23.965436534259457
2014-11-04,19.44,19.815903155033848
2014-11-04,447.968,447.695199999997
2014-09-08,16.78,15.874917253021732
2015-06-25,20.96,15.729605657732986
2015-06-25,88.752,82.6863988171561
2015-06-25,304.23,151.11879263740167
2015-07-26,167.86,167.62085265461093
2017-12-07,82.38,83.31435439472101
2014-12-29,23.976,31.49290721679198
2014-12-29,33.29,33.446457127083846
2015-02-14,14.952,15.56671817658891
2015-02-14,323.982,389.0053766118801
2015-02-14,2.286,3.022810354366474
2015-02-14,14.352,9.411758409693528
2015-02-14,71.976,63.46255438295431
2016-01-25,9.21,8.889133484583585
2016-01-25,18.0,19.38632469788605
2017-04-01,42.93,42.2169890050746
2017-10-03,15.552,15.79688841882572
2017-10-03,17.92,17.858806806406378
2017-09-01,19.99,20.411703199490134
2017-09-01,22.92,24.25714133599931
2015-12-21,50.88,80.65142228140073
2015-12-21,27.312,25.611188218447694
2015-12-20,7.92,8.191669348914282
2015-12-20,14.368,16.95810408412174
2015-11-27,107.97,82.42554449664593
2015-11-27,113.82,113.87405638259705
2017-08-27,5.184,5.718677755617975
2014-03-22,16.28,17.988879271985308
2017-12-17,544.38,544.5815589682562
2017-03-19,19.824,21.284276757348497
2017-03-19,657.504,657.3290933333293
2017-03-19,99.54,93.21110550371951
2017-03-19,199.96,200.03528884920567
2016-09-18,631.782,621.5845666666685
2016-09-18,60.72,67.60688594384546
2017-11-24,20.724,20.061325090408204
2017-11-24,415.872,410.3401154567921
2017-04-11,16.768,32.55327726326035
2017-04-11,27.12,28.482865056263762
2017-12-10,95.84,149.03038221773588
2017-12-10,12.96,13.159306117106032
2017-11-24,19.008,18.085773429622254
2015-12-04,1598.058,1350.4624666666712
2015-12-04,36.96,55.30979799996581
2017-12-11,10.368,10.713248218243336
2017-12-11,77.72,77.72000000000014
2017-12-11,520.464,506.26562324329365
2016-05-21,111.96,111.9772554764636
2017-02-17,29.16,35.98037896588959
2017-05-20,131.94,126.23157278860184
2017-05-20,25.92,25.605855533732935
2017-05-20,704.76,703.5681846031766
2017-05-20,7.41,9.31085808954824
2017-05-20,21.5,22.085439345184323
2017-09-11,10.528,11.968576679931148
2017-09-11,20.544,20.638577320918905
2016-11-05,104.9,107.86602288287777
2016-11-05,39.68,46.30836833536208
2016-11-05,51.75,60.08568555056711
2017-07-23,11.68,15.0243608487438
2017-07-23,159.75,154.97479708651647
2016-11-18,103.968,186.6240783957866
2014-04-25,303.25,302.1474966666667
2014-04-25,270.72,267.5336988175584
2014-04-25,1487.04,1485.2103111111041
2015-11-30,17.48,17.50324238484177
2015-11-30,71.88,69.57348546248477
2015-10-25,60.45,53.95143961815212
2015-10-25,253.176,510.8606103333338
2015-07-20,2.88,3.2179989341173263
2015-07-20,384.944,386.2302362452185
2015-07-20,153.584,140.09342004653118
2015-07-20,913.43,906.7978841666617
2016-10-27,43.92,42.81056384644864
2016-10-27,25.032,23.30025624677196
2017-11-20,46.76,47.12967428445439
2017-11-20,183.968,198.27911986878337
2017-11-20,1259.97,1260.0279666666588
2017-11-20,68.97,62.589498361017796
2016-09-08,70.368,35.832248931141585
2016-09-08,59.96,89.50079646731575
2014-07-20,25.984,31.123045654844233
2014-07-20,27.36,29.567560880965793
2016-11-15,361.376,325.41991178511256
2014-07-07,172.186,174.95387511006513
2014-07-07,69.008,66.35257933255751
2016-03-17,199.9,199.71702634833537
2016-03-17,901.95,901.823725000005
2016-03-17,971.5,971.4071666666667
2016-12-26,11.328,14.482883407438342
2014-09-02,21.24,22.837334509350562
2015-07-05,34.8,39.068033413096856
2015-07-05,38.976,55.535141947743654
2016-11-20,9.08,9.826897434090156
2016-11-20,314.55,314.01321898069176
2016-11-20,4.91,6.697510514935031
2014-05-06,5.78,7.354773454734589
2014-05-06,107.94,103.7456984378726
2014-06-21,19.65,19.443907704584696
2014-06-21,617.97,616.0160574206359
2014-06-21,59.7,88.57831065445185
2017-08-19,387.99,484.788542222222
2014-11-29,575.92,578.1155687301607
2014-11-29,30.4,33.48983598176904
2017-04-09,478.24,498.3366127777769
2014-12-20,190.848,215.58399999999946
2014-12-17,5.484,6.177932595624669
2015-11-17,40.92,38.59932082959987
2014-03-04,15.552,13.577927866171017
2017-05-18,17.24,16.621788945441956
2017-05-18,302.94,369.2272533730166
2017-05-18,34.75,90.86234209395214
2017-05-18,113.94,115.63755938933159
2017-05-18,55.98,58.23113062146658
2017-09-22,27.18,26.074369539317104
2017-03-21,1805.88,1805.880000000004
2017-09-14,70.95,61.28543800129077
2016-11-03,20.0,20.85178756936751
2016-11-03,7.98,8.497670227662603
2016-11-03,24.1,25.471140532706972
2016-11-03,8.75,8.521748146701276
2016-11-03,842.94,842.940000000002
2016-05-03,2.182,2.463398569760047
2016-05-03,27.384,22.32731705523808
2016-05-03,26.406,26.40788289366512
2016-12-27,10.368,10.664333820711526
2016-12-27,23.68,21.836333079526245
2016-07-22,109.95,101.95541698717943
2016-07-22,965.85,948.9238965005464
2016-07-22,29.2,32.34590024407787
2016-07-22,32.4,32.87324084850674
2014-11-16,78.35,78.1586885816068
2014-11-16,31.68,31.05634445454591
2014-11-16,29.12,31.45974343768125
2014-11-16,169.45,174.01020525592287
2015-06-19,12.56,12.60952397324294
2015-06-19,6.48,6.990118010557715
2015-06-19,186.69,186.6618886006473
2016-07-04,25.4,25.35358385464373
2016-07-04,43.96,44.8830772188041
2016-07-04,1279.165,1267.4706933333305
2016-07-04,27.92,129.6398306670216
2015-09-03,129.568,135.29125191187043
2015-09-03,6.368,8.26909647686206
2017-08-07,244.55,243.7006348203854
2017-03-13,1332.496,1332.495999999999
2017-09-28,32.776,15.430454216576608
2017-09-28,147.184,148.5255465016486
2017-09-28,54.384,43.45292802145331
2017-09-28,76.776,76.09623683211971
2017-09-28,14.352,15.346018221718877
2017-09-28,209.792,212.40774741111048
2015-08-07,3.304,4.618962647685959
2017-11-24,16.38,21.286020303422355
2017-11-24,167.96,168.26090721310726
2017-11-24,321.568,300.96011422927637
2017-11-24,12.96,13.1758199342283
2017-05-08,128.058,158.5749977652552
2017-09-29,63.686,63.70666444444448
2017-09-29,239.976,240.37119777777815
2017-09-29,344.22,344.19442000000095
2017-09-29,15.552,15.801922390506451
2017-09-29,21.248,28.774136221811666
2017-09-29,8.448,8.962754956497673
2017-10-22,333.09,266.3182470545222
2017-10-22,248.98,248.94511044444516
2014-03-24,24.9,25.517087591656193
2016-11-03,15.26,15.293483023479546
2016-11-03,43.32,44.96754405172312
2016-11-03,43.584,46.19032033062739
2016-11-03,116.28,124.52504123421842
2016-11-03,9.296,10.120482525963949
2016-11-03,19.44,19.816970093382746
2016-11-03,314.55,313.87901898069174
2015-09-05,16.27,15.88971575694701
2015-09-05,69.12,69.34725604936736
2015-09-05,4.47,4.866215365061716
2017-08-14,418.296,416.94686333333465
2014-12-01,659.988,659.988000000003
2014-12-01,8.128,30.662942690000357
2014-12-01,36.288,35.84281460319207
2014-12-01,909.72,904.1799145912703
2017-06-18,917.9235,737.0931993333314
2017-06-18,38.88,40.24441871457093
2017-12-02,631.176,631.1760000000043
2014-11-21,12.96,13.166591162565611
2016-04-10,12.96,13.159753268602286
2016-04-10,23.2,24.592772391838235
2014-06-30,25.92,25.68617236756966
2014-06-30,21.312,21.160465237187925
2014-12-24,173.656,230.41255924464267
2014-12-24,361.96,359.83667305635726
2014-12-24,62.85,60.662676113726995
2014-12-24,818.376,319.965340829874
2014-12-24,20.34,24.369658697632435
2014-12-24,23.99,23.960876747393442
2017-05-23,171.288,172.43293933333374
2016-11-10,37.3,41.19711412884091
2016-11-10,81.96,90.06239698873304
2016-10-02,54.792,54.06611093103268
2016-09-06,10.784,19.79571368569227
2016-10-27,290.98,291.15998333333334
2017-10-22,36.44,35.522813740764256
2016-09-15,21.4,22.26468635935784
2016-09-15,48.664,47.76321215969693
2016-09-25,16.56,19.545864473472044
2017-06-10,1347.52,762.2597380952385
2014-02-20,62.31,63.54826871826338
2014-02-20,20.32,21.008786265714715
2017-02-20,9.432,10.146129862984195
2014-11-02,34.86,34.69841432363673
2014-11-02,89.34,87.17697105229502
2017-07-17,269.98,267.4643440753194
2017-07-17,99.9,103.71478651533072
2017-07-17,39.08,46.757632337959485
2017-09-08,116.832,118.46087379994819
2016-11-14,2.296,2.841146474498847
2016-11-14,408.006,407.6657944444421
2016-11-14,40.44,96.22874356672914
2014-10-10,122.352,151.11545255586034
2014-10-10,15.28,15.833772755914111
2015-03-19,11.96,12.66241607606035
2017-07-08,15.84,16.286605238487475
2017-07-08,86.376,85.32720536607552
2017-07-08,18.24,18.499318319592874
2017-07-08,13.12,14.203735619117158
2015-02-27,105.98,92.54433291812386
2015-02-27,493.92,493.9200000000001
2017-06-16,5.936,6.104045327979642
2017-03-30,325.86,325.8919616666672
2015-07-12,383.607,383.45686166666917
2015-07-12,148.48,165.0050797003227
2015-07-12,537.544,537.705940289447
2015-07-12,1.928,2.324821355738645
2015-07-12,6.912,8.187896309081966
2015-07-12,7.76,6.858688899470915
2015-07-12,659.168,642.4373771640281
2017-04-30,5.76,7.392644775216557
2014-07-13,351.216,351.906351666667
2014-12-27,230.28,237.59392773039892
2014-12-27,12.84,13.418459490407416
2016-02-27,56.82,60.214230595360874
2015-03-23,31.56,30.41463665694592
2015-03-23,27.92,183.87171267299593
2017-10-21,8.559,8.103583522173048
2014-12-31,49.568,51.3302546340757
2014-05-05,127.869,157.36572704501958
2015-12-04,271.44,270.26055233539194
2015-12-04,110.352,106.91612904121205
2015-12-04,36.4,39.363432636101614
2017-09-26,419.136,420.8220805777769
2014-12-09,100.704,99.87426828411505
2017-12-03,45.216,39.94283945940415
2017-12-03,28.782,28.177444882186506
2017-12-03,24.448,24.65029076933517
2015-11-08,10.476,10.680567007696514
2014-04-19,76.14,79.52887196245929
2015-05-25,21.24,23.233842923347694
2015-05-25,127.96,127.27895306841128
2017-07-17,479.984,479.9839999999976
2016-12-12,657.93,658.1013900584751
2016-12-12,33.48,32.880377137226354
2016-12-12,13.9,13.251844541036874
2016-12-12,26.86,40.55441707741786
2014-04-11,9.584,10.295279291715715
2015-06-09,113.1,116.57795050723387
2014-07-27,65.78,68.3543423441237
2015-07-31,239.7,239.97559444444323
2016-09-19,25.632,35.07094953651425
2016-06-10,23.616,24.474814186981444
2016-08-26,8.26,11.776474864993649
2017-11-02,76.58,77.95114052755251
2017-11-02,8.8,13.206809913346818
2017-11-02,590.352,590.8838523809553
2017-11-02,5.58,7.33725817508696
2017-11-02,25.02,30.482096923114362
2017-11-02,452.55,386.0473152284705
2016-12-26,17.76,25.093662155505886
2016-12-26,302.384,289.8973746810606
2016-12-26,146.352,181.57051221643783
2016-12-26,7.9,8.505730471968636
2016-12-26,902.712,902.7119999999998
2016-12-26,53.97,49.82329492434965
2016-12-05,33.92,36.347168544044514
2017-08-28,21.81,26.310835851156977
2017-08-28,91.6,89.88925724935528
2015-07-16,150.98,151.01828333333395
2015-07-16,137.25,136.71948829548316
2015-07-16,11.52,13.408396707381995
2015-05-26,18.272,16.94227251078628
2015-05-26,153.728,171.186529163616
2015-05-26,12.224,13.523909888418618
2015-05-26,167.944,168.88642227777862
2015-05-28,45.99,46.001200057183375
2015-05-28,535.41,536.0037285714312
2015-05-28,6.096,8.075695671020014
2015-05-28,45.36,46.0170545126938
2017-11-09,47.12,58.11934953863083
2016-01-24,31.36,34.01795358614054
2016-12-31,47.616,23.598967493445965
2016-12-31,23.48,23.802927341990188
2016-09-05,62.79,66.73817066666653
2016-09-05,28.44,23.85219991606515
2015-09-04,134.376,114.2678101124637
2015-09-21,589.9,587.8035563834392
2015-09-21,542.94,542.9964591666685
2017-12-24,90.48,92.75201883618642
2015-10-05,77.55,101.31832621315027
2017-09-09,8.832,10.738958899339284
2017-09-09,177.536,177.30955394109577
2017-09-09,258.48,146.53930343375475
2017-09-09,14.136,22.324227171088655
2016-11-13,77.55,98.22940518560293
2016-11-13,24.88,45.902631529781104
2016-11-13,140.75,134.38445772762879
2016-11-13,36.63,96.213829045428
2015-10-15,17.14,17.105287760090107
2017-08-03,51.75,52.59108347279775
2017-08-03,123.96,91.59179687449674
2015-08-21,586.398,583.7463930762502
2015-08-21,80.98,49.47773407097117
2017-03-12,242.94,169.69168907447502
2017-04-27,123.92,117.93854176637981
2017-04-27,12.39,16.489986344066857
2017-04-27,47.3,41.72731631456801
2016-09-11,1599.92,1599.9199999999958
2016-09-11,11.09,11.838377523319135
2017-10-22,3.168,4.438789518831658
2017-10-22,579.136,538.3561850746181
2015-08-02,6.368,8.26724758797317
2015-08-02,558.4,276.62855573737346
2016-08-12,145.764,151.64565811909804
2014-05-30,13.62,13.979308686045073
2016-04-26,434.646,393.13350345176946
2017-05-14,440.19,440.21550000000155
2017-05-14,64.4,62.76614902437807
2017-04-08,244.55,242.69771982038515
2017-04-08,195.76,197.21657055864745
2017-02-17,11.76,12.937643532276077
2017-02-17,166.45,216.451389972675
2017-06-24,2.88,4.216114070714579
2014-05-05,45.248,42.087247430104966
2015-05-03,59.904,58.20549063866051
2015-05-03,23.696,35.10855413202839
2015-05-03,7.968,9.109363344585923
2015-05-03,18.2,20.292703802104885
2015-05-03,27.552,34.80221247369427
2015-05-03,844.116,651.7474215555558
2015-05-03,76.752,78.30563856478658
2016-09-18,3.0,4.027140457986796
2016-09-22,7.506,7.955113069336007
2016-09-22,16.56,16.407996296513335
2016-01-10,79.92,87.44774620455688
2016-01-10,69.98,70.08577736712147
2017-05-06,11.06,11.344794459098283
2017-05-06,623.4648,627.5513811111081
2017-05-06,772.68,751.9737101741918
2016-07-31,283.14,285.50578203291457
2016-07-31,635.96,634.9665921826619
2016-07-31,118.99,119.75658141560547
2016-07-31,272.94,192.43032727393938
2017-03-27,15.008,20.617819844596774
2014-03-14,33.088,34.00025143867457
2014-03-14,80.98,61.65303781602465
2014-03-14,82.8,82.5389002614375
2014-03-14,21.36,56.18591673596205
2014-03-14,62.048,58.62226070460936
2016-07-14,29.61,29.558939129430655
2016-12-01,863.928,877.0579052222231
2016-08-29,241.92,241.76115999999863
2016-08-29,163.88,163.93810666666602
2016-08-29,3.486,4.0311490364012
2016-08-29,10.584,12.196724222985834
2016-06-24,440.91,441.0623489473709
2017-03-30,5.715,6.734913512129361
2014-12-20,51.968,52.5947359518542
2014-12-20,71.976,73.94147509672446
2014-12-20,242.352,253.13240155146846
2014-12-20,221.92,236.95170638228316
2014-12-20,8.448,9.009093294692962
2015-12-17,29.52,31.365289885837015
2015-12-17,302.94,305.3316187296048
2015-12-17,142.36,148.11095991428613
2015-12-17,546.66,546.680433333336
2015-12-17,212.13,192.13314007565077
2017-05-11,5.248,6.4029918138690345
2017-05-11,74.416,71.18025016666215
2017-05-11,6.848,7.735118345195373
2017-05-11,7.996,8.149179653679697
2016-06-24,8.712,8.74631212466579
2016-05-17,65.17,69.72772125066214
2016-05-17,14.62,14.627193352387946
2016-05-17,173.24,141.66422049383146
2017-06-29,895.92,895.9250250000051
2017-06-29,130.71,275.84278644781267
2017-06-29,11.68,9.9908113883857
2017-06-29,62.31,68.21000552019537
2014-03-31,0.852,1.6224847323037468
2014-12-16,36.288,35.80656120280596
2014-12-16,56.568,56.564693333333054
2017-05-18,344.704,350.0241993797006
2015-05-12,201.584,218.8715967855567
2017-12-03,521.96,522.1026000000011
2015-12-12,8.22,8.629183805143663
2015-10-10,45.36,46.1620707343277
2015-04-18,947.17,812.3543420900809
2015-04-18,61.96,61.14345303332717
2014-06-07,268.935,269.3286538888878
2017-09-01,7.58,9.107171477869215
2016-05-22,14.73,15.693250338351158
2016-11-11,9.888,9.26124294678358
2016-11-11,671.544,647.3787308890686
2014-11-25,1117.92,986.6088644941574
2014-11-25,275.952,286.5177747812975
2014-11-07,123.144,140.5317541635987
2016-07-18,15.576,23.43680946766541
2015-03-29,212.64,210.581273849731
2015-03-29,9.87,11.190331074107483
2015-03-29,53.25,55.843074332421224
2015-03-29,19.92,23.32708483073696
2016-04-07,658.746,658.3406225000042
2015-06-13,8.26,10.121951757454687
2015-06-13,29.84,30.31882500129445
2015-06-13,67.98,65.26928045546721
2015-02-18,61.06,60.88183182820599
2015-02-18,35.544,149.82515222222247
2017-11-12,9.96,10.604599475543994
2017-11-12,9.21,8.935751244253396
2017-11-12,27.93,30.254193953174504
2017-03-05,7.9,7.676946036575703
2017-03-05,221.16,513.8532301318821
2017-03-05,127.96,130.4962602349876
2017-03-05,18.69,20.43510090834505
2016-03-03,25.35,32.9715392354911
2016-03-03,35.28,39.28050846895759
2016-12-24,33.4,33.92194485349083
2016-10-07,837.6,423.9787709259244
2016-12-09,40.68,43.865458494571754
2017-11-20,209.568,203.89404208253188
2015-12-12,22.368,26.20473492087543
2017-02-03,3.882,3.9463434223633103
2017-02-03,115.296,114.75897861101699
2017-09-21,1.908,2.84190731285906
2017-04-30,43.372,43.07551439420154
2014-11-03,783.96,790.03317505848
2014-11-03,48.896,52.48784691059175
2014-11-03,7.856,9.94029196927845
2016-12-30,5.904,7.048576727896919
2016-12-30,13.712,13.614299574070685
2014-09-17,182.94,191.77690888119088
2017-11-24,27.76,30.935058499878167
2015-04-24,25.99,23.354194618640978
2015-03-09,113.52,115.77167568925533
2015-03-09,359.88,333.72641422691316
2017-06-02,25.344,25.286646879733606
2016-09-19,11.952,13.616021372789584
2016-09-19,6.24,12.828482105708124
2014-10-31,742.336,746.7386386666698
2017-11-23,6.464,6.51757319312168
2017-11-23,11.52,13.426842867997587
2017-11-23,222.384,192.8815552042466
2017-11-16,23.36,19.29100728287458
2016-02-19,8.67,10.051913981191877
2016-02-19,25.71,35.706783707456694
2017-11-07,100.94,102.69047094533462
2014-07-08,63.882,64.01091999999997
2014-11-07,683.144,674.3462937666669
2014-11-07,1.476,1.8701505987120102
2014-11-07,40.712,40.18487396143401
2017-01-28,279.9,279.68162540598246
2015-12-11,13.12,13.867730166628277
2015-12-11,69.576,69.57599999999985
2015-12-11,4.224,6.994219519480978
2015-12-11,58.08,59.62633690740898
2015-12-11,52.416,82.90053741528537
2015-12-11,54.92,53.65932753038311
2015-12-11,364.95,364.98443111110925
2015-12-11,85.056,83.91231239187192
2015-12-11,27.696,27.194023901331544
2015-06-29,24.96,24.510328622365126
2015-03-16,43.13,45.66654994203277
2015-08-13,5.64,8.416710753538979
2016-05-14,57.582,56.928697373130014
2016-05-14,31.104,31.048118619605102
2016-05-14,30.192,34.14686867993344
2016-05-14,43.6,49.935746162659015
2016-05-14,4.768,5.982047475516024
2016-05-14,10.38,10.149181471855307
2016-05-14,13.392,13.191723674557254
2017-07-13,39.594,40.0976382051017
2017-07-13,91.008,90.78603254245401
2015-11-22,37.94,39.12328677605747
2015-11-22,42.8,42.063945202346865
2015-11-22,33.63,90.4968334833631
2014-11-23,62.808,59.006268780596486
2015-12-27,195.64,194.82442638979973
2015-12-27,239.9,264.2393319228419
2016-11-14,380.058,354.7647108709361
2016-11-14,1199.976,1199.976000000004
2016-11-14,48.576,49.34103390622052
2016-05-08,17.94,17.986797333673927
2014-12-26,18.264,17.64770613782672
2014-12-26,34.656,42.624854864233775
2014-12-26,81.552,75.14674150776071
2014-12-26,227.136,224.3284985575897
2017-06-08,10.36,12.038728639423782
2015-04-07,463.248,463.2480000000026
2015-04-07,383.952,382.7014886666681
2016-07-10,44.856,44.91504665957383
2016-11-21,30.345,30.792019525974023
2016-11-21,127.554,180.7843539347878
2016-11-21,77.952,77.81730640795932
2017-11-12,14.016,16.30855288192587
2014-11-01,69.52,81.1809533142926
2014-11-01,5.64,7.468472741548047
2016-05-15,13.776,15.029190778219487
2014-11-07,245.88,244.87904800278542
2014-11-07,36.63,105.80323681529472
2014-11-07,22.58,40.47781564994725
2014-11-07,12.39,14.177408370529639
2017-10-05,39.92,39.44710208202998
2017-10-05,61.96,61.157649486865736
2017-10-05,19.936,21.657467295546244
2017-06-01,3.798,3.9626455903453386
2017-06-01,27.744,28.833413786813367
2017-06-01,158.376,157.1767106542886
2017-11-20,27.58,31.235523416252562
2016-12-23,5.553,5.689702629087412
2017-09-29,243.92,253.49420603588888
2016-11-07,14.96,12.27902138459109
2014-04-04,7.184,8.598244093166981
2015-07-23,10.512,12.748577387730526
2014-06-25,263.96,229.99912150440883
2014-06-25,71.632,70.50227765777217
2014-06-25,9.328,5.427768845142784
2014-09-08,5.88,8.691633269765088
2014-09-08,975.92,1579.0732899999964
2014-09-08,303.84,299.8953442197361
2014-09-08,485.88,379.0419752263707
2014-12-12,12.54,13.35319146286854
2014-12-12,8.94,77.48067321479851
2014-12-12,9.24,12.86480525686441
2015-01-13,70.008,69.5637139470615
2015-01-13,77.6,83.32309185187586
2015-01-13,464.85,464.1968430555581
2017-12-15,10.192,13.746289914957245
2016-12-18,1793.98,1830.3427866666616
2014-04-11,758.352,758.82168476191
2016-11-10,20.368,22.2901602844312
2016-11-10,49.848,50.149572989711565
2017-06-26,239.97,241.1677602679179
2017-11-13,2404.704,1337.3150600000022
2017-11-13,563.024,575.9045226666676
2017-11-13,344.91,99.37155994491354
2017-11-13,8.64,10.261193960673438
2017-11-24,89.988,81.541469675087
2017-11-24,229.544,234.6160710215714
2017-05-23,1.824,4.925261042246432
2017-05-23,18.32,21.285090506219266
2017-05-23,48.816,61.98796662072687
2017-05-23,1.188,1.6174060102875274
2014-12-02,119.8,120.21433865221798
2014-10-03,61.568,48.8867718068664
2014-10-03,6.192,7.111709602192757
2016-07-29,2.214,3.0975886988624106
2017-11-02,5.32,7.813575813548857
2017-11-02,975.92,976.0421333333367
2017-11-02,2249.91,2249.9099999999985
2017-11-02,59.92,111.88357902864166
2017-03-08,171.2,174.34084398249425
2017-03-08,3.36,5.365265075775718
2014-12-16,114.2,114.5575753831091
2016-11-28,182.67,331.23554525829815
2016-11-28,101.7,98.93890127189543
2016-11-28,1126.02,1086.9525442956956
2016-11-28,1263.3,1263.273899999993
2016-12-23,8.82,9.22434651142008
2016-12-23,37.94,39.188964056446494
2016-12-23,4.2,5.860756898082327
2016-12-23,227.28,141.88668213018914
2016-12-23,47.9,48.36350422377772
2016-12-23,61.96,63.37863552560052
2016-12-23,1117.92,1066.5521743089712
2014-10-15,183.372,187.9999210953946
2014-10-15,7.968,9.119581913128492
2016-08-22,26.352,23.761233995679266
2017-12-17,481.32,486.04243109710893
2017-12-17,13.98,15.279966257004302
2017-03-07,25.92,28.00852231496386
2017-03-07,91.59,90.3341652621462
2014-12-01,674.058,633.5512891408126
2014-10-14,22.92,24.960431365464366
2014-10-14,269.9,223.1857213665125
2014-11-18,11.808,11.836630389675074
2014-11-18,9.588,18.214712698846633
2017-01-14,18.336,19.91766928522204
2017-01-14,36.288,35.83701085693539
2017-01-14,111.984,81.5248489752772
2017-01-14,5.97,6.689368561093968
2017-01-14,2.508,3.131857584017384
2015-09-24,35.96,34.51186066640852
2015-09-24,14.952,16.938018545202087
2017-10-09,67.144,46.585436993599586
2017-10-09,254.058,253.65987269147396
2016-01-02,173.94,178.32991548119315
2016-01-02,231.98,234.03023431341504
2017-08-19,2.296,2.8345544488578214
2017-12-25,96.08,96.44639302284489
2017-12-25,3.62,5.354169628286254
2017-12-25,629.1,729.1240000000026
2017-12-25,90.48,90.54702682123401
2017-09-10,14.88,12.304222738696389
2017-10-19,91.275,91.27500000000043
2017-12-01,19.44,19.8205480855654
2017-12-01,897.15,897.1499999999965
2014-09-02,57.75,51.035922315863026
2014-09-02,14.94,15.77660085776959
2017-03-25,23.1,20.731542130453644
2015-09-28,12.536,11.639905247265364
2015-09-28,1.08,2.272057459991852
2015-09-28,4.512,7.236529430480582
2015-03-15,16.776,30.218301388719883
2017-01-06,33.74,34.83718693123507
2014-01-13,1325.85,1325.8499999999947
2014-01-13,333.999,330.6632808853516
2014-01-13,19.9,20.252347383364732
2015-02-06,1268.82,1270.0200000000057
2015-02-06,283.92,284.5461509629616
2015-02-06,5.68,6.804014039658257
2017-12-21,375.34,342.1449249555044
2016-09-05,96.08,96.6254148572227
2016-09-05,11.68,12.512211705225576
2016-09-05,4.36,5.980682986514354
2014-10-04,29.24,28.919827209282527
2017-11-27,117.488,116.88415925599742
2017-11-27,18.84,18.720038583567323
2016-10-28,12.42,15.63660729969127
2015-06-09,12.96,13.184477510212512
2017-12-08,69.48,70.74193530354151
2015-03-16,85.9,80.56108127520721
2014-06-09,18.06,17.28998363503384
2014-06-09,79.14,78.7711213299424
2014-06-09,37.4,43.5175182365021
2015-03-20,2.512,3.1083670674208204
2015-03-20,18.864,20.40807564217915
2016-11-18,61.192,61.08241828122516
2016-11-18,67.84,65.20057180801875
2014-03-07,48.712,48.756739999999915
2014-03-07,17.94,15.15689069598315
2014-03-07,242.94,188.47086993750221
2016-05-15,7.764,7.687075232015627
2015-05-25,467.04,579.0991188715157
2015-08-02,128.85,121.54481493422728
2015-08-02,8.4,9.771444384834977
2015-08-02,199.98,200.87428694444554
2015-08-02,110.98,110.08279555555525
2016-11-06,207.984,209.1729030413873
2016-11-06,36.112,36.13458226577012
2016-11-06,35.568,31.909570489336858
2016-11-06,88.768,88.21575744645358
2016-11-07,12.9,13.25639768493792
2015-09-18,717.12,717.1199999999972
2015-12-07,21.36,22.18439914634574
2015-12-07,6.688,8.999037496313138
2015-12-07,773.94,774.2604379949894
2016-12-09,20.568,19.79138797694339
2016-12-09,4.356,4.713784598263997
2016-12-09,19.04,57.420901888122415
2014-11-16,5.22,6.813203712595303
2016-11-06,84.84,91.91723950956876
2015-09-06,7.24,10.441502007721065
2014-09-03,14.4,16.015217757847466
2016-04-24,15.552,15.796232987358268
2016-04-24,1325.76,1325.4952666666723
2016-04-24,3.108,3.5028050064175695
2017-08-31,6.672,9.040879810151301
2017-08-31,689.408,700.2829784675306
2017-12-07,1889.99,1889.9899999999934
2015-12-18,55.936,55.023295974751065
2015-12-18,18.432,20.526755982116875
2015-12-18,20.32,21.819026593096883
2014-11-04,52.064,53.444096744484895
2017-03-10,48.784,39.772477611655404
2017-03-10,13.092,12.916897010665098
2016-01-31,109.592,106.893312070653
2016-01-31,56.7,58.123195759947265
2017-05-07,79.99,80.98899424884411
2016-05-24,69.5,71.89249884481524
2016-05-24,191.6,192.22548583394862
2016-10-07,10.56,11.52595839082218
2014-04-30,47.79,49.497285017689805
2015-11-10,714.3,713.8377432539652
2015-11-09,2321.9,2321.900000000013
2015-11-09,17.94,93.91667479145842
2015-09-07,9.522,8.67263544345738
2015-09-07,791.964,791.9640000000052
2015-09-07,4.923,5.445136477393806
2017-05-11,209.979,209.97899999999944
2017-07-21,33.93,31.94677988005415
2017-07-21,222.32,230.64602159885544
2017-07-21,210.564,211.49439449675225
2014-11-24,35.168,47.31752587993279
2014-11-24,1502.376,1502.3759999999927
2014-11-15,10.11,9.86962940608075
2014-11-15,772.47,772.470000000001
2014-11-15,20.46,28.050232287286896
2017-03-23,347.58,314.2359173104591
2016-12-18,72.64,73.4488873240813
2016-12-18,772.47,772.470000000001
2016-12-18,39.92,39.77503811966365
2017-07-29,33.48,36.399412573293475
2017-07-29,461.97,488.4925552784375
2017-07-29,137.62,147.74442059362215
2017-07-29,302.67,302.13302389047493
2014-09-02,239.976,240.10444000000038
2017-01-29,8.34,8.601413714164734
2017-01-29,8.57,12.572728427696083
2017-01-29,119.616,118.18102900522223
2016-12-26,212.94,268.0154857499982
2016-12-26,26.49,25.51781129756542
2015-08-09,687.4,688.7709866666631
2014-04-06,653.55,709.5387866666674
2014-04-06,33.9,35.189450504547565
2017-11-17,239.96,240.14988111111103
2015-07-11,199.836,199.92870000000104
2015-07-11,716.0,715.7842083333333
2015-07-11,221.06,221.17752148800307
2016-11-10,67.71,68.40614777703239
2016-11-10,129.92,131.19449149641142
2016-11-10,467.46,467.46000000000214
2016-11-10,61.4,61.95490196614246
2016-11-10,720.76,719.1283784523829
2016-11-10,5.184,8.483551106852754
2016-11-10,14.7,13.757219104570629
2014-03-31,8.134,8.66672671035683
2014-03-31,79.984,76.03513048898981
2015-09-18,18.54,18.551047713298484
2015-11-07,24.4,22.93100117145874
2017-05-19,195.64,193.89514583394882
2015-01-03,398.4,398.8221493333313
2015-01-03,7.056,8.47720660136343
2015-01-03,1352.3976,1394.5995526666666
2015-09-08,26.4,26.238787167767786
2015-09-08,41.88,141.91324582095336
2016-04-03,99.846,99.8934173939398
2016-12-05,699.98,700.0151305555587
2016-12-05,584.82,569.6740459185295
2015-05-08,43.98,47.24732188910945
2015-05-08,377.97,387.44839243602775
2015-05-08,123.96,104.32931499209674
2017-09-22,391.98,392.6599548125014
2017-11-30,383.976,362.97858799999983
2017-11-30,1781.682,1629.9515243333299
2017-01-15,21.4,19.92068997036548
2014-08-08,549.99,549.9899999999999
2014-08-08,167.535,181.98884457627415
2014-08-08,38.34,37.84649485681225
2014-08-08,53.88,57.10599114099646
2014-08-08,299.98,299.7442909052428
2015-11-05,62.8,121.47579158712026
2017-04-25,13.904,13.965672432194
2014-04-20,744.1,818.7001666666664
2014-04-20,44.84,60.94524287302738
2014-04-20,401.59,401.5899999999975
2017-11-11,18.24,19.067604125978953
2017-11-25,359.499,352.39245332299123
2017-11-25,10.48,19.693361527038977
2015-12-18,20.736,20.923349232160856
2016-09-08,35.168,38.0542280290127
2016-09-08,64.704,69.74620018009645
2016-06-06,105.52,105.26505662856069
2015-06-19,5.792,6.108434522173183
2015-03-05,466.158,466.04691333333176
2015-03-05,10.312,11.792100068049862
2015-03-05,2.556,3.366298773445058
2017-08-04,7.968,9.32906991037787
2017-08-04,8.784,9.184547705582677
2017-12-30,3.024,6.278374354826653
2015-05-23,51.45,88.52334293706477
2014-12-06,14.016,14.333678588289082
2014-12-06,214.95,214.94999999999882
2014-12-06,35.04,38.857163161832524
2014-12-06,10.776,10.582030873626337
2014-12-06,4.6,5.101744830183694
2014-12-06,35.168,42.99202629633413
2015-08-07,19.152,19.462291786771207
2014-03-17,4.448,5.856835750069181
2014-03-17,5.184,5.75392867444091
2014-03-17,15.552,15.821168362943915
2015-03-26,40.032,35.24053715601389
2015-03-26,16.776,25.44563534070671
2014-12-14,186.304,189.56802893780025
2015-09-19,66.36,70.10952907588232
2017-04-25,42.048,36.63966949895633
2017-04-25,67.92,51.4634788582294
2014-10-18,52.512,53.84363359299047
2014-10-18,186.912,186.09754772117708
2014-10-18,10.048,11.285516605765176
2015-11-13,17.496,17.37610797787404
2016-01-31,15.552,15.808349865900743
2016-11-17,10.776,12.07100045457213
2017-07-25,3.304,4.103282115715277
2017-11-11,35.48,38.60101414266946
2015-09-26,34.44,36.68674610054911
2015-09-26,629.93,630.4508249999956
2015-09-26,79.056,82.99099055604397
2014-04-04,232.55,226.16356879693893
2014-04-04,99.98,101.8184092229989
2014-04-04,19.44,19.83173297359514
2014-04-04,12.96,13.301041025087146
2014-09-14,464.292,636.721461666667
2014-09-14,68.46,67.95747739071697
2014-09-14,601.3,601.614737777776
2014-09-14,16.99,17.667243290757998
2014-09-14,287.97,287.58620300841824
2014-09-14,44.82,45.13543163978244
2017-12-29,101.12,103.70268896990896
2015-06-21,107.976,164.06864503273303
2017-11-26,58.73,56.19782317362441
2017-11-26,93.344,103.23616123017747
2016-10-23,17.05,18.262777163982904
2015-12-14,8.096,9.571381761512793
2016-11-13,30.36,36.55981995813379
2017-09-29,23.34,23.83841057011302
2017-09-29,51.55,51.27063635312547
2015-11-08,119.9,121.24348082861603
2016-04-01,1317.492,1317.4920000000084
2016-04-01,63.84,65.08942877881306
2016-04-01,3.592,4.599461066324
2017-02-02,86.26,87.53225410737514
2017-02-02,139.04,157.7282190062912
2017-02-02,46.8,51.52842730664821
2017-12-24,8.544,15.591065446658428
2017-12-24,842.376,842.0915466666622
2014-06-21,1214.85,1214.8499999999963
2017-03-06,67.78,77.68831201799279
2017-09-25,39.9,128.40205616808407
2014-06-30,2.688,4.088470903368437
2014-06-30,6.6,9.596571189225237
2015-08-07,28.4,29.165559566956897
2015-08-07,212.94,210.23737326486108
2017-06-30,1001.584,1001.6355622222206
2017-06-30,569.058,566.06273193093
2017-06-30,14.224,21.41213479104234
2015-10-26,105.584,105.35099595373946
2015-10-26,68.72,65.81013627734478
2014-07-30,1367.84,1367.8400000000074
2016-11-18,301.96,293.3726820412708
2015-07-06,170.352,183.84781924398894
2014-11-10,3.9,6.376048485628759
2014-11-10,12.84,13.4464139840533
2014-11-10,15.84,16.075596968615912
2014-11-10,563.94,563.7412925000017
2014-11-10,62.94,102.87379553071483
2014-11-10,535.41,537.7772438888915
2016-05-27,144.12,144.43640401956824
2016-05-27,314.55,314.68511898069175
2015-03-08,3.408,4.755199450245633
2017-10-19,2.072,2.637707263441312
2017-10-19,328.3992,372.20995022381027
2016-11-05,53.248,55.50764753103039
2016-12-26,4.992,8.274804114621357
2015-04-13,37.68,45.21356542720794
2015-04-13,258.576,233.11744547873877
2015-04-13,75.84,85.18019051139225
2017-09-12,45.36,46.060816312255724
2017-09-12,45.78,48.75487168886436
2017-09-24,40.29,112.1204449148206
2017-09-24,38.71,39.036768485044995
2015-10-10,1801.632,1723.7842399999947
2015-11-27,748.752,748.7520000000013
2015-09-13,199.96,188.1979336630255
2015-09-13,1516.2,1516.2000000000075
2017-11-14,167.952,288.4492355555551
2017-11-14,45.04,30.526003965964787
2017-05-05,23.16,24.618202571501953
2014-11-28,397.6,393.23615666666865
2014-11-28,85.96,85.85914529440323
2014-11-28,13.12,14.289524642901581
2014-11-28,45.66,48.0535045419965
2014-05-10,158.13,172.1829167385084
2014-05-10,43.6,46.85380140596581
2016-03-03,2.304,3.6289139327078077
2016-03-03,431.976,413.01637146551656
2016-03-03,41.72,42.077209249437914
2015-08-15,104.23,144.39333641029003
2015-08-15,70.26,90.4812160558645
2015-09-12,9.26,9.846343331428367
2015-09-12,105.98,45.30413049148627
2015-09-12,1.24,3.0247928962645845
2015-09-12,20.7,20.90051903222168
2015-09-12,28.9,29.86706691612594
2015-09-12,27.18,27.316228553543056
2015-01-12,465.18,465.6678666666636
2015-05-12,36.63,110.54459295372523
2016-09-26,51.45,84.22905809300073
2016-09-26,7.83,9.36618847570814
2016-09-26,35.4,36.65378140958896
2016-09-26,29.9,29.219844703427515
2017-09-09,17.48,17.450830425376612
2017-04-15,79.14,78.71013008350363
2017-06-10,8.4,13.191346083793672
2017-09-01,498.26,498.2632999999991
2014-06-14,212.94,214.14563662698492
2017-05-18,706.86,706.246211904757
2017-05-18,114.95,113.0621610131421
2017-05-18,43.19,44.63023687816954
2017-09-12,166.44,165.96914804100135
2016-06-21,36.56,37.929648156766504
2016-06-21,186.144,183.43833181505488
2016-06-21,353.568,350.80245482222165
2014-11-26,81.98,83.1896539474395
2017-03-19,14.624,15.167615934550822
2017-03-19,697.16,697.1600000000029
2017-03-19,30.93,36.93885239297046
2017-03-19,27.496,29.586983530891853
2014-10-18,605.34,604.3194722222195
2017-08-22,210.008,210.1722691111122
2016-11-19,54.96,55.220499935466265
2014-09-20,164.22,163.2922126626565
2014-09-20,362.94,359.95767200377526
2014-09-20,59.98,62.875979846810395
2016-09-11,332.94,116.26305162863318
2016-09-11,39.872,37.834167052250606
2016-09-23,13.68,21.621996745818436
2017-08-04,3.318,3.7882237833869254
2016-07-25,10.44,10.93251373508325
2016-08-02,136.464,136.69210666666663
2016-08-02,333.576,324.2279278356545
2016-08-02,12.544,14.180667212241858
2015-05-21,20.768,20.979564752251044
2017-11-03,43.5,48.341559631392535
2015-04-16,12.576,13.29203913914378
2016-12-12,249.95,89.54511152059905
2016-12-12,49.12,48.64172829277499
2015-10-30,182.91,181.3261324449882
2014-03-07,107.648,104.65263059653182
2015-03-05,99.372,109.25477064868825
2015-03-05,33.568,36.605975684315645
2016-08-08,10.56,11.036723437730558
2017-01-03,38.88,39.497939080147624
2017-10-09,35.2,35.23665192078562
2017-10-20,45.528,45.94721311451283
2014-09-07,196.776,136.9904427148602
2014-09-07,2.92,3.429876497755046
2014-09-07,200.795,199.46780055555436
2014-09-07,46.688,46.863068374494645
2014-09-07,21.864,20.250783257151387
2017-09-30,11.76,12.491447935752296
2017-09-30,167.94,168.37294478788596
2017-09-30,3.89,4.753662282843601
2017-11-16,52.44,52.80978269841285
2017-09-11,32.36,39.745861634030106
2017-09-11,406.6,401.0029566818565
2017-01-16,27.92,27.61132530184593
2017-01-16,399.672,399.5916400000022
2016-11-26,3.744,4.709728814610291
2015-11-07,715.2,715.1417444444477
2017-12-14,159.8,159.7769377777783
2017-12-14,44.75,45.20551618542569
2014-09-13,340.116,355.9494417625652
2014-12-07,105.52,105.33441374696453
2017-09-07,13.48,13.364484679916954
2017-10-07,85.52,104.84887649316184
2015-09-05,6.16,7.1675190132997
2015-09-05,36.84,36.86076436746979
2014-03-30,15.84,92.51803845036713
2014-03-30,44.4,45.712883471813896
2017-05-05,21.24,22.866082209568695
2017-05-05,9.552,9.964630678599608
2017-05-05,89.991,89.9910000000007
2017-04-30,163.96,164.87295745269225
2014-09-08,17.904,17.342614561043476
2014-09-08,966.7,938.0201272625698
2014-09-08,182.112,182.02610482221385
2017-06-20,4.464,25.75301899802825
2015-12-26,51.588,183.02347666666572
2017-08-15,50.4,49.88785418805812
2017-03-04,89.568,89.4888514809842
2017-07-27,14.89,14.357305566496231
2017-07-27,543.92,542.5164056140363
2016-09-23,4.08,6.399534903029402
2016-09-23,18.9,18.71558635717703
2016-05-30,2275.5,2302.9062133333273
2016-05-30,1979.7,1979.7000000000016
2016-05-30,62.1,62.73718666394412
2014-11-16,37.296,221.59052003306962
2014-09-21,8.544,8.801754677489184
2016-02-21,68.95,72.53895515171483
2016-02-21,296.37,309.1649746882777
2016-02-21,39.98,43.61587885034094
2017-11-19,191.058,206.1794627100259
2017-11-19,13.04,20.32513032816759
2017-11-19,1525.188,1525.188000000008
2016-08-21,9.216,11.323511482977267
2016-08-21,28.048,27.216433453663033
2017-04-30,64.96,69.50259916044573
2017-04-30,30.56,31.52348935990664
2016-05-02,187.056,640.2824895686263
2017-10-02,11.808,15.083923987010145
2017-10-02,9.656,11.088295491547848
2017-10-02,20.736,20.890748478564234
2017-10-02,27.36,27.49607437302924
2017-10-02,2314.116,2314.116000000003
2017-10-02,34.236,34.49247304550726
2017-10-02,19.76,24.200066595686867
2017-09-18,15.96,16.680697537073232
2015-12-04,16.9,19.41508754917038
2015-12-04,25.08,25.07212431752124
2015-01-17,6.68,7.244608607889179
2014-01-06,19.44,19.82918707319559
2015-03-05,31.92,38.64946268169619
2016-12-25,33.568,34.19546586131772
2016-09-04,63.94,66.74711886149743
2016-09-04,60.6,58.423443545817115
2016-09-04,22.72,38.091866230574595
2014-08-26,10.68,12.047496539916745
2014-08-26,17.34,18.234476306887473
2014-08-26,3.38,4.4369282799535155
2015-05-21,26.976,27.130385955137335
2017-10-16,307.776,307.81018548148046
2015-11-09,244.55,140.72091813139056
2015-11-09,12.24,14.617747886942155
2015-11-09,13.98,16.396256421269523
2015-11-09,899.95,894.2195166666714
2014-11-21,1.632,3.233477801186261
2014-11-21,267.96,252.25202041127596
2015-10-11,31.95,9.345467187853433
2017-03-21,725.84,725.3283746031716
2017-03-21,10.896,12.9695977236137
2017-03-21,8.544,9.878759463495049
2015-01-04,32.34,34.60914526281294
2015-01-04,39.9,42.13936602965839
2017-12-09,143.856,143.99256003110224
2016-09-06,41.92,43.26530827260421
2016-09-06,329.584,335.02287488320695
2016-09-03,87.28,88.55690906042179
2014-05-13,279.456,286.8337884879094
2014-05-13,8.0,9.387803137787486
2016-09-29,27.24,28.504284006460676
2014-08-05,16.36,16.07922729896455
2014-08-05,15.78,65.93972421288076
2014-08-05,45.98,42.14061291439868
2017-04-14,198.272,558.27403611111
2017-06-09,720.76,713.3720702770584
2016-12-29,70.56,72.1115955600112
2016-12-29,81.96,80.25817569777777
2014-01-18,64.864,61.72573297114408
2016-11-20,151.192,146.05106496255607
2017-06-10,88.776,94.24400169575452
2017-06-10,11.56,13.337658272486996
2017-06-10,15.58,20.586266812745286
2017-09-10,85.056,83.60235826960833
2017-04-08,273.96,274.2020833333339
2017-04-08,306.9,307.0660333333324
2015-10-24,15.552,15.8336569968872
2015-10-24,347.361,675.6419716666678
2015-10-24,10.368,10.665496419002123
2017-05-27,98.16,99.13359528516962
2017-05-27,31.44,25.064257871922894
2014-12-05,348.488,349.75288304857963
2014-12-05,172.736,161.96291799788253
2016-08-14,15.54,17.03679979869419
2016-08-14,105.552,109.942852726559
2016-09-05,25.92,25.62444677429213
2016-09-05,15.808,19.95176756312769
2016-09-05,10.368,10.984927619564473
2017-06-26,358.2,351.66097906022605
2017-06-26,545.916,549.6424723931606
2017-03-12,40.41,40.47606964204477
2017-02-18,167.976,147.76828070128633
2017-02-18,109.53,110.17227692592554
2017-02-18,9.82,10.839992170882091
2017-11-10,26.352,27.94495226940741
2014-11-19,22.5,23.19451707207173
2014-11-19,9.96,10.639469275119351
2014-11-19,213.08,213.42252881845204
2014-11-19,1025.88,1025.2059000000033
2014-11-18,21.98,25.38350060370396
2016-09-24,63.2,73.42524831614415
2016-11-20,39.0,71.5340324757827
2016-09-27,2.907,3.5924957832431277
2016-04-09,556.665,556.4246786190472
2017-09-21,71.98,57.26379933818863
2017-09-21,79.98,78.75241079410388
2017-08-24,24.672,23.7392154269038
2017-08-24,3.744,5.043499421739126
2016-02-22,445.96,459.4866835120977
2016-02-22,36.24,36.56772505391505
2016-02-22,10.65,11.79727358148739
2017-12-08,87.92,87.50494983515333
2017-12-08,22.424,23.5884435308818
2017-12-08,90.48,98.92124994729754
2017-12-08,42.76,45.34879245331046
2017-09-18,10.08,14.825546396347402
2017-09-18,101.34,93.48854706738936
2016-09-11,224.75,225.4335758730158
2017-09-23,73.176,73.1157646666664
2017-09-23,20.736,20.8837061968339
2017-09-23,39.984,41.70834427868112
2014-10-06,15.36,17.118879201138178
2015-10-23,36.288,35.79521706162403
2015-10-23,150.384,154.8911078000382
2016-03-31,280.782,279.4657233096914
2016-03-31,31.984,32.23689481312008
2016-12-29,11.232,13.055333271932533
2017-11-03,26.4,26.222081857900566
2017-01-20,3.52,5.4927198141552545
2016-12-03,1649.95,1666.2421666666683
2016-12-03,111.9,113.13788783040543
2016-06-14,599.165,530.4770251005283
2016-09-02,46.53,88.8068341876685
2014-09-05,31.984,30.310807177082705
2017-10-21,161.568,153.50155965339664
2017-10-21,4.064,4.93433765443742
2017-10-21,6.216,6.988261975586496
2017-04-25,8.896,11.618071607185332
2015-10-19,1640.7,1640.700000000008
2015-10-19,270.0,378.0096142857146
2014-07-05,19.52,24.389065298992993
2014-07-05,9.81,9.51594230064272
2014-07-05,213.216,201.9442589151221
2016-04-04,588.784,588.3231031746066
2017-11-13,2.064,3.4254205271645763
2017-09-09,6.368,8.436555700813068
2015-04-17,99.6,99.63958282051235
2015-04-17,62.296,60.22558295106681
2015-04-17,10.71,9.743193653569442
2016-07-25,20.936,20.310880068106197
2016-08-26,33.0,37.0631783664119
2016-08-26,249.95,248.9394083333321
2014-09-12,357.93,306.0891958324337
2014-09-12,57.4,104.30130742002446
2014-09-12,331.96,332.0216271428589
2014-09-12,40.56,51.09476744101876
2016-07-22,86.2,89.6417628911602
2017-05-19,38.016,38.23225046168147
2017-04-28,8.384,20.115897487719852
2017-04-28,6.848,6.6873071478889825
2017-12-29,19.6,20.65184760712171
2017-12-29,68.46,70.69232974470077
2017-09-04,13.344,15.354000522252969
2017-09-04,1478.272,1478.2719999999977
2014-03-21,16.272,24.086225745485276
2017-09-28,9.24,12.053171197069691
2014-01-19,32.34,31.90225746061069
2014-01-19,56.064,55.97351027103516
2014-01-19,108.72,113.8932814251587
2014-01-19,181.47,181.47000000000074
2014-02-14,16.176,17.004705189498605
2016-06-09,122.352,147.79197704123055
2014-09-26,585.552,653.5197733333333
2014-09-26,19.44,19.828177419774274
2016-05-30,123.92,81.35573037982523
2017-12-19,13.36,21.324765715120286
2017-12-19,78.256,83.0253504782995
2017-12-19,102.018,102.01800000000001
2017-12-26,750.68,704.6231105239868
2017-06-15,44.4,46.043097166230744
2017-06-15,84.55,110.30604698221275
2017-06-15,17.94,18.868685103290805
2016-11-20,128.4,129.88636840538638
2014-03-31,1.869,2.2499113628797507
2017-10-08,103.192,103.31423978886853
2017-10-08,36.0,35.39304631969214
2017-10-08,239.96,240.94022777777772
2017-10-08,40.68,68.35235873005831
2017-01-30,419.136,473.35663555132214
2014-12-12,23.472,22.72031911133665
2015-10-24,3.592,4.203852526353317
2017-04-01,23.976,30.56883017140312
2017-04-01,6.264,8.227719674861278
2017-04-01,20.808,20.122134611146446
2017-04-01,218.352,224.53233506599358
2017-01-26,18.16,28.97511441043115
2014-11-28,7.36,13.642266788109628
2014-11-28,41.4,42.24130762453
2014-11-28,411.332,411.9093489444427
2015-09-04,7.656,8.097060796062022
2017-06-12,63.92,64.68872271305541
2017-07-15,6.56,7.072683705535119
2017-07-15,7.83,9.363911190334463
2017-07-15,41.9,42.20249520387261
2017-07-15,664.146,630.2059516666658
2017-07-15,8.96,10.314111579607017
2017-11-02,3.312,5.074105415889304
2017-11-02,20.136,16.15357794548439
2017-11-02,8.856,10.289631271206426
2017-11-02,859.2,859.2000000000047
2016-10-08,61.96,61.20114298527755
2016-04-08,17.92,19.26314029808537
2015-10-08,145.9,147.6777560317468
2017-05-15,56.704,57.438437847072834
2017-05-15,11.12,42.650302878705695
2014-02-24,32.896,31.56430727546794
2014-02-24,22.776,21.905296993421512
2015-05-30,239.97,198.44585556791804
2015-05-30,160.32,157.23519666872986
2015-05-30,128.85,126.24662431456915
2016-11-18,1319.96,1675.0542999999975
2017-12-04,239.96,240.1197977777777
2017-12-04,54.768,46.778176108888346
2017-12-04,13.392,17.665903003461324
2017-12-04,23.92,24.492550715592806
2017-12-04,255.968,255.9572399999996
2016-06-05,21.552,21.96653612284683
2016-06-05,58.24,55.08535193348152
2016-12-10,80.28,79.26574432655511
2017-04-30,9.78,12.132802309590296
2017-04-24,1.81,3.3229978267703615
2015-05-08,37.94,39.221688386816766
2015-03-31,79.96,103.42242440519645
2017-08-06,115.296,115.11660864934863
2017-12-02,2479.96,2135.6811666666667
2016-06-06,179.94,181.54584694444495
2016-06-06,26.85,29.71004009674666
2016-06-06,323.37,323.96487916666587
2016-06-06,59.94,59.91870197236652
2016-06-06,64.14,65.91004051442724
2016-06-06,11.67,13.676230297577368
2016-06-06,12.96,13.191802271007107
2015-04-13,17.43,18.238497162165114
2017-05-22,181.986,247.41093689379497
2017-05-22,1.592,2.1832506151667586
2017-05-22,22.344,23.733593680656373
2016-12-19,455.97,455.970000000001
2016-12-19,10.44,10.512422165371861
2016-12-19,5.214,5.676674957485926
2017-09-22,67.4,102.01278320506093
2017-09-07,25.16,37.70790050138206
2017-09-07,126.56,440.0623625938029
2014-11-28,43.68,41.664936402018114
2014-11-28,139.93,161.55060348148174
2014-11-12,2.672,3.5630683079543495
2014-11-12,16.656,17.511978373626075
2014-11-12,79.512,80.0465577782388
2014-11-12,36.288,35.80656120280596
2014-11-12,67.9932,68.0096086666671
2017-10-02,10.16,11.797708742131315
2015-12-14,6.16,6.876656341938752
2015-12-14,56.3,51.462239880019816
2015-12-06,6.48,6.932899558658637
2015-12-06,1325.85,1323.8074841269788
2015-12-06,14.94,15.24629614541663
2017-03-31,34.54,39.13996612234875
2017-03-31,64.12,66.52464874866767
2017-03-13,19.456,16.43039620997827
2017-03-13,209.986,210.7114174999989
2017-03-13,29.76,18.728703625563963
2017-03-13,89.768,89.83326500000001
2017-03-13,959.984,979.2247733333311
2017-03-13,15.552,16.202966478327024
2017-03-13,34.36,34.35225270280014
2014-12-05,98.376,98.13542414517448
2014-12-05,29.94,30.48882740638158
2014-12-05,17.472,16.576219752543807
2014-12-05,36.738,37.97426169574687
2014-12-05,179.94,182.30782459442852
2016-12-12,383.64,524.5700533333351
2016-12-12,56.52,55.383949865452244
2017-09-09,6.56,7.08002891857845
2017-09-09,243.92,260.26306529705556
2017-09-09,47.52,48.28280742305671
2017-10-04,19.98,21.47221585353232
2016-05-09,8.0,12.006288491789402
2014-12-15,6.16,6.533621429488598
2017-11-30,83.56,122.63990319456141
2017-11-30,546.06,546.8548310130702
2017-11-30,269.49,177.7341572276625
2015-03-19,10.9,11.87115066977266
2014-07-19,6.096,8.364396287762396
2016-12-08,34.05,81.74630016384471
2016-12-08,352.38,353.8716734858519
2014-10-13,245.98,242.0102302804241
2014-10-13,18.94,22.447353945506052
2017-11-19,59.913,60.44524836762259
2017-09-24,391.98,387.49079072520027
2017-09-24,437.85,438.9918792863749
2015-09-25,68.62,69.86969814254448
2017-02-13,25.02,69.46861211086805
2017-02-13,10.71,9.689065815571546
2014-10-03,55.984,26.116506659511316
2014-10-03,14.48,15.847613650551667
2014-10-03,142.488,63.4551228059834
2016-08-27,14.16,21.1821423639156
2016-08-27,79.92,80.63287640553507
2015-12-03,590.352,590.5726618253997
2016-09-20,17.088,34.129282638570125
2016-09-20,98.392,98.20734166666652
2017-03-25,11.05,11.639113304242882
2015-12-06,7.78,8.453580159718184
2017-08-31,659.9,659.8999999999965
2015-10-05,53.04,63.61892006786523
2017-08-18,843.9,843.8999999999959
2017-08-18,1496.16,1496.159999999991
2016-02-02,117.96,66.98225316835735
2016-08-23,21.3,25.91559443452753
2016-08-23,1040.8,1040.773288888883
2016-08-23,29.34,25.850552909281685
2017-06-30,19.52,23.315404605167497
2015-09-18,443.92,272.3654432138579
2016-09-25,499.95,499.91113333333305
2016-09-25,3.04,3.9852064584444324
2016-09-25,201.96,201.95070449629566
2016-09-25,68.64,68.88717946586667
2016-10-24,100.0,96.34837616901227
2016-10-24,359.98,75.72978704630354
2014-09-29,6.16,7.018607268783877
2014-09-29,2348.82,2348.8199999999915
2017-06-26,13.872,15.00200466766534
2017-06-26,273.552,219.96950581230422
2016-08-21,815.292,815.2919999999943
2014-02-11,234.45,234.57207222222092
2014-02-11,1256.22,662.0615600000014
2014-02-11,17.46,18.181695835131457
2016-09-23,10.528,14.524256062326922
2015-12-05,152.8,155.35754006834108
2017-09-03,82.56,84.41535553813908
2017-09-03,284.97,281.44763379148714
2017-03-26,60.84,65.02920971377134
2014-12-21,1325.76,1326.6927111111165
2014-12-21,572.16,552.5070688409403
2014-09-23,28.8,30.678346501545608
2017-04-02,11.12,11.215011186826995
2016-04-01,7.04,8.542979856708577
2015-05-15,17.94,19.060541653271866
2017-03-23,34.76,33.78017590144142
2017-04-14,74.45,73.00907324634284
2015-01-04,192.22,192.22533333333405
2017-11-02,19.44,19.815076149636273
2017-07-17,32.4,32.90114290229337
2017-07-17,57.9,60.92864355682598
2017-07-17,10.56,119.79255383763892
2017-07-17,1194.165,1194.1649999999963
2017-10-06,40.99,42.672992202964565
2014-11-04,2.94,3.813391842190494
2016-12-18,45.24,42.699111160649664
2016-12-18,18.688,16.956156770497905
2016-12-18,11.648,11.066823359476306
2016-12-18,112.776,110.18925811811648
2016-12-18,377.45,377.44276444444256
2016-12-18,15.936,15.997582821108999
2016-12-18,28.68,34.48899565335795
2016-09-24,21.44,54.21334328161326
2016-09-24,511.056,509.1486375555553
2016-07-21,18.656,10.331058508334637
2016-07-21,11.088,10.926265965118532
2016-07-21,66.688,48.2090097173585
2016-07-21,99.488,76.57060451999911
2016-06-11,14.62,14.612315610035761
2016-06-11,53.984,52.434428085171405
2016-06-11,389.97,389.12971250000095
2015-06-09,355.36,354.3626930555561
2015-06-09,140.376,121.87613654415821
2017-10-27,15.84,16.70725681331376
2017-10-27,8.448,8.981773141140247
2016-01-22,12.96,13.155401629214998
2014-05-28,57.408,60.733476883104096
2014-05-28,27.6,30.512140249338383
2014-12-29,38.976,39.17440147811456
2016-07-28,20.44,21.013793521569294
2016-07-28,109.92,109.83221663955968
2016-09-24,6.38,7.481733449615175
2016-09-24,6.48,6.971241156906211
2014-04-02,15.84,16.096904958131784
2014-04-02,1049.93,1049.9999999999945
2014-04-02,154.9,150.4837633318412
2015-11-05,98.352,97.90753419512585
2014-07-28,14.32,16.171775019699577
2014-07-28,129.888,71.15501285411325
2014-07-28,48.944,48.78065851551747
2015-12-26,275.058,282.9808125385283
2015-12-10,27.36,28.6719306609692
2015-12-10,44.75,44.1406138075328
2015-12-10,134.99,135.05278533275703
2015-12-10,26.4,27.152450264182118
2015-12-10,542.94,543.1999225000018
2016-05-05,71.088,71.26526388888871
2017-10-14,27.396,27.43284135810923
2017-10-14,13.456,14.899700230819269
2016-11-05,11.84,12.036735777144587
2017-11-03,35.88,37.24596878515394
2016-11-24,40.752,44.44002850907931
2016-11-24,139.96,139.9883339715093
2014-12-14,2.624,3.4649771122572726
2014-12-14,136.53,136.37963999999943
2014-12-14,263.96,184.28308031745993
2014-11-03,11.64,21.2116271788355
2017-09-22,40.176,41.581513327241346
2015-05-08,79.44,115.43569873614429
2015-05-08,357.93,291.85932264584017
2015-05-08,127.764,133.057516013139
2015-05-08,19.44,19.835650564270704
2017-07-31,36.792,34.5465623858436
2014-03-01,5.94,15.94300653089943
2017-09-25,177.55,186.3966841941541
2015-10-09,619.95,620.3020833333354
2015-10-09,29.16,41.62780577422991
2015-10-09,57.96,60.330007030417086
2015-10-09,29.403,30.28464102364298
2017-03-29,81.4,102.24425949186868
2015-11-14,8.72,11.001436605949678
2015-11-14,91.176,82.16214687775653
2015-11-14,159.968,160.2554646450855
2016-09-26,12.96,13.159543744792762
2014-09-22,331.536,330.4194728138505
2015-09-25,899.91,899.9100000000021
2015-05-04,946.344,947.339612000003
2017-12-08,178.11,172.30028323060898
2017-12-08,1089.75,1089.5868333333333
2017-12-08,61.06,70.49447962170082
2017-12-08,459.92,458.78660511111036
2017-12-08,27.52,27.064938230106865
2017-06-29,638.82,638.8200000000045
2017-06-29,30.69,39.14211356286418
2017-06-29,25.16,25.864645679042464
2014-06-29,13.92,15.908918172522123
2014-01-20,19.36,19.411121775384373
2014-01-20,19.3,18.87579536415931
2016-12-31,38.376,38.28290733768012
2017-03-28,12.96,13.263173295973797
2017-03-28,26.48,27.795611118245834
2017-03-28,532.72,530.6263426455034
2017-03-28,26.72,27.18158899304042
2017-03-28,20.04,20.49908587839073
2017-03-28,795.48,449.41500236808906
2017-03-28,21.56,26.1385059444516
2016-12-08,249.584,284.3541397275146
2016-12-08,68.112,69.19900152990948
2016-12-08,16.56,25.857287695018712
2017-11-18,74.95,77.50289275724315
2014-05-30,355.455,354.75805250000144
2016-01-22,44.4,45.770539788742
2016-01-22,20.65,20.838894278415868
2016-02-03,866.4,877.2474222222219
2015-03-29,5.56,6.481581471716297
2014-10-14,3.16,5.753893743747651
2014-10-14,1999.96,1999.9600000000034
2015-08-11,46.152,68.04134064026607
2015-11-22,32.985,32.9838363690476
2016-12-30,481.32,500.9550744502835
2016-12-30,6.384,7.09088009995276
2017-08-12,542.94,541.9470039814831
2017-08-12,54.92,59.36489927733524
2015-11-03,1448.82,1448.8200000000058
2015-09-10,353.88,316.1019246998197
2014-11-08,333.576,300.8961445116056
2016-10-08,60.144,58.42551637465982
2017-09-08,85.2,85.11820260859474
2015-02-25,3.15,4.235127640855624
2015-02-25,22.72,22.57469790470266
2015-09-24,14.91,15.21099955467465
2015-09-24,1158.12,937.5426304761871
2015-11-26,599.99,600.3065444444436
2016-08-31,23.968,33.12600218906348
2016-04-12,638.288,624.3404502525165
2016-04-12,13.208,12.977727331720716
2016-12-04,15.528,19.108350494381533
2016-12-04,104.85,104.85898697321528
2014-11-11,30.48,24.55170223306921
2014-11-11,112.648,113.1258548148152
2015-04-02,71.976,72.36414111111097
2015-12-12,2.21,3.438428563722848
2015-12-12,15.52,16.944737916655793
2015-12-12,36.44,35.06798327338645
2017-10-02,217.764,217.76400000000112
2017-10-02,39.072,39.17780082110023
2017-10-02,22.638,22.12194929716271
2017-10-02,95.144,86.14705291146458
2017-04-10,12.32,55.297046549201816
2017-04-10,4.419,4.713097723727973
2017-09-29,35.0,36.25599798705223
2017-09-29,72.784,72.73537611111085
2017-09-29,97.84,93.24557938703835
2017-09-29,51.75,50.92853830044369
2017-09-29,46.672,46.75629031152256
2014-09-29,1395.54,1395.4446777777716
2014-09-29,117.36,115.92584902955122
2014-09-29,18.9,18.737455041212264
2014-09-29,77.52,78.74771337962245
2014-08-20,421.372,411.1365538756633
2014-07-11,575.968,565.669679727798
2014-07-11,10.368,10.672901822419922
2015-03-22,15.984,27.636578583642496
2017-05-12,10.272,9.633663495174126
2017-11-13,61.792,66.68435449638856
2017-11-13,205.9992,213.99020407322007
2016-09-04,12.192,12.71285699404216
2016-09-04,87.168,80.91116652574459
2016-09-04,31.744,36.01804958970448
2016-02-06,132.224,132.16094222222196
2015-03-22,105.52,105.54902879065789
2015-03-22,91.96,53.25520158412583
2015-03-22,1487.976,974.4087233333335
2015-07-02,19.44,19.834629934719807
2015-06-15,11.672,12.621429582249009
2014-11-26,279.96,280.2547631746041
2014-11-26,12.912,15.617409567227133
2014-11-26,17.088,18.929587319794997
2014-11-26,93.15,93.61545037026029
2014-11-26,11.52,13.492093648736025
2017-05-12,238.62,167.97196491073092
2017-05-12,7.77,8.236394375632216
2017-05-12,285.48,285.1763726666668
2017-05-12,19.168,20.03920959928619
2014-05-02,26.136,22.869963495837176
2017-09-03,419.4,419.2144333333311
2017-09-03,90.801,90.50882444444414
2017-09-03,181.764,181.34699758419188
2017-09-03,5.56,7.5384633881563525
2016-12-03,581.96,585.5674666666662
2016-12-03,29.98,29.97999999999977
2015-07-18,519.96,519.9932166666678
2016-07-21,6.264,8.183009737524406
2016-07-21,363.92,375.6964808982988
2015-06-09,64.2,61.19588889717368
2015-06-09,38.52,37.174977205576894
2015-06-09,72.6,75.21818126167823
2017-11-27,57.568,62.63210112703194
2015-03-27,83.7,148.6933265618577
2015-09-22,32.4,32.86492911801473
2015-09-22,47.98,44.62347983892296
2015-11-17,415.968,427.6636605555082
2015-11-17,304.9,243.02590224855382
2015-11-17,80.96,91.55663992779381
2015-11-17,777.21,725.9918995685786
2015-11-17,32.4,32.861774624037324
2015-11-17,225.568,155.32493931112097
2015-11-17,36.6,42.0387772222252
2015-11-10,715.64,713.8080385714334
2015-11-10,795.51,786.8446085714311
2015-11-10,549.99,549.9899999999999
2015-11-10,74.76,76.36249084895869
2015-11-10,29.22,37.71273369752178
2014-09-10,9.64,11.436368541780539
2015-08-05,33.488,47.273274660618014
2015-08-05,23.04,32.53415714138385
2015-08-05,1.362,1.7009917905832646
2015-08-05,14.76,15.37231536655946
2017-09-03,239.666,244.2133332619096
2015-11-01,301.96,302.1782666666679
2015-04-29,7.968,9.107585566808144
2016-05-01,109.92,109.9248263281119
2016-05-01,19.44,19.832436983622955
2016-05-01,11.16,13.203480597036686
2014-08-05,79.47,76.10587013762311
2014-08-05,4.56,7.141004482803437
2014-08-05,1133.35,1133.211899999998
2016-01-04,4.672,4.259627087577079
2016-01-04,104.58,104.30249739394013
2016-11-07,1603.136,1587.6797410634908
2016-06-14,1293.488,1293.4880000000076
2016-09-24,127.95,115.07812950185546
2017-03-30,59.76,67.15700206963834
2017-06-04,108.08,112.05848552350028
2017-06-04,9.54,11.529536219699123
2015-04-07,11.736,9.340868832409429
2014-05-21,447.86,447.7513600000002
2014-05-21,17.94,18.852029069429147
2014-05-21,245.88,245.44878452046223
2016-09-05,192.16,192.2774103119715
2016-09-18,801.568,785.3293927777773
2016-09-18,368.91,368.89018111111346
2016-09-18,885.528,885.39141333333
2016-03-13,28.28,26.410647136751496
2014-10-16,14.352,15.718190934867861
2014-10-16,179.97,181.63736577561397
2017-10-08,42.76,50.1808916268457
2015-05-07,45.68,45.439527367423516
2016-04-14,25.06,26.599353034886956
2016-11-21,38.432,42.325418658671076
2016-11-21,21.568,31.49274299679067
2016-11-21,81.576,53.67009712443859
2017-09-10,2.78,4.541765007138545
2017-09-09,99.87,105.06636599725216
2014-11-01,44.4,45.66741603591647
2014-11-01,21.4,21.635876640230027
2016-04-03,71.12,88.51225111043118
2016-04-03,259.96,266.208219032839
2017-01-12,9.78,10.796486259600034
2015-11-20,24.192,24.56170662411733
2016-11-27,31.56,33.99992138773508
2017-11-06,59.94,60.34455985224863
2017-11-06,45.36,46.21568651479556
2017-11-06,26.4,27.20884264659267
2017-11-06,41.4,42.21960761724982
2017-11-06,16.95,16.442074196511378
2016-12-02,24.704,26.3251871439336
2016-12-02,59.7,69.53177580403397
2016-12-02,14.52,16.048818296431538
2016-12-02,104.184,93.64679178955154
2016-12-17,46.53,76.16472379324445
2014-08-24,25.5,39.555147485487744
2015-09-17,14.9,83.75435939292952
2015-09-17,87.71,87.96392141553957
2015-09-17,199.764,186.0175196712868
2015-09-17,94.6,111.27871301000715
2015-09-17,2003.92,1993.2389833333336
2015-09-17,209.97,209.5869177044258
2015-09-17,659.9,660.016844444441
2015-09-17,110.96,110.72723231878314
2015-09-17,67.8,68.27387714654424
2016-11-26,313.176,318.27787333333504
2017-11-19,22.96,21.55468872414059
2017-06-03,1099.5,1099.5
2014-04-08,1215.92,1783.6416266666674
2014-10-11,7.31,7.713062507704042
2014-10-11,8.92,10.682687484494163
2017-07-07,87.21,88.0552469047613
2017-07-07,15.552,15.801156217666948
2017-07-07,683.988,682.7095352380985
2017-07-07,13.392,46.722573138265865
2017-07-07,16.776,24.558783474407633
2017-07-07,527.92,527.920000000001
2016-07-04,25.4,25.35358385464373
2016-07-04,177.48,192.89783005071052
2016-07-04,71.976,101.6439244497559
2017-05-19,95.992,93.47122980999522
2017-05-19,13.216,13.785961717993471
2017-10-12,435.84,435.8399999999974
2017-10-12,5.88,6.585574427887027
2016-08-06,211.168,210.6257393574105
2014-08-25,6.28,6.836898776943571
2014-08-25,95.1,98.78249433333293
2014-08-25,25.92,26.53371100655172
2014-08-25,48.84,132.41466759309563
2015-09-14,25.9,27.638364680060203
2017-03-05,42.68,42.272862322668374
2017-03-05,299.97,338.06519583333284
2017-03-05,262.24,258.18690120266956
2017-03-05,234.36,235.3568241572592
2017-04-15,20.736,20.896983576614904
2014-03-30,10.5,11.554959670402132
2014-11-11,23.968,28.509941956554812
2014-11-11,521.96,521.422840000001
2016-03-12,676.55,421.8501878720366
2016-03-12,154.9,149.91536196431986
2016-03-12,30.56,31.463602455144738
2016-03-12,770.352,769.9179596190529
2017-02-09,21.12,31.996181729770807
2014-11-11,575.928,601.6703407513228
2014-11-11,7.78,8.478901080353104
2014-11-11,123.92,122.71732312748946
2017-08-20,17.22,31.15531125420608
2017-08-20,226.56,241.90884873275346
2017-08-20,107.88,115.20448695520533
2016-01-15,81.98,83.07805781842961
2014-07-20,104.85,104.74896304045129
2014-07-20,8.704,10.509520894614003
2014-07-20,19.92,21.222715555558153
2014-07-20,43.02,47.527586064170336
2017-02-06,240.784,240.7839999999997
2015-12-25,414.96,413.4622693357774
2016-10-08,387.72,386.2994683444712
2017-07-13,360.38,362.1765937777789
2017-07-13,13.56,13.228608527878741
2017-04-24,552.0,534.8077086586796
2014-09-07,429.9,430.16903333333096
2014-09-07,32.06,34.01608065984296
2014-09-07,161.96,162.9854229100523
2014-09-07,19.86,43.034440769832734
2016-11-21,12.96,13.283922263105277
2017-09-16,20.544,20.476164172116377
2016-07-19,185.58,186.1262711640223
2016-07-19,77.56,78.10413879127628
2016-07-19,87.92,135.68223833756633
2016-07-19,245.94,245.957966084657
2016-07-19,8.6,9.588152699642784
2016-07-19,504.9,505.12619999999725
2017-09-15,2357.488,2357.4880000000094
2017-09-15,369.544,353.4401178080815
2017-09-15,184.752,245.82719326373976
2016-12-11,64.96,69.1407244235404
2016-12-11,13.52,14.93568519116221
2016-12-11,458.43,464.172490127166
2016-12-11,387.136,350.73399578372005
2016-12-11,328.59,330.2588337738074
2014-12-10,338.352,316.0148722191598
2014-12-10,25.92,26.504048258013707
2014-12-10,91.36,91.39890972083425
2014-12-13,87.96,78.26837924222013
2014-12-13,5.214,5.691872610255862
2017-09-21,12.294,11.244337761045578
2017-09-07,19.76,22.541975489228697
2015-11-02,109.764,128.58787548065447
2017-12-11,128.85,122.12131391550474
2017-04-01,127.95,81.09453835926352
2015-12-30,68.52,68.1250762078478
2015-12-30,74.94,82.61337722276062
2015-12-30,271.44,270.26055233539194
2015-12-30,287.88,289.7897665345553
2016-03-10,14.9,17.0057872802757
2014-04-06,91.96,81.78644657096201
2014-04-06,33.11,35.87544217464791
2014-04-06,19.44,19.82928707319559
2014-04-06,55.48,55.81720716454482
2014-10-05,91.92,90.11834452325849
2016-08-13,17.34,17.40618580349386
2016-08-13,71.98,64.94456029513734
2014-11-17,7.08,9.24886857466071
2017-04-24,69.98,64.37722647731363
2017-08-24,646.272,639.0387873650773
2017-08-24,10.368,10.980083181780033
2017-02-23,8.4,11.187967304469849
2017-02-23,71.96,102.92307035314013
2016-11-19,18.48,28.372311609415878
2016-11-14,9.84,9.816595633475874
2017-07-06,239.24,239.10269333333315
2016-12-25,21.12,21.482144375757848
2017-04-23,54.9,68.81037680330166
2015-12-14,15.24,18.308105264340767
2015-04-19,19.568,19.711945733055607
2015-04-19,310.392,310.392000000002
2016-09-04,42.6,48.283453137661006
2016-09-04,113.94,116.0167120979193
2016-09-04,129.92,163.46207842480516
2016-09-04,5.28,8.943215025119136
2017-09-24,859.2,856.1098985204468
2017-09-24,506.28,506.13901333333234
2016-02-04,14.368,17.26916160986152
2017-05-19,314.352,300.15127722884904
2017-05-19,27.888,29.754587326580978
2015-09-03,238.152,238.06256111111168
2016-06-09,692.94,692.9470333333352
2015-11-07,16.146,16.860959057333204
2015-11-07,1345.485,1363.9380366666717
2016-06-15,173.488,172.68038950153286
2015-04-25,57.75,51.21725270851657
2015-04-25,272.4,269.74006674612883
2016-09-23,11.952,12.532532694776199
2016-09-23,28.0,31.19746582722197
2016-09-23,12.201,12.704267450884826
2016-08-18,2.068,2.3424690505785613
2016-08-18,83.84,85.19580501705964
2014-03-02,11.36,12.360020755072783
2014-03-02,36.4,37.24930833828258
2014-12-30,27.968,29.098980302172805
2015-04-10,142.04,150.90047715263788
2015-04-10,14.67,17.397476466572584
2015-12-25,1199.96,1199.9600000000037
2015-12-25,12.6,13.829421413913614
2015-12-25,17.94,17.97652548956842
2015-04-05,23.904,23.235950600140395
2015-01-17,88.96,87.76242215713471
2017-05-20,518.272,517.5682244668
2017-05-20,6.98,7.705423979716084
2017-05-20,343.2,342.84372444444267
2017-08-13,17.544,16.81196612312024
2015-12-31,152.688,144.97089110687241
2015-12-31,3.488,5.089621420960598
2015-12-31,5.888,9.322179400244703
2017-12-25,153.552,153.52055220251927
2017-12-25,270.62,192.39088939195938
2016-09-01,468.9,468.9257999999974
2016-09-01,72.48,74.76158956457532
2016-09-01,10.95,15.969748357632847
2016-09-01,191.82,192.93762164682516
2017-08-05,151.056,139.03408791992322
2014-02-18,25.16,24.95651753174594
2016-11-22,6.216,6.5070152678551745
2016-11-22,23.616,23.09440548411871
2016-11-22,24.032,67.67728065988939
2016-11-22,2.088,3.614196149410564
2016-11-22,4.488,4.6408762615524575
2015-12-14,29.22,35.04685692440111
2015-06-13,6.48,6.949725835487348
2017-12-28,1.188,2.3612893891165347
2017-09-20,272.646,269.7817625796711
2017-09-20,212.8,213.38367166666782
2017-09-20,38.52,39.01262220475549
2017-09-20,72.64,72.70301309373184
2017-09-20,45.4,123.14491771514197
2017-09-20,13.76,13.327791156623654
2017-09-20,80.991,81.08825944444499
2017-09-20,11.784,13.37466297845849
2017-09-20,4.36,5.96911868041601
2017-09-20,1299.66,1299.6599999999935
2017-09-20,2254.41,2254.4099999999985
2017-09-20,104.85,102.55304979612941
2017-09-20,59.97,74.84763889241917
2017-08-22,314.532,313.21009038095383
2015-06-18,13.632,19.12063402638287
2014-12-20,19.432,19.55056684416651
2014-12-20,65.44,64.89146327922072
2016-09-11,6.0,7.225915697473157
2016-09-11,1.908,2.3151844407313993
2016-11-12,1474.802,1275.2183055840846
2016-11-12,110.096,142.68107649416086
2016-11-12,16.752,17.215282665416897
2016-11-12,1537.074,1531.3964182222287
2016-11-12,449.372,396.99302195668685
2016-03-14,41.904,41.94927900307861
2016-11-13,2279.96,2279.9599999999987
2016-11-13,14.94,15.239195265140712
2017-09-19,191.976,214.07034066548076
2017-09-19,23.832,32.61093871151115
2017-09-19,409.216,395.45722000000035
2017-09-19,72.588,72.58799999999981
2017-12-04,61.568,51.65868170126257
2015-08-31,20.96,20.09399096992428
2017-06-03,44.75,113.79472249079745
2017-06-03,11.96,12.142761537887141
2017-06-03,3.912,5.048054857226605
2016-03-31,327.996,330.80690957142804
2014-10-25,49.408,52.47312896457866
2017-03-26,53.25,58.72427052072607
2017-03-26,3.76,5.535851363116113
2014-12-27,767.214,767.4138150000051
2017-09-15,163.96,169.12704026259132
2016-08-16,161.28,160.92906666666605
2016-11-04,192.8,191.51645676496221
2015-10-18,27.696,35.893672090155924
2015-10-18,73.164,76.3232413333332
2016-10-31,32.064,31.581323622169577
2014-03-30,205.666,357.445175013888
2015-04-18,115.44,141.44728444265627
2017-07-09,274.8,275.0391888980477
2017-07-09,195.64,173.71233805010584
2017-07-09,257.98,261.12340410538195
2017-07-09,119.04,134.23404594577067
2017-06-27,20.07,19.853174133933972
2014-12-22,11.76,11.649608119841245
2017-11-21,11.76,11.760117797135681
2017-11-21,40.736,41.525358770419295
2016-06-27,201.584,171.70598320042694
2017-12-28,340.704,486.1365474186601
2016-04-08,354.9,355.3431222222206
2014-03-18,1198.33,1198.3300000000004
2017-07-03,87.92,129.60905007905095
2017-04-20,51.968,48.489356818528215
2017-04-20,51.336,63.03736640784
2017-04-20,332.704,330.70505119047516
2017-04-20,42.408,44.291316007629604
2016-08-03,81.54,81.73245435404372
2016-08-03,167.28,167.1701316111105
2016-12-03,772.68,764.3879453232921
2014-03-19,323.976,321.1433169041896
2014-03-19,11.808,13.019511357484086
2014-03-19,26.16,53.73804529069167
2014-03-19,33.57,34.728383787741265
2014-03-19,4.992,23.75443851370118
2014-03-19,20.016,28.426730906370466
2014-03-19,170.24,170.0686699999997
2015-04-20,117.456,142.3892613508328
2015-09-19,22.96,23.68964778623517
2014-08-27,13.36,13.557334798183957
2016-12-19,34.248,34.610708084639946
2016-12-19,3.52,5.458896673807857
2014-08-02,26.7,27.629158604764665
2014-08-02,21.2,61.79263254901453
2014-08-02,838.38,881.0339866666684
2015-09-21,1690.04,1690.0399999999913
2015-09-21,85.96,159.745784883281
2015-09-21,121.96,122.16814304158991
2015-09-21,23.92,24.888570873328366
2015-09-21,63.96,55.19364063970144
2015-09-21,629.95,619.4520277777782
2015-09-21,113.73,115.55773273831423
2015-09-21,14.6,15.513373578087327
2015-09-21,887.84,789.7221161739345
2016-12-11,403.92,362.9987363040317
2015-08-07,106.8,90.6592858955807
2015-11-15,70.95,87.23774152473973
2015-11-15,34.944,36.356223232755866
2015-11-15,119.04,117.45554087246074
2017-04-04,383.84,399.93772701323036
2016-12-24,799.56,799.559999999998
2017-12-13,31.44,81.43219669430609
2017-12-22,25.92,25.596028530239888
2017-12-22,6.33,6.463229636130203
2017-12-22,75.88,76.12604547706142
2017-10-21,329.988,329.7801111111098
2017-10-21,71.376,67.68109426153629
2015-11-13,63.77,61.749030899585414
2015-11-13,50.97,57.58477965434542
2015-11-13,96.08,99.84516561740861
2015-04-16,1439.968,1367.2166666666678
2015-04-16,43.56,123.096361423229
2016-12-16,563.92,323.9033104629217
2016-10-21,235.152,233.9954245119053
2017-12-01,7.712,21.504301860121167
2016-10-20,51.016,45.21910205436504
2016-10-20,25.248,22.911987741185
2016-10-20,56.686,56.97737888888876
2017-09-29,51.168,58.08110085577834
2017-08-18,1000.02,1050.82556
2017-08-18,65.94,90.40061041491148
2017-11-12,18.24,19.389159456271575
2017-11-12,76.12,76.51975276306251
2014-10-11,7.64,8.874921032844663
2015-11-28,68.16,73.2426109033389
2015-11-28,62.24,62.57618208134903
2015-07-27,29.97,38.90743479272338
2016-10-20,125.7,125.51244494735116
2016-10-20,191.98,189.05261417780025
2016-10-20,20.86,113.17425006166027
2017-09-14,56.7,56.55183286186661
2017-12-23,72.704,73.54652426702387
2017-12-23,12.264,14.529049873402613
2017-12-23,218.352,405.5252319047616
2015-10-05,66.294,66.29400000000021
2015-10-05,291.168,300.75751872836406
2014-11-02,88.776,91.99720793865475
2016-01-22,110.376,108.64942874916362
2016-01-22,55.176,57.12439736184783
2017-07-11,30.32,34.19508358126036
2017-09-11,177.568,251.1780590871839
2017-09-11,19.44,19.827350414376703
2017-09-11,71.28,71.83294088372924
2017-09-11,1471.96,1442.1266866666729
2017-09-11,79.96,80.29623680092155
2016-02-23,57.576,59.732403484182555
2016-01-22,26.336,28.077213909911393
2015-12-12,166.5,141.7845620169117
2015-12-12,360.38,360.08786347252857
2016-10-29,11.744,11.449780445450614
2017-05-28,247.44,543.4818866666673
2014-12-21,18.24,19.48261608373423
2016-11-24,25.35,28.073498756204827
2015-11-20,119.04,111.2475953056948
2015-11-20,22.14,20.997316938230483
2015-11-20,13.98,16.17208729110231
2017-05-29,43.41,48.154152309419075
2017-05-29,6.24,7.556909888413571
2017-05-29,465.16,436.4029497722857
2017-05-29,7.98,8.948832623791665
2014-12-02,2.394,2.7350479280049806
2014-04-07,58.32,58.98278779238626
2014-04-07,200.97,199.31145050865862
2015-09-08,21.36,22.1156428072784
2017-09-09,9.856,11.692507861816512
2015-09-06,3.444,3.344927720224526
2017-11-02,384.592,351.7639991111112
2015-03-28,22.92,24.251259806038565
2015-08-13,11.36,14.217675896345538
2015-05-12,14.592,15.514215741720882
2017-07-23,41.4,42.06747112441737
2016-09-24,442.372,442.3720000000022
2017-05-05,34.5,35.600957642881816
2016-10-06,28.85,31.01570879205449
2014-11-03,3.488,5.356540172095379
2014-11-03,143.856,144.11152602705403
2015-10-01,311.98,348.60726055771977
2015-10-01,22.45,24.01765281442412
2017-12-02,39.992,39.19642968146195
2017-12-02,1159.056,708.7732766666649
2017-12-02,179.9,158.1054391317636
2017-12-11,116.312,116.5931231219427
2016-07-17,12.42,13.013846677986953
2016-07-17,428.4,420.4645115079344
2016-07-17,24.75,29.322407123817786
2016-07-17,87.71,87.67924435709604
2016-07-17,69.52,75.27350970400738
2016-07-17,20.784,29.68728950748214
2016-07-17,12.816,13.538079443889869
2017-05-12,5.904,7.055817214931683
2015-11-20,63.824,49.05481659745506
2015-11-20,141.552,139.4109676508925
2016-09-24,304.9,304.86935264957174
2016-09-24,563.24,566.0082122746027
2016-10-21,661.176,661.1760000000044
2016-10-24,239.976,216.95235290280252
2014-07-08,502.488,503.9552125000001
2014-07-08,196.704,195.73485555080458
2015-03-13,915.136,915.3573311111098
2015-03-13,327.76,327.630093849205
2017-12-02,701.96,701.9599999999987
2015-04-22,88.776,96.6469043987783
2015-04-22,64.14,53.439139082882214
2014-09-16,33.552,34.72792179687589
2014-12-28,1737.18,1737.179999999994
2014-12-28,704.25,698.6056830277778
2014-12-28,141.76,142.0160760592974
2014-10-21,36.36,36.47965197930282
2017-11-30,25.83,26.85214690771073
2014-06-06,24.588,24.458804897441752
2014-06-06,13.984,14.694424512856804
2017-11-23,195.96,194.36612292597826
2017-06-18,74.352,69.22260714370044
2017-05-05,6.68,7.077643920674319
2016-11-04,17.584,18.29038609775374
2016-11-04,104.784,125.1012666666666
2016-11-04,47.952,48.3215348687284
2016-11-04,650.352,646.993806992596
2016-11-04,629.184,629.279013333334
2016-11-04,15.176,14.679585437287678
2014-09-11,127.95,119.01461909479949
2017-02-16,579.51,492.5217728364253
2017-02-16,14.99,16.550356515938926
2014-11-24,151.92,152.46766529168607
2014-11-24,196.62,197.39363549558558
2014-11-24,144.12,144.59748703544122
2014-11-24,15.96,16.645361265536256
2017-11-25,39.96,44.446035579331536
2017-11-25,34.08,33.71210766963488
2017-09-28,10.368,10.646116085063905
2014-10-13,7.752,10.301929567955618
2014-06-03,15.28,15.858982839632947
2014-06-17,65.97,66.16704555555553
2015-10-29,33.4,33.914090599576475
2015-10-29,210.84,211.28977239202612
2014-01-20,13.98,21.77102751300505
2014-01-20,272.94,265.8010764273406
2014-01-20,19.05,20.825178562126386
2014-01-20,247.716,250.0038880353539
2014-01-20,66.58,76.70713068905988
2014-01-20,43.92,40.145596297344355
2014-01-20,14.73,15.203434824095654
2014-01-20,29.7,29.606884856769955
2014-07-11,49.12,48.53016351346548
2014-07-11,18.28,20.456686972960327
2016-08-30,47.04,77.14079227562438
2016-08-30,339.96,365.1723507781624
2017-10-05,87.8,88.74913717026396
2017-10-05,221.382,196.82229697572538
2016-12-31,156.512,164.1433570556519
2015-03-07,119.85,121.84178877777723
2015-03-07,30.44,32.732383376382344
2015-03-07,69.28,75.0082798320346
2015-03-07,587.97,588.8707618650802
2017-10-20,24.55,25.56538659029875
2015-05-01,12.176,12.508499479608252
2015-05-01,37.32,105.61977983807299
2015-05-01,35.06,56.87929669776016
2017-09-03,108.4,108.44483333333393
2017-11-03,361.376,347.69667747070304
2015-09-13,2.412,2.812062193025567
2015-09-06,8.39,8.434265596305387
2015-09-06,337.98,338.1618867878783
2014-10-06,83.92,87.95230846339267
2017-01-23,19.68,21.258432997537625
2017-01-23,25.92,26.508540902414197
2017-01-23,6.48,6.959942950643076
2017-01-23,86.352,88.11230986854244
2015-12-10,56.3,51.62795319351188
2014-11-25,51.016,53.012990107832344
2017-11-21,150.8,152.86480784416975
2017-11-21,1039.992,1039.992000000003
2017-11-21,51.84,52.157289047295826
2017-04-04,41.22,31.32694093202034
2017-04-04,240.37,66.03245006755395
2017-04-04,119.02,119.87811636558973
2017-05-19,133.12,137.37584869421602
2016-10-03,38.08,38.39098859451654
2016-11-21,113.568,126.95024506110393
2017-10-03,83.92,80.49194579346947
2017-10-03,6.63,10.00447528095598
2017-10-03,371.97,223.48027954545483
2014-04-29,561.584,561.584000000002
2014-04-29,99.92,97.07957101175151
2016-10-07,4.928,6.519642022542967
2016-12-15,14.76,14.91445513637185
2017-04-10,99.99,101.02684702686265
2017-04-10,286.15,290.2075098175253
2014-04-08,49.792,45.659975769931
2016-03-29,299.975,265.69941766666574
2016-03-29,158.376,157.79369287651082
2017-01-15,32.784,32.45869211678501
2017-01-15,47.984,49.512530941878026
2017-01-15,62.592,63.33713583932891
2017-01-15,4.276,4.294090360389134
2014-01-30,10.56,11.067031465021062
2014-01-30,229.94,46.01461816688601
2015-02-07,311.15,330.6906148717945
2015-02-07,12.96,13.292475479490365
2016-12-14,14.62,14.231718368294283
2016-12-14,5.76,7.390808321993853
2016-12-14,21.48,22.5930293893444
2016-12-14,396.92,396.9199999999985
2016-12-14,17.15,52.61007458129563
2016-12-14,23.12,23.183092461876836
2017-10-31,5.248,6.506755711839673
2017-08-06,824.95,825.856679761909
2017-08-06,24.64,25.216462728902638
2017-08-06,227.88,228.28963002190466
2017-05-30,241.96,242.20492095238092
2017-05-30,3.89,5.759210155705875
2017-05-30,8.01,9.701459447326876
2015-11-30,177.48,186.08013924132865
2017-08-31,569.568,480.7249232659003
2017-08-31,149.73,381.14860316102363
2017-05-14,899.43,867.0411128117865
2017-05-14,46.2,40.91662099805547
2017-05-14,47.952,47.258523450906786
2017-05-14,7.992,11.63929637973491
2017-05-14,76.864,76.9541562468676
2017-08-17,102.93,103.7986857043512
2017-08-17,98.16,98.843129873794
2017-11-10,11.52,10.962747648768122
2017-08-21,83.88,83.24194254735436
2016-03-08,108.576,125.20487961460681
2016-03-08,5.984,5.87322158722428
2016-10-31,21.96,24.348730076950133
2016-10-31,368.97,369.0586453535362
2016-10-31,12.39,11.70162153356985
2016-10-31,332.94,204.9663575196726
2014-07-26,111.93,113.70284231481504
2015-10-24,454.272,453.2727734169917
2017-08-19,19.44,19.83015477248594
2016-05-23,6.294,5.534470539457069
2016-05-23,10.368,10.664674577732283
2016-05-23,122.382,120.69998411921712
2014-11-03,25.984,48.26043066776754
2014-11-03,945.036,945.0359999999966
2014-11-03,14.301,14.287522169178759
2014-11-03,410.352,410.1138844444436
2015-03-30,23.52,24.28382131639015
2015-03-30,180.96,174.90930706097632
2017-05-27,35.0,41.43541859510178
2017-05-27,477.15,377.9225755051945
2017-05-27,302.376,284.9815627703325
2017-12-14,974.988,974.9880000000059
2014-10-04,589.41,606.7501511388894
2016-10-13,34.7,35.36142387808103
2016-10-13,99.87,106.17924316570638
2016-10-13,37.94,39.230131649645564
2016-10-13,24.9,24.673802947935886
2016-10-13,82.26,87.20435344293278
2015-03-05,7.104,10.522512433969352
2017-03-04,103.5,103.41294
2017-03-04,2.464,3.6817227456570034
2017-03-04,8.72,21.57547585011477
2015-09-25,10.76,12.271666797645484
2015-09-25,45.68,45.50408182521926
2015-09-25,6.7,7.167088003545754
2015-12-19,158.376,151.25997471822652
2015-10-08,3.44,6.1298529032137425
2017-07-31,56.56,71.42988240925318
2017-07-31,36.96,38.75329999718354
2014-08-05,135.99,135.84594846407015
2014-08-05,15.96,20.42070043964451
2017-05-14,3.76,5.642002821771562
2017-05-14,14.7,19.858543659278396
2017-05-14,37.2,30.540394639439953
2017-05-14,89.97,85.68547337962524
2017-05-14,261.96,259.0605203553116
2017-05-14,74.0,75.51945890170433
2016-09-22,13.28,15.262394179842229
2015-11-13,84.96,84.56706903970102
2017-05-22,68.46,173.48429948888878
2016-12-02,2079.4,2079.4000000000115
2016-12-02,629.95,624.4324206140338
2016-12-02,72.42,72.97027278983762
2015-08-29,131.98,131.40388609655759
2015-08-29,114.52,114.6082855501411
2014-06-06,100.24,99.94823932414073
2016-03-18,871.8,865.5460044444397
2014-01-14,61.96,286.1801366666669
2017-06-03,4.554,5.1158150186808005
2017-06-03,5.2,6.743112950630326
2017-06-03,205.992,200.10787386300495
2017-06-03,15.552,15.793786964460526
2017-06-03,503.96,517.499697939791
2017-06-03,24.472,22.87047772662166
2017-06-03,241.568,124.9610880612977
2017-06-03,110.4,31.83513478367433
2017-06-03,384.768,382.93157066666424
2017-06-03,78.66,78.9346322222221
2017-06-03,45.36,46.304144672243496
2015-03-21,962.08,961.0963688888853
2015-03-21,12.843,12.686416469926018
2015-03-21,295.456,295.01295022222274
2017-09-19,32.4,32.913554803634426
2014-09-15,103.936,245.30168585724007
2016-11-20,289.568,271.5021833723678
2016-11-20,39.72,57.17748395587709
2016-11-20,244.768,247.95968797048573
2017-10-28,24.0,26.284657287219975
2017-10-28,15.552,15.823504545016297
2017-10-28,26.176,27.27018706499785
2015-07-24,20.94,20.035563585917334
2015-07-24,135.09,135.47134997277706
2015-07-24,279.86,218.21680459595996
2015-07-24,90.06,90.13345930454881
2014-11-02,539.964,539.9276952380994
2014-11-02,50.232,50.11029026786869
2014-11-02,19.242,18.36733065984658
2017-11-17,1247.64,1247.6661000000088
2016-06-26,5.304,7.62901771700127
2016-10-09,19.136,18.288944968376637
2016-10-09,332.832,331.4382444444432
2017-12-20,279.9,279.6809254059824
2017-12-20,50.352,51.564193213485915
2017-12-20,34.02,35.2141833689206
2017-03-06,23.88,26.38661512509051
2017-03-06,11.52,13.456313106594042
2017-03-06,286.93,286.8331647313783
2017-03-06,206.384,287.83371206927524
2017-09-15,218.352,329.8064825731323
2017-09-15,529.9,467.08912750000064
2017-09-15,99.3,105.33188669378272
2017-09-15,108.96,106.81110409831224
2017-09-15,2.688,4.4518268654580595
2017-01-16,302.67,303.9888233571416
2017-01-16,56.07,54.16994643112575
2016-07-07,10.08,10.071062619350915
2016-07-07,59.994,59.38848268806671
2016-07-07,5.715,6.729730441540529
2016-07-07,9.42,10.17999060963253
2016-12-23,1999.96,1999.9600000000034
2014-12-22,216.4,294.40335211320235
2014-02-23,6.936,8.653299466315485
2014-02-23,4.428,4.509939302925929
2017-12-04,8.8,11.107833811635723
2017-12-04,142.8,139.5920251591374
2017-12-04,399.95,444.3393566666654
2014-11-17,2152.776,2152.7759999999985
2014-10-20,328.59,418.0918333333315
2014-10-20,98.352,110.62429471584117
2015-10-25,158.99,157.48052174495564
2015-10-25,291.1,431.69605746031664
2017-11-16,73.68,73.62090053383548
2017-11-16,139.92,134.25839331250452
2017-11-16,107.88,114.26327553203305
2017-11-16,33.29,32.70697418043032
2017-05-14,58.17,58.02395054089177
2017-05-14,5.04,6.598131084347653
2017-05-14,24.784,23.047039647364578
2014-03-01,634.116,629.5814582500012
2014-03-01,17.472,16.528748661284297
2015-07-30,155.88,157.48532440476137
2015-11-01,327.564,324.07566542576933
2017-12-16,13.36,13.514537389031586
2017-12-16,158.9,185.39924265918486
2014-10-20,319.968,319.7834853333317
2014-10-20,505.32,329.32475893618766
2014-10-20,3.808,4.551907025704132
2014-10-20,8.682,10.161018170708791
2014-10-20,24.424,23.07873972008754
2015-06-05,1522.638,1521.336682499993
2016-07-21,419.9,501.2223799999998
2016-07-21,3.15,4.254653479033247
2017-03-31,33.62,33.60699517704525
2014-05-07,16.14,17.936850535842474
2014-05-07,194.25,212.87767000000002
2014-05-07,8.64,9.096305474390007
2014-05-07,872.32,872.3134222222274
2017-02-05,243.992,243.9919999999988
2017-02-05,7.12,11.812887691227502
2014-04-18,2.688,6.887495083510121
2014-04-18,317.058,309.9015682784257
2014-04-18,149.352,149.27127658359484
2014-04-18,227.976,223.92955491472347
2016-05-10,11.96,12.660714379826299
2016-11-25,563.4,542.1992462401427
2016-11-25,319.92,319.77578444444305
2017-03-03,1049.44,1049.4400000000019
2017-03-03,170.352,237.676815681073
2015-12-06,173.94,174.35450412698458
2014-08-25,1007.944,999.8079097902823
2016-10-22,6.68,7.073269625270575
2016-10-22,8.34,8.794753440652526
2016-10-22,101.94,105.89527923398079
2016-08-07,179.97,186.80385645021698
2017-07-21,101.94,99.6577153979701
2017-07-21,271.96,270.8624367460323
2017-07-21,8.8,10.348126773304836
2017-07-21,19.68,18.42522539883016
2017-07-21,302.94,303.2849832777789
2017-07-21,14.94,16.409529596210767
2017-07-21,231.72,198.1156185692401
2014-03-23,9.912,10.413358359346025
2015-04-30,34.65,31.053180554468593
2015-04-30,19.8,25.63529670450358
2016-06-13,33.568,33.83252635041033
2015-05-04,125.93,121.40834908231906
2017-04-23,11.76,10.396175581152232
2017-04-23,5.344,5.81524084321213
2014-06-06,1.365,1.942975614601386
2014-06-06,62.016,63.3767760403098
2014-12-02,60.72,64.5656820585232
2014-12-02,146.82,147.6629321171509
2014-12-02,239.84,552.0901066666665
2014-12-02,15.66,16.714839668114987
2017-06-17,146.352,314.6429273706495
2016-05-26,5.94,7.710068532590627
2016-05-26,45.36,45.948589225406785
2016-05-26,211.168,227.10557866279603
2016-05-26,484.704,484.5246387048959
2016-05-26,371.976,371.46049111110966
2015-03-10,89.82,120.55605816165094
2016-10-20,19.296,18.895727943946152
2015-04-21,191.96,191.19726134391462
2015-04-21,21.3,23.37789093147575
2015-04-21,469.95,471.41048220354725
2015-04-21,209.88,203.6891621670722
2016-06-17,239.666,239.06039467438174
2016-06-17,22.5,23.148669832785217
2016-06-17,219.84,221.24317089433603
2017-01-13,32.4,32.895591074946495
2017-01-13,209.94,202.64069987803103
2017-01-13,212.94,214.3323439682548
2014-09-06,41.88,41.901342194277554
2014-09-06,58.48,58.59935239792507
2015-01-19,102.438,102.42022333333263
2015-01-19,199.304,202.6199412993236
2014-05-23,12.96,13.17430288077522
2015-09-19,279.86,279.86000000000047
2015-10-02,7.38,7.807109704800912
2016-12-25,698.352,688.3452540081333
2016-12-25,1747.25,1747.25
2016-05-06,54.48,53.225071266666774
2016-10-24,199.99,200.72346888888845
2017-05-06,68.541,68.90083553629924
2017-05-06,627.168,636.3866621518855
2017-05-06,122.12,120.46680094412977
2017-11-27,6.99,8.263366006447173
2017-11-27,107.424,104.07123168073579
2014-10-31,1421.664,1421.6639999999934
2017-08-05,125.88,128.30765507605457
2017-08-05,79.78,80.42318433557611
2017-08-05,133.2,134.56287210741385
2015-08-10,438.368,433.79187790802126
2015-08-10,139.944,138.13353657790591
2015-08-10,133.472,134.6433059915848
2016-12-15,564.195,564.1950000000041
2016-12-15,87.168,79.8475066943769
2017-09-08,42.616,42.46916550531277
2017-09-08,319.984,319.98399999999793
2017-09-08,45.92,47.121442059901895
2017-09-08,21.184,21.001877452418068
2017-09-08,20.736,20.8837061968339
2017-09-08,213.43,488.04909847845556
2017-02-20,333.576,311.461067177962
2017-02-20,31.992,32.241358122335214
2017-02-20,51.168,66.36630145277323
2017-02-20,10.64,13.030919735169352
2017-02-20,68.704,69.15310375939072
2017-02-20,386.91,386.91000000000247
2015-08-08,39.66,37.88569461467378
2015-08-08,113.92,112.37062221230609
2015-08-08,447.86,447.7040155555558
2017-10-26,356.85,356.9014000000016
2017-10-26,251.58,250.85849875176777
2016-07-14,219.84,220.80090494144568
2017-05-12,42.85,47.01791547966437
2017-05-12,6.16,7.569193415834075
2017-05-12,17.0,26.665471307850574
2017-05-12,87.4,90.11047431623969
2017-05-25,29.84,30.273200606483904
2014-08-23,49.568,49.73301813183918
2015-09-11,265.86,264.40614575229915
2015-09-05,67.96,60.55739387282493
2015-11-21,10.92,15.10891479710037
2015-11-21,83.9,83.73860666666698
2015-11-21,19.75,19.953162475013833
2015-11-21,393.54,394.0112916666643
2014-10-10,46.872,42.37169453444289
2017-09-02,10.9,31.649484498747146
2017-09-02,79.92,79.69488716280473
2017-09-02,146.82,147.8077132631346
2017-01-01,3.6,6.359285081413483
2014-11-05,20.04,22.10708405318374
2015-12-17,180.016,158.8138515517078
2015-12-17,41.552,41.319346666666476
2015-12-17,13.12,14.500853285481659
2015-05-14,1117.92,616.2809779545839
2017-03-10,111.96,109.01948967550537
2017-12-02,12.16,16.284401806368862
2017-07-31,17.52,19.533389164115437
2017-07-31,155.88,160.13952625446316
2017-08-11,477.51,476.8967694444431
2017-09-30,164.88,165.25375214032732
2016-08-26,47.97,51.92600075667248
2016-12-02,415.176,414.95021104762185
2016-12-02,35.232,34.42739822758165
2016-12-02,54.96,56.123768990983784
2017-07-21,16.34,16.416339440065027
2017-07-21,225.296,226.23374973804113
2017-07-21,50.352,51.00990444236634
2015-05-20,163.136,158.15083159247692
2015-05-20,6.408,7.05500766839953
2015-06-23,217.584,211.33628506550374
2015-06-23,5.43,7.462961892639669
2015-06-23,143.976,122.96171863972127
2016-09-10,519.68,523.0841253916032
2014-04-13,7.83,9.447381609119041
2015-11-14,883.84,885.4836103968228
2015-11-14,230.352,231.07077386815092
2016-12-09,273.92,275.7139886801334
2017-08-18,9.912,9.541652549661732
2017-12-14,266.352,266.35199999999924
2017-12-14,56.328,31.435589372294338
2017-12-14,39.264,76.92007412742653
2017-12-14,95.232,96.92169515864366
2016-04-08,30.0,30.877316280916112
2016-04-08,25.92,26.89355714025753
2016-04-08,159.92,157.54574420589435
2016-12-16,34.944,30.77453131465645
2017-09-19,149.95,191.45332350408796
2017-09-19,23.32,18.472418459759204
2017-09-19,16.74,15.254714861263095
2017-09-04,14.82,16.29712487559697
2016-09-12,10.47,11.457277549377672
2016-09-12,11.07,12.037197044740275
2016-09-12,20.704,23.368275870593454
2017-08-10,177.2,177.6977804769043
2016-11-04,50.496,46.823009195657804
2015-06-18,6.129,6.155981714260274
2015-06-18,643.136,642.3925641269831
2015-06-18,20.736,20.89328589079282
2014-07-04,177.536,177.40526821045606
2014-07-04,32.432,28.78336674089793
2015-12-20,11.696,11.731992290545977
2016-04-10,113.76,129.01735734325538
2016-04-10,579.51,566.9363729819291
2016-04-10,150.66,185.34966711567301
2016-04-10,48.032,47.867664261028935
2014-05-26,102.624,100.77990972335607
2014-05-26,359.772,381.5393860978854
2014-05-26,13.392,16.850238252730623
2017-07-06,122.136,154.8526773436333
2015-02-16,35.88,35.29335165822867
2017-06-16,479.952,479.2198780000008
2017-06-16,23.92,17.38654505055934
2017-11-13,629.95,599.0523427382171
2017-12-11,14.952,14.543218850267161
2017-12-11,17.94,17.978069007099965
2017-12-11,116.98,114.84436268268752
2016-06-28,121.96,213.29027386844237
2016-06-28,8.74,9.149036460164972
2016-06-28,61.96,61.186582818812674
2016-06-28,7.96,9.952071478658791
2016-06-28,275.24,289.807084234766
2017-09-15,47.4,60.775973810299895
2017-09-15,512.96,513.7017640740752
2017-09-15,395.94,395.6303206140365
2017-09-15,81.96,62.87635719249374
2017-12-02,32.776,17.595838609949904
2017-06-26,272.94,193.29228536805388
2016-07-24,253.764,243.72732422252258
2016-09-02,29.24,28.30196335183286
2016-09-02,35.168,41.748143332587986
2016-09-02,1362.9,1362.3084650000058
2017-04-20,317.058,319.73113204225297
2017-04-20,15.76,19.460135117875843
2017-04-20,14.56,23.183711659137142
2014-08-12,196.21,198.87197690590773
2017-09-19,35.4,36.54628733151741
2017-12-09,419.4,419.4270088888867
2017-12-09,13.005,12.756302179234964
2016-11-04,7.712,9.65947417393899
2016-11-04,4.176,5.13776198674702
2016-11-04,38.88,39.43516990300224
2015-03-29,17.64,18.803011607024942
2016-09-05,93.456,95.87620851983748
2017-01-28,449.91,449.9983888888915
2016-09-03,344.94,334.5508332786185
2016-09-03,14.76,14.515497340703174
2016-09-03,12.76,13.723817747828258
2016-09-03,58.48,58.39148946182367
2017-07-25,20.096,27.496901700537194
2017-07-25,37.752,36.385425616711416
2017-07-25,138.588,138.75829800000054
2017-07-25,259.92,291.0876755455923
2017-07-25,20.736,20.87867731348487
2015-09-13,129.93,96.90315761721438
2015-09-13,69.93,67.96752665884873
2015-09-07,140.736,104.62190832930901
2016-11-16,8.32,12.10073435222427
2016-11-10,9.98,10.587294423472784
2014-08-15,62.94,64.8212491854851
2015-11-16,21.488,31.69845392510079
2015-11-16,239.976,248.48196901712853
2015-11-16,34.504,34.06838074603184
2015-08-25,20.104,20.60252419047623
2015-08-25,3.798,3.7409106375971053
2015-08-25,7.88,7.958981969863516
2016-12-25,35.445,35.44499999999985
2016-12-25,269.97,269.9700000000009
2016-12-25,45.12,59.6581781181161
2016-12-25,100.8,99.95929566124116
2016-12-25,47.968,65.78700322539953
2014-10-05,99.98,100.52954787962439
2014-11-22,9.96,11.139191645185544
2017-12-25,3.856,5.785181546059269
2015-03-31,98.376,98.17499095452678
2015-03-31,22.38,22.155719005291086
2017-09-14,3.882,3.8316119653697758
2017-09-14,12.585,12.583291666666696
2017-09-14,113.372,142.3335901039794
2017-09-14,18.312,17.60775405951275
2017-09-14,127.936,114.61994605396744
2017-09-14,241.17,241.1429449999987
2014-06-17,6.24,7.105622048446102
2014-06-17,17.9,20.724936719402994
2017-12-28,1.68,2.113526115254717
2017-12-28,7.968,7.9282014069264095
2017-12-28,113.372,121.06413904497346
2017-12-28,2.96,3.0031691851851954
2017-11-02,168.1,163.48888230480298
2015-07-25,98.46,112.80433274132025
2015-07-25,358.58,358.57323333333477
2016-10-02,32.48,41.51160791817712
2016-10-02,735.98,770.2716333333356
2016-10-02,34.37,36.44745107530755
2016-10-02,33.96,30.027003911734226
2016-12-24,197.97,199.51398836580142
2017-07-21,17.48,17.900789011876938
2015-10-10,8.016,8.686907585231308
2016-09-08,146.04,183.35459522222254
2016-11-20,27.88,27.88134345061083
2017-10-15,152.65,151.26739834124766
2017-10-15,22.72,23.388669693693114
2015-07-06,11.12,11.108794379960539
2017-02-05,1640.7,1640.700000000008
2017-02-05,371.2,382.99443098573033
2015-12-06,14.832,13.488308491920465
2016-09-12,20.7,21.619117948878543
2016-09-12,11.34,12.150107433010458
2016-09-12,67.9,109.33593669729792
2016-09-12,1059.12,1059.0595888888856
2014-07-06,478.48,477.0704884444441
2016-05-09,32.04,30.937513395435968
2016-07-18,55.992,50.97626029794059
2016-06-18,76.864,77.08097990361351
2014-04-20,59.92,69.11778886412408
2016-01-08,1565.88,1565.880000000004
2016-01-08,106.05,107.9002911026863
2017-12-23,62.04,198.6528758216714
2017-12-23,494.97,495.23786138344326
2017-12-23,367.96,254.26375739205193
2017-12-23,44.96,44.96484725948578
2017-12-23,182.94,182.81664842054036
2017-04-17,28.14,28.69936144689811
2017-04-17,7.38,8.508162641935447
2017-04-17,10.9,12.016232495095673
2017-04-17,274.89,218.14273476190516
2017-04-17,23.04,24.014441603772653
2017-04-17,218.352,217.8770424152
2017-12-01,10.368,10.678127175412799
2016-08-21,12.672,14.260207691616733
2016-08-21,91.96,91.78161495667969
2016-08-21,254.97,256.7471253968261
2016-08-21,31.984,36.83293304340189
2016-08-21,12.96,13.159543744792762
2016-08-21,47.52,46.521208496615415
2016-12-05,11.952,12.230459801253108
2015-12-16,4.98,5.7245903700149015
2014-10-17,10.78,10.6452328822766
2014-10-17,119.976,119.86595211904738
2016-09-05,25.06,25.20745407368187
2016-09-05,1652.94,1652.940000000002
2015-10-15,131.376,131.37599999999958
2015-10-15,5.344,5.751908632208179
2015-12-01,2003.92,1998.7623688888891
2015-12-01,32.4,32.861774624037324
2015-12-01,1913.4,2080.3724466666636
2015-12-01,146.73,118.3638697961436
2015-12-01,114.2,113.53082385436018
2017-09-10,37.056,39.63186624228283
2017-09-10,259.896,259.0987377663851
2017-04-25,19.05,19.00391041943171
2017-04-25,73.344,76.24201055029903
2017-09-18,95.68,96.45206674786346
2017-09-18,50.96,51.22586351361497
2017-09-18,113.94,113.5314574369168
2017-09-18,25.92,27.515474080470874
2017-09-18,20.32,22.148740569973487
2017-09-18,411.98,412.08767808681944
2017-09-18,34.48,41.25232084307902
2017-09-18,244.55,243.72664037594097
2017-08-18,10.782,10.51405183880105
2015-05-24,602.651,599.8633542962984
2015-05-24,7.656,8.223011280529368
2015-09-07,559.93,559.9299999999959
2017-07-24,2399.96,2399.9599999999964
2017-09-02,16.0,17.186792258855867
2017-09-02,5.588,7.0493464341896095
2017-09-02,235.92,296.78613327687054
2017-12-06,10.68,19.09918231438345
2017-05-20,41.28,43.534329288256906
2016-09-27,1001.584,1002.2876133333319
2017-12-10,14.76,14.4798740579369
2014-09-13,2.502,3.465192723922887
2017-07-29,115.96,118.64113433293663
2017-08-01,186.54,394.43443732831633
2017-05-02,159.56,159.84204825396793
2015-06-12,55.984,54.449530257650196
2014-12-22,132.16,117.86720211492708
2014-12-22,17.904,18.07839980659196
2014-12-22,124.032,125.4121962901412
2014-12-16,1403.92,1389.9698565277752
2016-04-16,28.8,27.841070005607115
2015-05-21,24.588,22.7609957731293
2017-02-26,356.79,355.69583525876624
2017-04-04,16.98,17.659097236004698
2015-03-16,491.55,491.55000000000047
2015-03-16,7.38,9.04650748925438
2015-11-30,23.66,25.74355274530501
2015-11-30,681.408,682.8341099999976
2016-07-28,18.9,18.70671932504759
2016-06-23,93.68,121.41907156237262
2016-06-23,21.93,22.16629683272264
2016-06-23,862.344,870.9361223333377
2016-06-23,19.98,20.043394706705854
2014-07-14,13.494,28.823392705704226
2014-07-14,23.988,34.05092404667195
2014-07-14,31.984,33.19413525701584
2014-07-14,41.584,28.739693137004398
2017-11-30,95.976,117.98445057410439
2016-09-02,84.272,84.17792333333388
2014-06-15,36.544,34.64917885948444
2016-11-05,479.72,211.42669138888812
2017-06-26,102.368,102.80772164904658
2017-06-26,28.4,35.20179552623866
2017-06-26,713.88,713.8089515873044
2017-06-26,68.52,68.376264823061
2015-07-25,623.96,569.890561415285
2014-09-23,11.12,14.027950435971713
2016-09-30,523.92,524.7724258253977
2015-11-09,2.48,5.312175293957541
2015-04-25,221.024,220.51814216374183
2015-04-25,128.058,155.5520434869151
2017-11-19,58.408,54.69010481474629
2017-11-19,79.974,80.09350749999957
2015-11-20,479.988,479.8682372380948
2015-10-02,11.808,13.33206916725029
2015-10-02,53.568,55.262013751413605
2015-10-02,503.96,504.7310390593859
2015-04-25,21.34,21.106442236268805
2016-07-14,36.4,37.469966966861875
2016-07-14,51.75,53.505292183404215
2015-09-27,15.51,26.32134105672189
2015-09-27,146.82,147.73942808035437
2015-09-27,12.96,13.157471209757727
2017-11-10,7.8,8.50705957548086
2016-07-16,10.2,12.924562688989841
2016-07-16,22.32,16.66390124783992
2016-07-16,24.1,25.159226454745973
2016-07-16,75.98,68.89291868817165
2016-07-16,6.46,8.756274829323834
2016-07-16,60.12,60.440668766353106
2015-10-16,824.97,824.434811111112
2016-01-10,24.85,24.36100214311059
2017-09-19,12.624,52.19123477949727
2017-09-19,89.584,78.88403855479925
2017-09-19,471.92,443.1347093176067
2017-09-19,18.18,18.232966477343105
2017-09-15,31.744,36.1698954971934
2015-06-28,5.904,6.996906116476309
2015-06-28,621.76,620.6004544444456
2016-11-25,59.98,60.381814134254334
2017-11-25,48.87,50.00874509888891
2017-01-14,154.9,154.03385957650417
2014-11-07,5.92,9.629489424806893
2014-11-07,30.18,30.045107173682513
2016-09-01,24.1,25.116477117344377
2016-09-01,8.78,9.405566894307098
2016-09-01,376.74,371.65107536625
2016-09-01,29.52,31.38225794139257
2016-09-01,11.96,10.040787922410162
2016-09-01,26.4,27.682513939319456
2017-11-11,1158.12,1157.685946666663
2017-12-11,1.392,2.154879674799819
2015-11-08,44.43,52.45509859463203
2015-11-08,226.2,226.25238940476075
2015-11-08,186.54,184.85541979417567
2015-11-08,265.86,264.3894524189658
2015-11-08,27.9,20.399191119218713
2015-11-19,31.08,30.87326915339499
2017-12-23,13.84,13.642474752480853
2017-12-23,175.872,175.85483805590633
2016-09-16,12.96,13.265931962640463
2017-05-26,208.44,192.6468427116032
2017-05-26,25.76,27.19886803135082
2015-03-30,366.744,366.2031793087104
2014-08-19,289.24,269.4937582982886
2014-08-19,69.456,66.21370229432527
2014-12-23,5.184,5.6429588214894
2015-11-01,205.164,191.91103398991314
2014-12-15,8.544,8.770195399711405
2015-08-21,12.828,12.118359948443128
2015-08-21,598.458,573.2519065707367
2015-08-21,25.984,27.370488444444582
2014-05-23,17.96,19.660781367437938
2014-05-23,5.04,10.925393965800167
2014-05-23,208.16,205.71574982580444
2017-12-09,148.257,160.16804894502326
2014-03-11,146.76,142.59270848777172
2014-03-11,32.96,36.3599637260302
2014-03-11,587.97,589.1606201984137
2014-03-11,14.94,15.78808398690319
2016-06-23,25.83,26.05612651152347
2014-08-23,15.552,15.808092710685914
2014-08-23,6.8,7.241967102732178
2014-08-23,4.224,12.357395315436932
2014-08-23,143.64,169.13735366474472
2014-08-23,31.104,30.996333109161274
2014-08-23,223.056,222.3279111504954
2017-02-06,227.46,227.74731658730113
2017-02-06,46.24,48.5678297225718
2017-01-29,5.22,6.821587659935658
2016-12-20,33.9,33.19511854050652
2016-11-11,28.14,95.32967416469585
2016-11-11,36.0,34.40481326783041
2016-11-11,92.94,86.61747330074856
2016-11-11,245.646,229.53127479689516
2016-11-11,55.008,51.54422435910928
2016-11-11,35.232,34.393975306049
2017-11-09,523.392,525.8192987224177
2014-05-02,479.984,479.66199466666427
2017-09-22,12.96,13.192382809882158
2017-09-22,17.94,18.796332077490643
2017-12-17,166.72,183.95113651966264
2017-12-17,24.816,25.010945057407447
2017-12-17,124.36,122.07126480603554
2017-07-18,599.97,600.4558988888898
2017-07-18,198.744,206.03498165711125
2017-07-18,9.184,12.364648302888847
2016-11-03,9.248,10.116097676316924
2014-04-08,99.592,163.59960777777795
2014-04-08,399.96,399.6867400000025
2016-08-14,15.552,15.789388016153937
2014-09-25,14.576,13.697665942768992
2016-12-11,209.6,206.20134465994565
2016-12-11,23.32,18.61590069371366
2016-12-11,30.98,30.71562580549085
2016-12-11,119.96,117.70181665260124
2016-12-11,363.92,359.67008318375497
2016-12-11,35.808,33.70034153890004
2016-12-11,122.688,119.27725534497698
2016-12-11,892.136,892.1359999999988
2016-12-11,50.22,109.77632251380213
2016-12-11,83.42,82.20695671494747
2016-12-11,5.872,8.209806129904694
2015-02-03,12.144,13.170435843642494
2016-12-29,27.792,29.0012149175646
2017-08-31,6.208,19.986883735014583
2017-02-04,32.67,31.515243864625475
2014-12-06,1261.33,1261.6820444444456
2016-05-30,38.88,39.4264947918873
2016-05-21,1.964,2.468938781454393
2016-05-21,82.656,85.10611315035706
2014-08-09,5.98,6.419869202259112
2016-09-05,9.248,10.116577676316924
2016-07-23,4.448,5.8915258865409506
2016-07-23,5.184,5.688772885511579
2016-07-23,175.92,138.6051719655837
2016-07-23,4.752,5.408829583618515
2016-07-23,13.344,13.88286736002144
2016-05-12,54.9,57.66445531937136
2016-09-02,22.911,22.54694551310926
2016-09-02,309.456,305.4523846873573
2016-09-02,19.456,19.625844771436427
2016-09-02,472.518,468.69683994047443
2016-09-02,1012.68,1012.6799999999946
2016-09-02,17.22,17.206800218841664
2017-07-21,3.52,6.542930220201856
2017-07-21,1626.192,1623.292284444438
2017-09-25,8.595,8.64289342649941
2017-09-25,190.896,191.1024068956234
2017-08-03,99.87,107.48499720511296
2015-10-25,79.36,77.0357428157782
2017-06-15,119.96,110.5374912910411
2015-01-09,106.32,106.32439231808416
2015-01-09,163.44,160.59191044049913
2015-01-09,42.76,36.52780892171798
2015-01-09,51.55,51.40615547869418
2015-02-09,479.952,479.4822960000009
2016-08-19,146.688,149.6223539188606
2016-08-19,276.784,277.6299967262364
2016-08-19,25.32,27.827761583717315
2017-11-06,318.96,328.98091725274656
2015-12-26,212.64,211.00842803776513
2014-11-23,23.472,25.73720612359066
2016-08-01,19.648,18.700626594072606
2014-09-21,6.57,6.697690968996066
2017-09-04,421.1,417.853592916974
2017-06-19,760.116,762.4113182164343
2017-06-19,38.784,38.31873758108512
2017-06-19,122.328,125.78769166224762
2016-04-19,25.98,34.717019397067425
2016-04-19,3.28,6.483592115535537
2016-04-19,459.88,272.5692421007949
2016-04-19,7.76,17.57278571858559
2016-04-19,71.96,61.60978046893009
2016-04-19,54.9,63.728265872663165
2016-04-19,9.28,11.005586426680543
2016-05-05,1685.88,1685.880000000004
2016-05-05,5.728,8.051068948229764
2014-10-18,61.96,61.19375965683037
2014-10-18,1.344,3.2898010194770326
2017-02-13,17.94,18.85980354484924
2017-11-17,13.904,14.00789310183741
2014-01-20,67.194,66.70036863108389
2017-12-01,41.86,40.76257600472762
2017-12-01,141.96,194.39552601307108
2015-08-09,10.02,12.226487649291615
2015-08-09,144.12,144.62318282269163
2016-09-27,17.94,18.865889114277138
2016-09-27,13.89,14.478561926652802
2016-11-14,16.45,18.060260611395965
2016-11-14,19.92,21.066790246952966
2016-04-16,35.168,36.65444689576603
2016-04-16,123.088,120.68343813413786
2017-11-26,257.94,257.8813444444455
2017-11-26,1879.96,2069.495840000002
2017-11-26,27.46,28.79559964217579
2017-11-26,89.98,93.03370921359655
2017-11-26,828.6,828.600000000004
2015-11-20,7.23,7.886932755003926
2015-11-20,17.44,40.139419577406514
2015-11-20,62.88,68.48618725835317
2015-11-20,290.352,291.76743397081276
2017-09-07,113.52,113.89400314814839
2017-09-07,135.3,135.36009080409374
2014-11-24,111.15,278.0875275490198
2017-03-11,776.85,776.8500000000039
2017-03-11,12.294,11.513322264135587
2017-03-11,154.764,199.6773886666667
2017-03-11,43.28,37.78988408313588
2016-06-12,92.94,91.72352156982252
2016-06-12,52.56,56.22274819277319
2015-06-26,971.88,970.4865880000033
2017-12-22,141.96,243.38980748397134
2017-12-22,182.55,182.55000000000086
2014-10-09,88.768,88.23161135770899
2015-12-10,53.088,52.92203047619031
2015-12-25,275.88,148.52213540976985
2015-12-25,157.9,158.33501665615157
2017-04-29,4.91,5.894162694834448
2016-03-28,87.92,155.22812967938054
2016-03-28,5.98,6.64836183252386
2015-05-13,222.384,196.71315394667764
2015-05-13,16.0,16.928469002275627
2014-07-04,21.84,22.915544940215522
2014-07-04,15.6,17.88438957344989
2014-04-22,247.84,248.2383121693106
2014-04-22,9.912,12.10986938946456
2016-09-19,69.52,78.5373545094622
2014-07-22,11.52,11.798634226429366
2014-07-22,717.72,711.8254002380961
2014-07-22,236.5,243.59046381065218
2014-07-22,170.352,175.1542783333327
2017-10-08,145.764,161.38760364239258
2017-04-25,107.97,101.5186530378282
2017-03-26,143.96,139.0484143748891
2017-03-26,2399.96,1815.6503466666688
2017-03-26,74.352,69.65665446533941
2017-03-26,87.168,87.20097777777819
2017-03-26,32.232,49.90738500954498
2017-05-04,2.202,2.875768351506403
2017-05-04,9.396,9.68526252788039
2016-11-14,89.97,89.85118961259349
2014-01-06,12.78,15.50690126425067
2016-12-27,40.0,40.53766039822067
2017-04-30,23.24,23.227923453653613
2017-04-21,908.82,908.8200000000053
2017-08-17,5.552,10.362541598825343
2017-08-17,8.016,8.832955514297705
2017-08-17,74.592,90.88149406628953
2017-08-17,16.784,16.919241888888884
2017-08-17,38.864,38.66533033333308
2016-11-12,203.976,243.20557399557694
2016-11-12,674.352,670.2531600000038
2016-10-01,5.388,6.476453058808594
2016-10-01,30.976,31.758059769601058
2016-02-12,1350.12,607.7382071428566
2016-02-12,15.92,17.6566403899169
2016-11-13,19.54,20.370203739900273
2014-04-26,21.4,19.846481677697543
2014-04-26,12.6,12.758532663900846
2015-08-11,11.96,10.012030867318316
2015-08-11,138.0,134.84145908347787
2016-11-27,116.76,119.3103321663638
2016-11-27,331.023,331.0230000000008
2016-10-28,756.8,751.3179905555519
2014-12-29,8.736,9.024310873626375
2015-09-10,6.08,7.259923341405054
2017-10-02,17.46,17.75546188156621
2017-10-02,369.16,730.6826903823314
2016-09-11,2.912,6.55819043955114
2016-09-11,20.736,20.87447580629872
2016-09-11,9.568,9.59310353140812
2016-06-02,30.18,30.02027264371295
2016-06-02,51.648,52.75917310275197
2016-06-02,11.232,12.933502982803814
2017-10-15,14.73,15.663897220631236
2015-09-27,16.4,15.735768554402837
2015-09-27,25.92,26.43947573037956
2015-05-03,8.82,9.189533411013553
2015-05-03,62.496,62.20448768113128
2015-05-03,339.96,340.1595441666683
2015-05-03,49.568,49.80672909334565
2017-01-09,274.491,274.491
2017-01-27,137.94,136.40019235487827
2017-09-02,40.68,51.28539352937152
2016-07-14,110.376,121.58137102337739
2016-07-14,151.62,154.8671574653732
2016-07-14,30.8,34.95868643562346
2017-02-24,123.92,120.1317107976194
2017-02-24,1319.8,1319.799999999993
2014-07-20,89.712,89.16286635440783
2014-07-20,22.83,22.86285930459298
2017-03-13,30.88,33.81330418840507
2017-03-13,465.16,459.03104084371415
2017-03-13,27.12,26.720224251887892
2016-03-08,113.6,113.89931701418892
2016-03-08,12.96,13.28039367580369
2016-03-08,69.456,66.98240104122343
2014-12-07,8.64,8.951775826359595
2016-07-10,341.991,341.9909999999989
2016-12-24,43.96,46.3491560436377
2016-12-24,39.76,40.235472651670186
2017-04-23,66.36,68.5197576597791
2017-04-23,92.88,90.34600954538833
2017-04-23,24.14,24.312053100102606
2017-05-22,49.56,50.557107298332475
2017-02-09,354.9,237.73703564357368
2014-03-03,15.12,14.690583021475234
2014-03-03,302.45,302.54373799999837
2014-03-03,44.672,57.314602363379166
2015-06-04,119.98,119.72629410225396
2015-06-04,989.97,982.4598199999994
2016-08-27,9.216,11.328838149643932
2016-09-12,68.52,68.09278961658904
2016-05-30,364.74,343.150394399508
2016-05-30,47.4,55.23505836210626
2016-05-30,49.76,139.23518382106212
2016-05-30,5.56,6.4743179464723175
2016-05-30,629.1,629.1000000000034
2016-05-30,14.7,13.910397841856502
2016-05-30,45.36,46.05982869249406
2016-05-30,125.99,126.46502944433587
2017-06-10,14.7,15.53599014506376
2017-10-22,32.7,36.747568098175215
2017-10-22,31.68,32.381447731140675
2017-06-13,181.86,177.3011062432298
2014-11-23,155.372,157.7297672089953
2017-08-16,13.428,14.774840184854307
2017-08-16,67.136,84.28551171740331
2016-01-14,89.568,89.84647535753204
2016-01-14,315.776,314.7281532275123
2016-09-16,273.666,270.1422753011788
2016-09-16,17.48,17.92600864161082
2016-10-10,20.608,21.39683263894124
2016-10-10,4.095,4.3193485538634535
2015-11-13,339.96,364.79399957329605
2015-11-13,63.98,68.58098833505535
2014-11-02,799.92,799.8741916666717
2016-07-19,35.984,51.06055830316686
2016-07-19,389.97,409.4461291666675
2016-05-14,185.528,185.71252805555457
2017-10-16,599.985,599.9849999999966
2017-06-22,3.036,3.333823354567016
2017-09-09,25.92,20.008795921922673
2017-09-09,66.112,66.13112370050281
2017-10-14,46.36,49.54418358969147
2016-06-20,6.9,7.184210607120038
2016-06-20,57.69,62.692219107137326
2014-09-02,559.71,580.2546516666663
2016-01-30,305.01,310.8990961038951
2016-01-30,50.784,53.093442334908744
2016-01-30,26.01,26.802801215587365
2017-12-04,649.0,963.1151116666656
2016-01-23,59.99,64.64974269685528
2015-05-26,20.24,24.688748939747516
2014-05-04,37.84,19.48067443101524
2014-05-04,5.472,10.042345275144077
2015-02-10,77.24,85.83874328026755
2014-11-18,292.1,291.99312222222295
2014-11-18,8.544,8.83909206637807
2014-11-18,424.116,844.8315451111106
2014-11-18,2.892,3.301337692083909
2014-11-18,381.72,381.79014268309555
2017-09-04,97.184,113.32293473537459
2017-09-04,10.368,10.642854953411245
2014-03-29,890.841,890.8409999999934
2016-11-05,72.0,71.05506510833598
2016-11-05,113.888,120.1696027944226
2016-11-05,158.13,159.75854584107228
2017-06-10,14.13,8.385526072296882
2015-08-10,64.75,65.18879766476117
2015-10-09,1.872,2.7352008528739775
2015-10-09,11.214,11.197890193077804
2015-10-09,37.376,44.54367282746515
2016-05-28,286.4,284.1636303866863
2017-05-11,43.92,38.62030863483539
2016-10-16,142.182,183.32333133333344
2017-11-17,19.608,18.967424047758694
2017-11-17,4.158,5.198372406892294
2017-11-26,979.95,979.1555308730213
2017-11-26,135.3,129.96839439536657
2017-09-03,8.904,10.748357798905099
2017-09-03,100.8,99.78557696547398
2017-12-05,41.96,39.81350115456367
2017-12-05,9.45,10.864364226879967
2017-11-10,400.8,397.02612361908575
2017-11-10,28.792,29.223835055593675
2014-03-18,111.0,91.12027916017686
2014-03-18,1279.968,1279.9679999999948
2014-03-18,1856.19,1856.189999999999
2016-11-12,22.752,22.348899179894165
2017-10-26,61.542,60.64700424362218
2017-10-26,81.438,81.46046201406888
2015-04-11,67.36,63.09153880066829
2015-04-11,54.528,60.00787542636199
2015-12-25,843.9,910.2554533333314
2015-12-25,449.568,448.50094666666615
2017-09-21,15.51,20.86628737574434
2014-12-20,192.186,200.07794380367864
2015-07-18,5.76,6.552730832048678
2014-07-26,67.88,68.8007666666666
2014-07-26,162.89,162.69746062964836
2014-07-26,25.71,27.359098498406833
2014-12-26,191.88,228.76802683559552
2017-12-11,721.875,963.7317783333336
2017-12-11,73.568,90.95107592559907
2017-12-11,13.584,8.619016343137977
2017-12-11,64.784,65.0091444444442
2014-03-03,176.772,176.7719999999993
2017-10-21,38.82,40.964494630264234
2017-10-21,21.9,23.97738904258086
2017-11-10,111.79,115.28243742063552
2017-03-16,445.44,445.0704736666682
2016-09-22,16.52,16.819608798426305
2017-02-06,29.9,29.21103242709272
2015-12-31,116.4,122.60765758516816
2016-10-09,1.408,3.414889986419013
2016-10-09,169.568,154.44159706492405
2014-12-30,251.964,250.94075718723028
2014-12-30,523.764,522.8907299999979
2016-04-12,19.44,19.830927873978357
2016-04-12,194.352,202.65256345890373
2016-04-12,36.624,38.59058795772185
2016-11-28,340.182,339.2481285642607
2016-11-28,12.672,19.906536918848612
2016-11-28,6.888,6.770072268512047
2016-11-28,32.544,43.491141922004665
2016-11-28,347.802,444.8047405840786
2017-04-15,15.57,15.500957975353115
2015-03-09,4.608,6.338991068830094
2014-10-28,257.98,279.7359844011968
2017-01-07,153.78,175.61185186136422
2017-01-07,61.02,104.39270901920118
2017-01-07,110.11,329.32497135687896
2017-01-07,7.89,8.392483341215124
2017-08-13,36.024,34.62183358732554
2017-11-02,54.336,41.5388224209691
2014-09-19,92.52,146.49400675672916
2015-05-31,10.272,9.402487915045919
2016-09-13,40.74,106.5906867147679
2016-09-13,14.4,16.076748013309924
2016-09-13,149.95,148.3290421911255
2016-09-13,16.9,21.06338770728535
2016-09-13,17.61,18.275762460065128
2016-09-13,378.0,440.91146466931366
2016-09-13,17.64,18.58159980109979
2016-09-13,373.08,661.2942356605986
2016-09-13,1336.44,1336.4400000000019
2016-09-13,29.97,72.34175228934552
2017-11-29,390.368,434.34085355555544
2017-11-29,101.52,76.50654194042434
2017-12-04,74.352,70.68599921542294
2017-05-02,15.7,17.105244663270852
2017-05-02,59.52,53.4367818364425
2017-05-02,34.4,33.8399030635591
2016-12-25,313.176,314.111417333335
2016-12-25,866.646,866.6460000000023
2014-09-30,795.408,465.50718640317336
2014-07-12,35.856,36.54253418775906
2014-07-12,23.84,25.85337687897997
2016-09-08,43.13,44.59463787436382
2016-09-08,30.87,32.436330252313894
2017-08-06,70.12,72.89021562622555
2015-05-14,509.9575,510.1918125370367
2015-05-14,122.91,123.42168232050727
2015-05-14,97.568,111.02755010564616
2015-05-14,722.352,722.4713120000044
2017-01-20,11.52,13.313669014773147
2016-05-30,167.84,37.06713271032669
2014-04-08,172.11,172.11000000000047
2014-07-23,99.98,93.34726772934918
2017-05-30,156.792,160.82507678296193
2017-05-30,35.36,36.10274344700248
2017-05-30,13.592,15.873438573754147
2016-03-13,386.68,175.00008767490309
2016-03-13,379.96,311.74688755555616
2016-03-13,539.91,539.7780085714313
2016-03-13,41.24,39.91104016162146
2016-03-13,51.897,51.64087622988615
2016-03-13,552.56,553.2464199999982
2016-03-13,23.16,22.074147051007632
2016-03-13,126.08,125.23348285324803
2016-03-13,449.1,449.1000000000025
2017-04-10,195.104,193.81453209468162
2017-04-10,36.672,45.25453764536316
2016-06-25,85.246,101.21852368951521
2016-06-25,32.712,28.645285888888864
2014-03-17,11.43,13.254128808868431
2014-03-17,30.44,32.82092314717935
2014-03-17,12.96,13.300889025087148
2014-03-17,16.0,17.82281865106622
2014-03-17,32.67,30.124986291154304
2014-08-09,4.464,7.796895331104816
2014-08-09,9.345,8.99104898648038
2015-07-26,9.144,10.956081343121854
2015-07-26,23.136,25.473967129924592
2015-07-26,99.2,92.83444687374512
2014-02-15,21.36,21.95976114736124
2015-03-24,46.9,45.27819640831382
2017-09-02,18.72,20.873682617477222
2017-09-02,236.528,235.68507999999935
2015-11-16,18.9,18.723404768420043
2014-12-09,10.688,10.998113737795228
2014-12-09,237.096,267.0979544105452
2017-02-03,5.184,5.710295644613588
2017-02-03,65.584,66.4178800377985
2017-02-03,22.2,22.257710333333222
2017-02-03,419.4,419.2693049999978
2017-11-11,88.92,75.85391751306004
2017-09-17,9.912,16.97612677789663
2017-09-17,318.43,336.2554030340115
2017-09-17,5.8,6.320234888100618
2017-09-17,1415.76,1403.1630574444498
2017-06-25,148.48,179.32703616508124
2016-07-30,9.248,11.093267071710017
2016-07-30,1036.624,1026.642337518043
2015-04-16,569.64,568.8679258278892
2015-04-16,9.14,10.469277121336452
2015-04-16,1196.86,1196.8599999999913
2015-04-16,523.26,523.2503999999996
2015-04-11,639.968,639.9679999999959
2015-04-11,52.76,52.012494547943334
2015-02-27,538.92,281.36261916666683
2016-09-08,14.88,12.236763249432931
2016-09-08,34.24,37.336886524134876
2016-09-08,261.74,269.68967609130135
2016-05-19,87.84,84.78123668893349
2017-11-11,34.92,36.992292904202415
2014-09-15,14.94,15.77660085776959
2014-09-15,14.56,15.34767246712354
2015-09-15,3.576,4.775613963321526
2015-09-15,147.184,143.69157835944566
2016-07-01,1499.95,1499.9500000000075
2016-04-10,13.568,19.319155021562143
2014-01-06,609.98,609.9800000000021
2014-01-06,5.48,6.523297680097299
2014-01-06,391.98,430.28451730639716
2014-01-06,755.96,756.1517722222204
2014-01-06,31.12,21.613918398142687
2014-01-06,6.54,6.8389917756198795
2016-09-01,12.78,12.754427054979098
2014-09-23,18.464,20.847999553793866
2014-12-15,445.802,744.773085712962
2017-12-28,2.48,3.7460436532717516
2017-12-28,25.9,27.602975050430572
2015-12-19,29.9,30.956960657450097
2015-12-19,2249.91,2249.9099999999985
2015-12-19,1053.164,1052.9400349999946
2017-11-05,12.96,13.159306117106032
2015-09-10,106.68,107.97876353730739
2017-11-16,119.94,116.89216628098418
2017-09-11,10.272,10.770898405821642
2017-09-11,512.19,511.60264833333497
2017-09-11,1.556,1.9938414935669322
2017-07-14,4.448,7.218696165423053
2017-07-14,276.69,269.7048476467963
2017-07-14,4.96,11.166188081377037
2017-07-14,71.92,65.15617560205503
2017-07-14,18.84,20.588721237991216
2017-07-14,140.97,73.00810406035886
2017-07-14,470.376,471.0138477277394
2017-03-30,6.08,7.30420366090264
2017-03-30,164.792,167.74238670821867
2016-01-31,23.36,24.82035056356765
2017-06-08,12.176,11.903880022950291
2014-11-02,46.384,55.0598827672113
2014-11-02,362.92,390.5398954566552
2017-07-14,9.248,10.13681898497158
2017-07-14,1889.946,1889.9459999999967
2017-07-14,62.04,92.12581217295404
2017-07-14,396.92,683.6983033333329
2017-07-14,239.456,232.18836941915657
2017-07-14,13.12,16.427112546050438
2017-12-09,29.36,30.190265107927043
2017-12-09,214.9,215.05881411626382
2017-12-09,15.92,17.523993582541856
2017-12-09,146.45,209.02971474747412
2017-12-09,15.14,22.696298885786117
2017-12-09,5.76,7.214830295778503
2017-12-09,1399.98,1623.5542333333303
2016-09-05,8.952,9.80751140971518
2016-09-05,8.856,8.902436382734761
2016-09-05,85.246,89.93885130604347
2014-09-10,21.728,22.84828638226763
2014-09-10,1487.04,1481.3043644444406
2017-09-26,71.88,71.5150275795247
2017-09-26,9.24,12.0618553608105
2017-09-26,35.88,35.39282055928891
2017-09-26,17.04,17.468438101220755
2017-09-26,931.176,922.2690266666682
2016-06-17,266.352,123.31777867750662
2016-06-17,483.136,486.44480276719474
2017-02-25,196.784,195.0502796116535
2017-02-25,231.92,535.1420729019601
2017-03-31,29.7,40.44861666415498
2017-12-03,13.592,13.792120606060667
2016-02-19,70.88,71.6409089814075
2017-12-02,114.288,113.49355142596855
2017-12-02,36.624,34.901493308334395
2017-12-02,242.352,242.3519999999993
2017-12-02,49.616,62.51251068548559
2017-12-02,508.704,187.38191104144735
2017-12-02,57.36,60.57464466964218
2017-12-02,906.68,912.4687455555508
2014-10-10,719.952,776.0959380672258
2014-10-10,755.944,751.8774088926209
2014-10-10,11.98,11.737826166085068
2014-10-10,0.898,1.3125124563968231
2016-09-05,21.204,22.588518965404973
2014-11-20,34.74,36.7284022229982
2014-11-20,833.94,832.9894078362593
2014-11-20,12.96,15.067245032219365
2014-11-20,25.92,26.436637846152674
2014-05-10,349.965,349.8214999999976
2014-05-10,22.32,30.762592326560874
2017-11-27,158.28,157.34638546452646
2017-11-27,497.94,498.09140666666826
2014-11-01,533.94,531.8346898544991
2014-11-01,167.94,168.42290071991695
2014-11-01,31.68,31.211660065734456
2016-12-30,170.786,170.2742177777778
2016-09-03,198.744,201.565045374028
2017-10-05,63.824,62.00286014863195
2016-01-30,435.168,433.09452044021344
2016-01-30,48.58,48.579999999999934
2017-04-21,47.976,46.99199889127019
2017-04-21,20.736,20.896983576614904
2014-12-05,26.46,31.84797513861804
2014-12-05,49.12,48.851711143349604
2014-12-05,15.0,15.954794667417007
2014-10-21,194.7,206.6686585285788
2014-10-21,591.32,591.050966666671
2014-10-21,2.84,3.7987184664824114
2015-12-08,221.96,150.8644688960479
2015-12-08,236.0,223.61996524157323
2014-11-02,41.94,43.19149810229257
2014-11-02,52.792,51.994655446788016
2016-12-18,563.94,563.3846245000018
2015-11-23,17.94,14.461345329667205
2015-08-13,422.856,337.09890397472043
2015-04-16,127.764,170.48057194354203
2014-03-21,14.4,15.547479301366387
2014-03-21,122.97,123.44518048116481
2014-03-21,9.32,10.784881070006819
2014-03-21,122.94,123.54386400182901
2017-11-16,17.31,17.408172219073773
2015-09-25,128.744,100.96008682187458
2016-09-05,58.248,64.32878546141448
2016-09-05,71.246,91.64943567335466
2016-09-05,7.872,8.144505213088415
2016-09-05,887.271,861.4269684390379
2017-04-20,146.86,149.10869695444293
2017-04-20,36.56,39.15733743214256
2015-06-15,225.576,242.77791198476757
2014-09-17,5.248,6.044777654986053
2014-09-17,38.256,26.941705114156647
2014-09-17,40.24,37.54735859617185
2014-09-17,29.925,30.014048333333378
2014-09-17,148.704,145.76924867852767
2014-09-17,55.92,138.80136864708015
2016-07-08,12.96,13.176120419057886
2016-05-27,25.176,25.646831954305107
2016-05-27,5.584,4.368379629629632
2016-05-27,1297.368,833.8110088888905
2017-12-24,264.32,248.53028902161876
2017-05-03,25.92,26.501376627142683
2017-05-03,22.96,21.535857170774637
2014-02-22,19.44,19.82918707319559
2015-02-08,9.54,10.22401664591394
2015-02-08,5.81,5.316606281355474
2015-02-08,5.76,6.7238828018968215
2015-08-24,14.91,15.564374988374087
2014-11-30,6.642,6.852556213518217
2016-12-10,18.54,18.577966247441832
2016-12-10,679.96,679.6402466666656
2017-10-27,189.576,189.741322444445
2017-10-27,71.96,74.40422904683368
2014-11-25,539.92,528.109551444073
2014-11-25,725.344,720.9123232857174
2014-11-25,7.44,9.104347352318495
2014-07-14,39.48,38.5370198233205
2015-05-23,850.5,850.53015
2015-05-23,75.33,75.82816380846417
2015-11-21,325.632,313.1062817533951
2015-11-21,23.344,27.236160699372675
2015-11-21,16.52,16.783392112001163
2014-03-30,335.72,335.77359771524857
2014-03-30,251.944,254.87348857143024
2014-03-30,127.302,132.93913694444484
2017-12-29,1207.84,1191.5044000000003
2017-12-29,12.53,13.169798770409644
2017-12-29,34.58,34.914117347506206
2017-12-29,300.98,320.1629266666668
2017-12-29,258.75,391.4671200238095
2017-03-02,59.52,53.31218770520337
2017-03-02,57.96,58.872271195641225
2017-03-02,441.96,441.9600000000027
2017-03-02,68.04,72.08562105845117
2016-10-06,703.71,709.4347066666651
2016-10-06,17.904,18.509325673377983
2016-10-06,11.976,12.108343703505716
2016-10-06,67.96,68.12976070121576
2015-04-05,892.224,890.9716893333278
2014-09-09,1299.99,1299.9899999999946
2016-03-15,4.544,7.653752416803878
2016-03-15,1352.032,1341.7309148412746
2015-12-27,1548.99,1225.1535366666656
2015-12-27,19.872,20.170716622324367
2017-08-07,119.448,120.6312385683323
2017-08-07,118.16,117.8944004803051
2015-03-22,19.56,17.22450939498023
2015-11-30,80.96,90.83559437223825
2015-11-30,25.92,26.507933297629062
2014-04-15,106.96,105.63441860642386
2014-04-15,187.76,188.33587174603218
2017-07-30,76.776,75.10651971104637
2017-06-01,53.9,57.31822049368967
2014-01-07,76.728,76.42392725589174
2014-01-07,10.43,10.830017812898458
2017-09-29,99.2,93.04400576117006
2017-09-13,15.92,17.13926589482207
2014-10-22,129.92,102.4679472449404
2016-10-04,30.4,31.81684279134847
2016-10-04,119.1,123.95521919786489
2015-11-27,40.08,40.844169710176196
2015-11-27,59.94,59.94170287934246
2015-11-27,259.98,259.01333722222273
2015-11-27,170.98,170.98000000000093
2015-11-27,38.97,28.520134575894378
2015-11-27,154.9,154.2491126305832
2015-11-27,446.068,445.5694199999994
2017-05-06,152.94,148.92778112274684
2014-10-08,23.472,28.485924175140262
2014-12-31,195.64,194.84093480220244
2014-12-31,14.94,15.765115367652474
2014-12-31,1687.8,1687.7999999999918
2014-12-31,341.96,341.5920944444463
2014-12-31,605.88,605.5227000000024
2015-04-28,186.732,186.99065379174772
2015-02-14,26.424,29.706126217710292
2015-02-14,625.99,626.1299249999988
2016-11-25,1568.61,1568.6099999999901
2016-11-25,17.3,18.684802581584357
2016-11-25,160.0,161.09261555555554
2017-07-15,179.94,171.0665942841257
2017-07-15,872.94,872.940000000002
2017-07-15,12.96,13.193525667025012
2014-12-29,88.8,95.14130644822508
2014-12-29,319.968,320.058488746222
2016-03-22,167.888,179.03576170145044
2017-07-02,163.96,166.3684822724516
2017-07-02,5.232,5.56051975259197
2017-12-14,1199.98,1199.9799999999982
2017-12-14,73.85,59.402825501148
2017-12-14,25.71,29.014910677040994
2017-12-14,17.28,18.506109693158216
2017-12-14,526.582,226.8511041111114
2016-08-26,11.56,12.424376082360682
2016-08-26,209.97,210.40908329966393
2016-08-26,447.84,447.83999999999736
2016-08-26,479.97,479.91134666666767
2016-08-26,8.64,9.099785783585688
2017-10-15,11.68,12.544480622809406
2014-10-25,40.776,45.402788149501795
2014-10-25,13.698,12.967677679205984
2015-04-02,87.8,123.38293458672558
2017-10-28,77.952,71.58693049152131
2017-10-28,147.184,144.25305774675186
2017-10-28,47.952,47.09682398003565
2014-12-05,250.26,249.31587430905338
2017-11-03,40.776,41.75632611232898
2015-01-06,29.6,26.978967334725738
2015-01-06,1.938,2.802286542547442
2017-09-09,159.96,160.08405345117782
2015-01-05,59.52,53.35389191636259
2015-01-05,17.48,17.48117544699805
2015-01-05,13.168,14.719267877069942
2017-04-16,40.74,41.129867026220694
2015-09-10,179.886,86.83030744444461
2016-09-25,286.256,267.6786172654444
2016-09-25,24.224,41.26476999124612
2016-09-25,331.536,354.4208230158722
2015-03-16,17.52,18.105646104284546
2016-11-26,17.856,23.2677897535067
2016-09-26,431.976,431.97599999999807
2017-06-13,291.136,298.5436726420544
2017-09-18,114.848,102.8027153807273
2017-06-02,10.688,10.99042783637813
2016-05-15,15.232,16.67708783815912
2017-09-15,12.42,15.666954161994905
2016-08-22,19.44,19.828863405742226
2014-05-30,70.368,74.48579202420153
2017-12-18,12.672,16.05124948406351
2017-07-30,89.95,90.7635126678881
2014-11-21,6.58,7.823287699640278
2014-11-21,94.99,95.60053983594233
2015-09-24,35.12,159.1196533333859
2017-08-20,25.92,26.498426967945672
2016-06-17,7.96,9.952071478658791
2016-06-17,566.97,567.1225623225968
2016-06-17,9.84,9.811442856809089
2015-12-19,25.488,27.9743825582607
2015-05-31,7.56,9.988238352373498
2015-06-18,60.84,65.71159394286484
2015-06-18,450.04,437.5889021240621
2015-06-18,34.6,36.16037378561381
2015-06-18,467.97,469.3450509072527
2015-06-18,33.02,34.95301218695403
2015-11-30,17.088,26.681501652713443
2015-12-21,3.008,5.705731609300064
2017-11-17,268.24,267.74363943426977
2017-11-17,431.16,430.28378133333587
2017-11-13,43.6,45.903851740885116
2017-11-13,154.95,145.44944240131275
2016-10-24,15.552,15.816839100334082
2014-12-06,42.208,40.81683286109884
2017-12-03,10.368,10.678127175412799
2017-09-26,2.224,3.7331218426178747
2015-02-03,74.52,74.57378823522741
2017-08-12,17.52,15.948023122767172
2017-08-12,1779.9,1779.9000000000096
2017-08-12,219.9,212.63361802977215
2015-08-24,7.152,8.172498920677253
2017-11-12,26.72,26.422340673604445
2016-08-01,1039.728,1036.5245715555575
2016-08-01,45.96,44.48837851581363
2016-11-25,456.588,456.5880000000019
2016-11-25,59.976,61.483021432798935
2016-04-13,6.12,8.426042916400355
2014-12-27,10.98,11.162839629770751
2014-12-27,7.86,9.886054860241615
2014-12-27,51.45,85.73483800600856
2014-12-27,37.056,39.60627425553509
2016-04-18,203.92,176.8505806926945
2016-04-18,29.56,32.4436458797315
2015-03-08,8.568,8.937817903023385
2016-11-04,45.248,50.52347299026275
2016-11-04,876.3,997.894247666666
2016-11-04,185.376,184.88864200480873
2014-11-29,25.06,25.443490931134356
2016-05-17,2.89,3.0859947408407327
2016-05-17,7.896,9.126952449344351
2016-05-17,22.608,22.581170780219868
2016-05-17,30.528,29.75080697059586
2017-09-19,4.842,5.086608830816061
2016-12-19,1.8,2.2119571150657555
2017-10-12,39.984,33.85127619433622
2015-12-12,32.4,33.50940124422177
2015-12-12,97.88,99.25005918960656
2015-07-12,307.168,304.3170357853941
2015-10-02,26.9,28.794458641176924
2017-03-24,47.01,47.54797424839723
2017-03-24,469.99,471.0371434188048
2017-03-24,207.846,211.11844733504907
2017-06-01,324.744,324.0670504444458
2014-03-24,40.48,54.74509801162981
2015-09-22,12.0,13.170361575065662
2015-09-22,720.064,686.6519387718238
2015-09-22,25.424,38.46636146397208
2015-09-22,2.816,5.6642024000220035
2015-09-22,3.204,3.764166446055257
2016-01-08,30.828,31.53107754243099
2016-01-08,47.616,35.93604689920699
2016-01-08,108.784,110.73859547814308
2016-02-14,4.77,5.501962352899984
2016-02-14,7.98,8.54256798693417
2016-02-14,550.431,548.7734998461543
2016-02-14,10.56,12.224644424708535
2017-06-08,1497.666,751.8569300000001
2017-06-08,17.52,26.589621685024305
2016-10-21,113.22,106.39365823591953
2016-10-21,35.88,37.0838117723362
2017-01-26,11.84,14.457791220952656
2017-12-08,592.74,594.5714222222215
2016-10-21,111.672,109.7498426365557
2014-08-26,8.64,9.087922728672257
2014-08-26,149.97,151.35998242135702
2014-05-16,232.88,241.66982372007843
2015-02-03,90.882,93.04254777777791
2017-10-31,508.768,480.45587282964357
2017-10-31,9.912,11.288476613229069
2015-04-26,63.936,90.30008778304436
2015-04-26,59.52,53.0810493382
2015-04-26,311.976,323.81910630072355
2015-04-26,50.352,50.734662914095516
2016-05-09,19.136,36.490424582600944
2015-01-24,13.12,15.794728531080933
2015-04-13,241.568,241.1496338888883
2015-04-13,479.92,462.04709569730176
2015-09-25,307.136,394.06819433325336
2015-09-25,12.6,12.746251749457189
2015-09-25,159.98,160.7212249300707
2014-03-28,6.12,8.381774581077304
2014-03-28,1184.72,1184.7199999999934
2016-07-17,45.96,44.7730219205958
2014-04-19,58.05,58.87325606042046
2014-04-19,71.28,71.40712537292619
2017-07-21,124.404,125.09429266666652
2015-09-27,154.9,153.97861664645617
2015-09-27,1871.88,1890.9888000000005
2016-02-27,16.192,15.99236076479077
2016-05-02,18.936,43.041869013228414
2016-05-02,12.672,41.66307656480758
2016-05-02,5.04,6.588972977399033
2014-12-09,8.448,9.27873171300116
2014-12-09,20.388,20.34390573305546
2015-12-25,9.96,11.133948179908224
2017-12-07,320.64,318.91746062417604
2017-12-07,52.0,56.54427632874147
2014-05-30,25.584,25.84928638954289
2014-05-30,464.0,509.3738435566485
2014-05-30,235.95,252.859624849304
2014-05-30,39.96,38.277808459178615
2017-03-02,18.528,17.740819986641192
2015-10-12,17.9,18.780117653713194
2015-10-12,81.96,83.52467979037922
2015-07-14,272.736,274.5570921818182
2015-07-14,18.496,19.47372432681401
2015-07-14,441.92,444.3460177777767
2015-07-14,127.764,158.18235733333336
2014-11-19,166.44,166.11024630588457
2016-05-27,13.38,13.15021959463187
2017-07-03,24.0,25.862459452147117
2017-09-25,24.448,25.965148432483993
2016-10-03,6.16,7.568699521483277
2016-10-03,915.136,930.7350906666653
2016-10-03,8.56,9.462764412845923
2016-10-03,97.82,97.28303273660768
2017-09-09,31.104,31.585263368262943
2017-09-09,11.176,9.608815526526236
2015-03-12,5.04,6.544988526208259
2016-11-29,242.176,242.1760000000003
2016-06-14,337.176,337.17595066666865
2017-12-03,13.344,13.73660170166899
2017-12-03,76.752,76.867517758686
2017-12-03,102.336,100.83814350471705
2017-12-03,10.32,10.950269653894743
2017-12-03,47.32,46.95622208084029
2017-12-03,23.376,30.823760142323458
2017-12-03,16.72,18.83670032097195
2017-12-03,16.192,17.4677196670417
2016-08-16,32.4,32.86696788834216
2016-12-25,19.89,19.88858663754087
2016-12-25,399.98,400.20555833333225
2016-12-25,343.85,344.24563333333475
2016-12-25,106.32,106.33290042346397
2017-07-23,13.92,14.520828592481626
2017-06-21,82.4,89.00078367734903
2017-06-21,6.24,8.484702671628126
2017-06-21,447.84,447.8272944444419
2017-08-13,272.048,270.74328076006464
2017-08-13,1614.582,1614.5819999999956
2017-08-13,24.32,25.14869649253948
2017-08-13,1.584,10.003394960689384
2017-08-13,31.984,28.297285925030877
2017-08-13,14.76,15.765545170429522
2017-08-13,423.648,422.0798046666674
2015-11-07,76.64,76.91542797095343
2015-10-15,4.464,5.382714030670734
2015-10-15,3.96,4.327112953357331
2016-07-30,715.64,667.3920852380957
2016-12-03,268.704,272.07351999999906
2016-12-03,21.92,20.256895526068675
2016-12-03,48.72,86.57162679474287
2016-12-03,205.666,227.29312938477733
2016-04-28,30.344,30.43237551851848
2017-08-25,25.696,38.89355954982938
2017-06-17,101.34,45.12172919379438
2015-11-20,344.372,347.0307288000017
2017-09-04,30.384,22.55014918470155
2015-07-04,22.848,21.904401338915477
2017-09-15,38.62,88.05974449602913
2017-09-15,59.98,54.40693231630543
2017-03-13,174.3,191.47162755195163
2017-09-24,383.96,388.6415154437943
2017-09-24,15.57,15.12419558575804
2016-08-13,22.32,24.444768374276567
2016-08-13,103.6,105.52412322015687
2017-11-20,2.97,5.809580747913512
2017-11-20,569.99,569.9935944444438
2017-11-20,50.97,43.55262229571442
2017-07-25,298.116,298.1050866666662
2016-03-25,59.52,57.36140875800497
2016-07-15,230.28,240.31191523954715
2016-07-15,105.52,102.73915097162153
2017-08-17,23.36,24.699949665017563
2017-08-17,71.976,94.39370273047858
2017-08-17,8.56,9.460962508084016
2017-08-17,13.92,15.380665326338683
2017-08-17,540.57,540.8007546825435
2017-08-17,221.056,222.7007029804998
2016-12-14,81.424,96.76971040601371
2016-12-14,134.8,170.9432531678592
2017-12-25,39.582,39.1984153558328
2017-12-25,44.688,44.02998269051048
2017-12-25,31.744,17.333349049722628
2017-12-25,40.98,40.815056264572064
2017-12-25,3.168,3.387277946692761
2014-03-01,18.84,16.208921914466615
2014-03-01,362.25,361.31497575198415
2014-03-01,63.552,63.28554532467509
2014-03-01,129.552,138.31014474540333
2015-11-19,5.984,8.601657274686426
2015-11-19,861.76,861.3682299206383
2014-04-01,66.96,109.76486221843535
2014-04-01,6.24,8.495245588731434
2017-10-05,435.168,434.72724931852
2017-10-05,14.9,15.968465554283739
2017-10-05,15.8,16.599821531519385
2017-10-05,72.9,78.89517072948217
2017-10-05,206.352,207.3461199999993
2017-10-05,7.992,15.35992293596633
2017-11-18,81.36,256.0793766685315
2017-11-18,20.232,20.52720789769837
2017-11-18,389.056,397.2664337197573
2017-11-18,20.736,20.89812712963636
2017-11-18,41.472,41.071106021136636
2015-03-23,33.36,34.52636172367955
2016-10-10,90.882,90.88200000000039
2016-10-10,15.992,19.296241394845154
2016-10-10,120.784,172.2224025925929
2015-08-16,519.792,519.6160185714275
2015-08-16,31.176,240.47880155006536
2015-08-16,10.368,10.66583717602288
2015-08-16,2.724,3.222396825414182
2015-08-16,254.352,226.58498827912655
2015-08-16,3.762,4.237430214259231
2015-08-16,10.272,10.7956026339732
2014-05-31,659.97,659.9022571428582
2014-05-31,113.73,115.78191228959622
2015-08-27,5.104,5.721991418851098
2014-01-03,16.448,15.672312482620528
2014-09-10,81.92,77.91196646869236
2014-09-10,254.9,254.62922968253974
2017-01-22,15.12,15.846938692000467
2017-01-22,7.872,8.742093171570136
2016-04-21,8.32,12.016139988380708
2016-07-20,89.95,92.65401088160246
2016-08-23,25.2,24.896652969132962
2016-08-23,37.59,38.16712319564077
2016-08-23,14.97,24.035925582865833
2016-08-23,1.98,3.586950719300186
2016-06-14,39.936,37.528641547852764
2016-06-14,18.464,20.978674630673982
2015-11-20,4.896,5.059836367433501
2015-11-20,145.764,145.7640000000003
2015-11-20,9.612,10.043612645771578
2017-11-03,199.75,203.30236299999999
2017-11-03,1673.184,1673.1840000000054
2014-05-04,12.18,12.677668597134694
2014-05-04,57.68,59.16090328728739
2015-11-08,263.96,265.1204744925448
2015-12-12,299.94,558.7809066666666
2015-12-12,25.76,28.612913060143946
2014-12-01,271.9,278.9227218179417
2014-12-01,45.84,57.262694093778286
2014-12-01,9.82,9.919871079616158
2016-10-07,93.36,88.5195983625056
2015-11-17,541.24,159.76131829196345
2015-11-17,106.32,106.2571547726236
2015-11-17,1323.9,1482.4096666666724
2014-03-17,126.624,124.43189383265681
2015-06-20,125.944,137.31613762531563
2017-05-25,663.92,663.214705714289
2017-05-25,120.0,94.65999934914258
2017-05-25,3.29,4.349256560291335
2017-05-25,18.84,19.69554416368925
2014-09-09,60.672,62.09041800226137
2014-09-09,30.816,24.302402791946122
2017-10-17,52.792,50.29429042274335
2017-11-02,83.9,79.91887117502951
2017-11-02,11.76,12.556967417136683
2014-07-21,4.992,5.242208082034308
2014-07-21,87.92,87.97885676807323
2014-07-21,657.93,658.3285878181177
2014-07-21,1.044,1.421497412127362
2015-09-11,210.68,209.46147680805103
2015-09-11,78.8,52.144329639311216
2015-09-11,19.99,20.405494469331405
2015-09-11,772.68,767.1543359589904
2016-10-21,106.08,100.43936495430479
2016-01-07,23.076,25.32135693101348
2016-01-07,25.92,25.71071928839676
2015-06-25,47.952,47.207550628565706
2015-06-25,0.984,1.6242577110109997
2015-06-25,75.384,75.24859999999953
2015-06-25,4.608,6.3666569878461186
2015-09-20,37.68,37.11494090712209
2017-07-10,41.91,39.7797766889245
2017-06-30,435.999,418.88726380360845
2017-08-21,388.704,390.7503364910663
2017-08-21,572.58,454.24990586039826
2017-08-21,33.18,38.03744905888973
2017-03-11,63.88,67.06439419592978
2017-03-11,26.72,30.199340194153148
2017-09-15,295.056,353.3899995132267
2016-09-20,393.25,392.4873283720909
2016-12-15,2.214,3.0702486394293653
2017-11-03,16.272,15.767069423636103
2016-07-03,706.86,705.7509063492015
2014-09-26,5.97,6.739648409562085
2014-09-26,21.184,29.61276732962119
2014-09-26,41.376,32.00806388428248
2014-07-14,17.94,14.591304104932645
2017-09-28,2.655,2.9198577360286664
2015-08-28,892.35,891.7524841269876
2015-08-28,307.666,309.8260142890197
2015-08-28,728.82,633.0490446181768
2015-08-28,41.36,41.182641648334844
2015-08-28,43.176,87.4341622009876
2015-08-28,4.16,5.207232531212434
2015-09-20,61.4,62.07793935984019
2015-09-20,24.448,25.597373476879564
2016-11-07,263.96,264.0845065560369
2016-11-07,359.97,365.68755039899054
2016-11-07,12.96,13.175977561915028
2016-11-07,116.82,112.94696860622993
2016-11-07,276.784,277.36149005956975
2015-10-20,239.97,237.7708495057727
2015-10-20,16.02,17.442761522513933
2017-01-01,454.56,455.84731066666507
2017-01-01,141.42,141.41999999999896
2017-01-01,310.744,305.37592905584756
2017-01-01,12.736,16.08748503559524
2017-01-01,6.47,6.467213414738384
2017-01-01,13.748,13.64392858008217
2017-01-01,15.224,15.435197180145527
2015-06-23,27.42,27.967631428226074
2015-06-23,165.98,165.6338728310362
2015-06-23,75.0,59.70452058131439
2016-11-22,134.272,136.90768722820079
2015-10-26,146.544,144.84392639469763
2015-10-26,131.904,132.40760927853847
2015-10-26,203.88,195.50683026452108
2015-10-26,14.301,14.084517188409528
2015-10-26,718.64,718.2678151111161
2016-10-20,61.1,61.18359664485349
2017-04-28,28.08,34.95818226319632
2016-09-29,10.496,12.78667295548447
2015-07-10,39.92,37.849643858391914
2015-08-07,77.58,74.92395412606832
2014-12-07,269.36,282.70133386039913
2015-12-10,5.76,7.38078882206345
2017-11-08,109.9,109.01025370163693
2017-07-27,23.88,35.46508348248438
2017-07-27,26.2,25.893563718016722
2017-07-27,12.96,13.160329997953527
2017-07-27,234.95,230.08219943001342
2017-12-28,118.25,168.49605078413566
2017-12-28,4.28,5.1882375792570095
2016-03-10,26.85,30.31878620156455
2015-05-22,8.26,9.25122436718828
2015-05-22,104.79,160.1703372958941
2015-05-22,775.728,537.1500904016066
2017-02-17,89.0664,89.06639999999976
2017-02-17,175.44,176.92723602532692
2017-02-17,438.336,435.99090276797233
2017-12-08,215.544,220.66399291051795
2017-11-18,55.584,57.89587030007783
2017-11-18,127.386,400.5197486025514
2016-12-01,248.43,280.79324312273684
2016-12-01,11.648,15.30155490407854
2016-12-01,85.246,86.41049537614343
2017-10-03,20.64,17.117428000681123
2017-08-29,148.02,151.19515429647794
2017-11-24,33.29,38.07632473426031
2017-06-30,204.95,204.86777832043552
2017-07-22,526.344,514.1353892166666
2016-11-11,41.96,39.37964384931066
2016-11-11,451.152,378.92592929804033
2016-11-11,31.504,32.835111744879434
2014-12-09,30.672,28.54638084566853
2014-12-09,1079.976,992.2369400000014
2017-09-07,161.568,245.5232828479454
2015-02-06,2.934,3.2971055376636476
2015-02-06,18.528,31.28814171568413
2015-02-06,670.752,670.2129177777783
2017-08-26,64.96,64.75082947811399
2014-07-20,41.94,44.38220441507402
2014-07-20,11.96,12.66660824462064
2014-07-20,13.12,13.161097538907137
2014-07-20,535.41,535.963467896828
2015-10-08,72.78,72.76592722222215
2015-02-16,36.84,36.57229270637226
2015-02-16,87.71,87.85215723044102
2016-08-12,562.2925,562.2925000000013
2014-11-09,56.52,59.03912498419075
2016-07-18,11.264,14.876987623123625
2016-07-18,284.08,284.23879516499585
2016-07-18,18.496,19.66029290914202
2016-02-05,14.73,15.672515369661227
2016-02-05,186.54,198.18478147700833
2016-02-05,557.728,734.9239433333333
2016-02-05,159.968,158.57920784693286
2014-06-20,471.9,474.9434563696464
2014-06-20,3.52,6.602757507411081
2017-06-09,49.12,48.712836019144184
2016-12-27,20.16,21.41841731782254
2014-01-26,10.68,11.987051823621295
2014-01-26,141.96,142.7371988888882
2017-03-23,32.48,92.14289291774072
2017-03-23,20.04,20.49908587839073
2017-03-20,238.0,233.36429415750914
2017-03-20,61.96,61.539787126668635
2016-10-04,239.372,239.19886479365212
2016-11-18,595.0,592.9675416666668
2017-12-26,16.032,16.24325395846504
2016-03-09,199.75,200.54762805555558
2016-02-16,227.96,226.78152295661334
2015-09-28,293.52,265.3168307634785
2015-09-28,307.98,308.48472380687815
2015-11-02,96.96,99.16450608000964
2015-11-02,117.488,117.11576311027214
2015-11-02,11.952,13.558070570599796
2015-11-02,512.499,347.8717509693003
2016-07-31,863.128,830.9794616666683
2017-11-06,2036.86,1779.710493333335
2017-11-06,449.568,443.82078543809837
2017-11-06,108.96,112.34213362336345
2016-02-14,264.18,260.72601898619394
2014-07-09,2.88,4.075121786635001
2014-07-09,41.904,41.88886959260278
2014-07-09,23.92,99.14336198215825
2016-01-30,156.512,173.00392701739193
2016-09-22,128.34,146.24690449094962
2017-12-22,474.95,474.70783333333236
2016-09-02,999.98,1175.6328999999996
2015-08-02,277.5,560.8992733333329
2015-11-21,1252.704,1260.2916716666657
2015-11-21,110.97,122.07605402305259
2017-05-18,22.608,22.55793978021987
2017-05-18,1.892,1.921122074074077
2017-07-23,63.312,62.141589546284244
2015-09-13,7.824,8.575199900821405
2015-09-13,170.072,183.38471829050295
2016-12-10,62.82,62.491874210490906
2015-10-02,19.44,19.834585806179504
2015-10-02,7.38,8.812458562293505
2017-11-17,38.88,39.53207664712507
2017-11-17,187.76,386.70220500000033
2015-11-30,6.048,6.508461197559136
2015-11-30,98.352,87.42014978982918
2015-11-30,335.744,334.09241970370516
2015-12-06,8.96,10.269327890612928
2017-09-05,89.568,81.91979096303312
2017-09-05,71.96,49.963967168511736
2017-09-05,15.552,15.794725500936398
2017-04-24,10.43,11.172215240082902
2017-04-24,72.784,76.11003754007595
2015-11-08,67.15,99.31379097173972
2015-11-08,549.98,548.8566492466914
2015-11-08,11.82,16.104532090442643
2015-11-08,577.764,577.7639999999977
2015-04-26,191.5155,166.41224500000035
2015-04-26,2.624,3.5330852885872535
2015-09-20,1369.764,1369.764000000007
2015-09-20,294.368,310.5772776289647
2017-09-07,81.568,67.91190476969244
2016-11-07,44.46,43.896696142856854
2016-11-07,314.088,279.77943767381277
2015-09-25,6.336,6.857545783221314
2015-09-25,10.48,10.75222106891452
2015-09-25,2.469,2.7305160518706515
2015-09-25,3.264,3.537652163461085
2014-10-03,4.344,7.042780309347312
2014-10-03,31.776,31.834773412698304
2014-10-03,4.928,6.49220919317739
2014-10-03,1.788,2.1747285065125177
2014-10-03,15.072,13.236175908886104
2014-02-18,12.624,28.33289785075943
2016-06-12,185.88,183.91843391772696
2016-06-12,12.96,13.15968660193562
2017-11-01,189.7,189.75952496577764
2017-11-01,40.99,42.67274136963123
2016-04-04,82.64,24.168079997835388
2016-04-04,31.02,47.673641172542766
2016-04-04,89.97,91.9302434978046
2016-06-30,35.97,32.36046542701686
2016-06-30,1266.86,1266.859999999991
2014-09-22,169.45,175.65624031354093
2014-09-22,40.68,68.70680779679584
2017-05-01,3.328,10.568247170357367
2017-05-01,933.262,933.2619999999945
2017-10-20,4.768,43.79886338291805
2017-10-20,6.672,7.143553792512242
2017-10-20,4.448,8.615660862851257
2017-10-20,43.936,39.99915756118331
2014-09-01,23.744,24.42216460780814
2014-09-01,357.0,351.60645041125537
2014-08-12,806.336,793.0626526427291
2014-08-12,85.44,90.10022465921789
2014-08-19,344.91,183.72096045710214
2015-05-10,70.97,81.3534279999998
2015-05-10,36.784,22.84232981272667
2016-05-10,743.988,639.9761319047641
2015-03-05,11.212,10.866040522414519
2015-03-05,4.712,5.681849629629633
2015-03-05,180.98,180.98000000000104
2015-03-05,60.416,50.67023015220816
2017-08-12,299.99,299.91496666666757
2017-08-12,192.16,192.40463332784446
2017-08-12,242.624,243.59229936649163
2017-08-12,46.74,104.24300920530402
2017-08-12,174.95,167.3542550325237
2017-08-12,100.704,103.89602755923198
2016-06-26,368.91,368.89018111111346
2016-06-26,8.02,9.234783601766418
2016-06-26,171.04,178.9361822872393
2016-12-15,19.44,19.82126167617735
2015-09-13,13.092,12.862002242266806
2014-12-30,122.94,115.76630391307327
2014-12-30,35.448,38.25904226117673
2014-04-29,19.98,53.12279455240257
2017-01-30,69.375,69.375
2017-01-30,31.68,31.46115772985519
2017-01-30,2003.168,2003.167999999997
2017-01-30,9.344,16.428444271945523
2016-10-20,387.136,148.2242019707545
2015-06-13,3.424,3.4440012780286913
2017-06-30,1085.42,1064.834306666666
2015-06-26,43.056,43.8871564001011
2016-02-21,3.762,4.248250615425004
2016-02-21,34.86,34.437888363998134
2016-02-21,432.456,387.01576547935326
2017-04-22,675.06,669.1317226560832
2017-05-09,65.232,63.854211104963554
2017-05-09,207.0,212.79864430134057
2015-12-21,600.53,601.1663816666656
2015-12-21,59.904,58.18828804302289
2015-12-21,637.44,637.4400000000019
2015-12-21,51.756,51.50976544636824
2014-08-12,31.104,31.1279079640594
2014-08-12,47.96,23.07669281071294
2014-08-12,158.928,160.43278894444435
2014-08-12,211.248,192.7731236145495
2014-08-12,5.552,10.318672254133162
2014-08-12,2.952,3.9351097906498533
2015-12-11,10.332,10.055595509579966
2017-11-03,18.368,19.323845484722643
2017-03-13,299.9,295.5790350541544
2016-05-30,26.55,27.771392972715038
2016-05-30,111.98,107.01421117479843
2015-07-05,4.928,18.179823109807
2015-07-05,11.784,12.748645018014628
2014-03-11,7.98,8.449162075681924
2015-04-20,180.96,180.1893519682972
2017-07-26,1649.95,1649.950000000008
2017-07-26,362.352,524.5776997297429
2014-10-31,73.584,85.99523118393417
2017-11-03,486.368,486.36800000000005
2016-08-11,32.4,32.87324084850674
2016-08-11,41.86,41.563641576308434
2016-08-11,77.56,78.19905960045504
2016-07-25,37.17,34.78826554116386
2014-03-01,137.352,119.62458817756409
2014-03-01,376.509,381.0311390000015
2017-01-26,62.72,65.72928504764536
2014-07-12,512.358,492.2885382213345
2014-07-12,3.488,5.1301412600769005
2014-07-12,22.288,22.51862848691518
2014-07-12,16.032,16.241946364078434
2017-04-11,1.752,3.3382253045611248
2017-04-11,20.992,21.033239247963003
2017-11-13,11.21,41.925751559278616
2015-12-05,45.04,29.913218169308966
2016-09-26,15.624,15.604617641155842
2016-11-19,8.74,9.150227265720527
2016-11-19,44.75,44.12214727314126
2017-09-08,61.68,69.77121044299938
2017-09-08,158.376,147.80683773140098
2017-07-21,2.864,3.377535771451566
2017-07-21,94.192,94.14352799999936
2017-10-06,143.7,144.39108998108833
2017-10-06,6.48,6.950051854888528
2017-11-07,7.88,10.242679295943695
2016-03-09,11.21,24.10940523981543
2016-03-09,354.9,356.36182583333175
2016-03-09,17.94,18.84620523221984
2016-03-09,51.8,51.88911259799833
2017-05-13,299.52,300.2925049511601
2016-07-02,7.7,10.03026933039172
2014-12-27,23.92,24.858379992681236
2014-12-27,498.0,498.00325000000004
2017-04-13,436.704,439.351189724815
2014-11-14,32.4,32.83321854628502
2017-06-11,61.44,58.290642812437845
2016-11-25,73.36,336.50192843201825
2014-03-21,59.2,60.567320301541464
2014-03-21,32.952,32.55883654252922
2014-03-21,218.376,218.54533833391417
2015-04-30,31.4,36.8768436962657
2015-04-30,9.48,18.156670735237697
2015-04-30,209.5,275.24172190476173
2015-04-30,24.3,28.336986129854697
2015-04-30,6.48,6.954779305165816
2017-05-03,32.448,33.06103087092829
2017-05-03,26.388,22.376772021982323
2017-05-03,373.47,373.66267000000096
2017-05-03,64.2,57.71839789031919
2017-05-03,8.0,9.241616032310256
2016-08-26,186.54,185.81342546877875
2014-04-11,87.08,129.4340403551243
2014-04-11,105.584,104.84926062744543
2014-04-11,217.44,217.38016388888968
2017-01-02,31.744,23.844053569116788
2017-01-02,5.432,5.686840898760132
2017-01-02,913.43,913.4299999999947
2017-01-02,372.144,351.3823373857682
2017-04-28,751.984,751.6349902222195
2017-01-30,604.768,599.7267467357616
2014-09-07,27.36,35.30923216628485
2014-09-07,20.56,20.333932328566956
2014-09-07,83.92,88.20115647080162
2016-06-11,902.712,902.7119999999998
2016-10-17,120.666,256.28136591839063
2014-12-27,4.984,5.120315520949184
2016-11-24,82.26,95.8858622042948
2016-11-10,29.74,20.635713455786632
2015-01-05,87.36,83.75985681162497
2015-01-05,56.16,52.11574394330031
2017-03-21,64.384,62.470798721534145
2015-11-12,64.784,67.34805866377036
2015-11-12,15.552,16.200078654212586
2015-11-12,223.888,222.18312578559423
2014-09-09,10.896,11.228568477289201
2016-03-17,84.784,83.08309287208962
2016-02-08,241.5,234.33464654747308
2016-11-26,59.97,59.669451426161054
2016-11-26,13.36,13.531482654606208
2017-09-04,11.808,13.385266970777497
2015-05-28,16.24,27.894838890839836
2015-05-28,77.55,108.47131263540653
2014-11-01,76.12,76.75520299618806
2016-12-27,17.184,18.556152751327744
2017-12-04,11.76,12.48832011070086
2017-12-23,27.46,28.925128370484508
2016-12-01,137.94,135.85735159600748
2016-12-01,111.15,113.6355524580032
2016-12-01,901.95,961.499766666668
2016-12-01,366.009,396.28011999999916
2014-06-30,310.688,310.96332817989304
2014-09-03,7.68,7.800239274008254
2017-11-02,155.372,155.87878982580582
2015-04-13,10.744,20.442755920670415
2015-12-05,232.4,238.84493939336593
2015-12-05,164.646,173.4633334569115
2015-12-05,22.68,24.42230110144336
2016-02-01,105.52,105.54670865838274
2017-07-08,83.92,70.32511594606729
2017-07-08,141.9,142.72454555555635
2017-07-08,39.98,35.717747175056644
2017-07-08,28.91,27.91514543676391
2017-07-08,174.95,164.76509603883693
2015-12-11,110.528,110.13304666032735
2016-11-15,630.024,523.438604777777
2016-05-09,27.86,28.775422913636884
2017-03-10,933.408,739.4964166666654
2016-12-17,51.84,51.866173658518704
2016-12-17,165.6,168.08334661872576
2017-04-06,106.32,106.3095663701627
2017-05-09,147.92,143.79524510941297
2017-05-09,104.28,114.56245748802017
2017-05-09,286.85,286.85000000000065
2017-05-09,66.96,142.32593610463383
2017-05-09,199.98,200.48697722222337
2017-10-12,45.0,42.86593333978513
2017-10-12,17.9,19.380909016221754
2017-10-12,40.48,42.84443003104159
2017-10-12,2154.9,2154.900000000012
2016-08-28,18.432,17.902934213938128
2015-10-02,10.944,15.21272986988145
2017-11-23,4.36,11.139377960275901
2017-11-12,62.352,62.798246518518646
2016-12-19,303.92,303.9134166666653
2014-03-30,129.3,41.75190162120559
2017-11-08,274.2,672.2623533333334
2014-09-14,6.048,9.833954809657842
2014-09-14,6.848,7.705943074943827
2014-09-14,9.96,10.511949616402138
2014-09-14,8.552,8.766359866868072
2015-09-20,45.584,48.18481304540369
2015-12-10,25.488,40.25881947044912
2014-05-28,136.96,138.66472812034306
2017-03-14,49.616,55.149358910335835
2016-12-08,10.584,11.285095038046396
2017-05-06,84.416,82.10629849283114
2016-03-06,431.94,427.37272382539834
2016-03-06,2.043,2.523516476779859
2016-03-06,68.238,67.57366582603845
2017-10-23,240.744,240.75051999999977
2017-10-23,35.0,44.84008895247592
2017-10-23,210.68,210.76784194693994
2017-10-23,637.896,637.8960000000003
2017-10-23,43.44,45.89582343966367
2017-10-23,2.22,3.371872151028337
2014-04-28,1679.96,1675.4780400000084
2016-04-18,344.372,348.90722091823415
2016-04-18,1554.936,1552.574143999991
2016-04-18,127.88,92.28690796296294
2016-05-22,222.384,230.0620983486263
2017-05-28,106.869,139.64997695560388
2017-05-28,3.564,3.9617174597926867
2014-08-25,25.68,24.61094900645648
2014-08-25,12.384,12.271690547869216
2014-08-30,25.3,26.520897953563082
2014-08-30,95.94,132.1998738617224
2015-09-03,7.5,8.853931856139633
2014-03-28,302.376,290.4553504342533
2015-05-10,46.688,47.69290855044712
2015-04-09,17.94,90.14502538218048
2015-04-09,370.14,377.3895167989414
2016-09-19,8.928,10.413170126522166
2017-04-23,387.136,376.8728759829803
2017-04-23,45.408,52.280697024367086
2017-04-23,77.952,83.93406495201671
2017-04-23,3.0,4.037226204147541
2015-10-22,9.952,31.117217254950926
2017-04-09,37.896,37.14824865817311
2017-04-09,65.584,66.42824082405164
2017-10-27,44.784,45.89814420074741
2015-10-30,1035.8,1035.3375933333275
2017-12-18,5.76,6.6202343220146
2016-03-12,19.98,19.093615762860928
2014-07-21,35.98,44.34611918218565
2016-05-24,16.656,18.34255616398773
2017-02-11,20.7,20.89214392415342
2016-09-20,83.7,87.17284184680413
2017-09-24,199.8,293.56236611111126
2017-03-27,45.68,45.76750887304277
2017-03-27,110.96,110.44924360906691
2017-03-27,11.94,13.443808470321793
2016-02-02,36.4,38.97003503581789
2016-02-02,18.69,19.60334082808466
2017-07-07,5.94,7.623565024358385
2015-10-23,60.736,59.20877852544357
2015-10-23,479.976,646.1170399999979
2015-10-23,6.08,6.172660592804562
2016-12-02,165.6,158.1495203403375
2014-03-05,59.52,53.31865474189201
2014-03-05,479.97,479.9406000000009
2014-03-05,18.62,28.722296788921437
2014-03-05,49.632,50.10340710186708
2014-03-05,97.82,97.47390606272599
2015-03-01,15.984,27.65087191697583
2015-03-01,184.752,185.6308318088323
2014-02-20,12.96,13.167940722045062
2016-05-02,366.744,381.5655651182339
2016-03-08,8.856,9.031190932670176
2016-03-08,27.96,29.977560607562953
2016-03-08,146.352,147.30118264679086
2015-12-11,175.23,175.27120000000096
2015-12-11,125.99,117.8084334692503
2015-12-11,23.0,24.067688833918314
2016-12-22,25.584,25.70505101152223
2016-02-02,73.784,73.84342111111086
2017-06-05,20.736,20.90211688864827
2015-08-21,17.52,22.49124518709234
2015-08-21,35.76,34.07684988947476
2016-04-07,3.64,5.450701200187286
2017-06-04,30.336,30.451778253968254
2017-12-04,12.99,13.448002349225344
2017-12-04,182.22,283.03557468686944
2017-12-04,302.94,296.94819800689015
2016-01-11,54.992,53.155043794225335
2016-04-01,12.99,13.088542343635432
2017-09-21,55.86,57.98550029962132
2017-03-16,44.376,43.566100121314676
2017-03-16,51.264,46.09103229143269
2017-03-16,5.193,5.212446562543174
2017-03-16,159.984,216.39840666666666
2017-03-16,54.224,43.65846316764615
2017-11-10,241.424,227.99561085588178
2016-11-30,33.36,34.51778507487927
2016-11-30,13.76,13.303201776773614
2016-11-30,496.86,405.465395026224
2016-11-30,389.97,382.89395574687217
2015-01-13,9.82,10.849011019556484
2014-05-16,56.4,54.93573034640681
2015-06-07,18.312,17.683205653307827
2015-06-07,25.92,25.649190750661162
2015-06-07,8.016,8.905157299913638
2017-03-09,479.984,480.65519449735217
2017-03-09,30.84,29.199127658117153
2015-12-22,33.568,40.08398176920033
2015-12-22,422.625,450.81625583333266
2014-08-06,199.98,200.2640011111123
2016-03-27,20.24,21.638783830662913
2016-03-27,39.92,42.1175819612174
2016-03-27,32.54,34.82484344380557
2015-12-05,39.0,43.09708786818797
2015-12-05,12.6,13.990926336612558
2015-09-11,24.64,26.211246138531724
2015-07-17,6.264,8.061303122785482
2015-07-17,14.432,12.530714273974535
2014-05-30,719.976,719.9759999999969
2017-11-13,239.92,236.8184615873003
2016-12-09,1056.86,1056.859999999992
2015-03-22,447.944,447.95952266666853
2015-03-22,150.408,155.33990210923497
2016-12-23,453.576,430.16395695644064
2016-12-23,45.36,44.13161226703653
2016-12-23,287.88,303.51592245493634
2016-12-23,131.88,140.54267533149383
2016-12-23,2.328,2.3445093333333187
2016-04-02,1454.9,1454.9000000000067
2017-04-30,4.842,5.217779186136069
2017-04-30,220.704,218.38976111111043
2016-11-17,67.176,76.25452208517058
2016-11-17,15.232,16.945725969859865
2016-11-10,31.104,31.0660920258009
2016-12-06,968.744,968.9440266666711
2016-12-06,222.352,223.14543313899006
2016-12-06,479.984,479.78212888888646
2016-04-03,10.272,10.821953989127227
2014-11-28,998.85,842.6312959999992
2015-10-20,24.56,24.692482772244304
2014-09-19,5.67,7.372266157263904
2017-08-27,14.336,15.905644175292176
2017-07-03,102.3,101.3668619126488
2017-12-22,607.52,607.3773999999979
2017-12-22,31.16,58.43542342033219
2016-12-27,2.61,3.899502072672461
2014-05-20,10.332,10.495749349816842
2014-05-20,10.368,10.672901822419922
2014-05-20,20.784,22.02236313524148
2014-05-20,66.96,77.25667275880879
2014-02-04,17.248,18.568008858347092
2017-12-09,11.088,11.127782020674085
2017-07-11,1287.45,1287.450000000007
2017-07-11,168.1,161.3305680529996
2015-05-15,51.968,58.06239888544859
2017-01-29,4.768,6.131081539020814
2017-09-29,7.98,10.163542127212471
2017-04-23,18.688,19.553364273620055
2017-04-23,11.664,17.88103988121361
2017-11-09,191.976,191.8553123809531
2017-11-09,499.168,459.3758621691639
2014-05-05,11.88,12.695913572378835
2014-05-05,35.44,36.49316636208312
2016-10-27,67.136,71.08282272933126
2014-11-26,4.32,8.085887517305146
2014-11-26,14.94,15.769501132410694
2014-11-26,40.54,39.73945127859443
2014-11-26,7.312,7.902157287302277
2014-12-31,475.944,481.442545009027
2016-01-03,30.08,30.765809008498834
2016-01-03,165.6,166.18307131242676
2016-01-03,180.96,133.52500599348244
2017-08-18,23.18,27.58556339118116
2014-06-04,56.96,60.566670500044275
2014-06-04,15.56,16.17161704764877
2014-06-04,353.568,616.2761533333323
2014-06-04,13.96,15.17762212067075
2017-11-13,82.95,87.85735531216973
2016-01-28,39.68,34.8676591085593
2016-11-09,479.97,479.61670166666767
2016-09-10,7.38,8.50398187473968
2016-09-10,14.256,14.465603589989051
2016-09-10,81.98,83.17254685342239
2016-09-10,39.624,39.53556703130985
2017-03-03,399.672,399.5916400000022
2017-09-08,65.12,105.78244225697365
2017-11-06,30.56,47.87185096825374
2017-05-13,20.768,20.247298038279773
2016-11-27,39.808,58.01552170326681
2015-11-13,121.104,121.05260999999955
2015-11-13,111.96,107.32900751050043
2015-12-08,15.696,15.489129637755365
2015-09-07,70.26,89.41858099837712
2015-09-07,90.0,90.57795195176571
2015-09-07,6.096,8.030364532259929
2015-09-07,481.176,340.60584066666775
2015-09-07,7.24,9.750808502920705
2016-07-28,177.45,177.54078333333254
2016-07-28,1369.764,1145.8381466666679
2016-07-28,9.48,11.250840815866042
2017-08-25,130.98,131.64798733333356
2014-04-30,174.95,166.9584027491543
2014-04-30,826.0,826.0
2017-04-27,139.58,136.04952012431107
2017-07-23,399.95,400.3132888888869
2014-12-13,12.39,14.192027058038754
2017-01-12,760.98,760.9800000000037
2017-12-02,67.86,61.30647692177491
2015-11-08,31.504,33.32585054583368
2015-11-08,5.04,5.041911471876211
2015-11-08,39.879,39.02661135801355
2015-11-08,4.712,6.987374003484989
2016-11-25,194.352,213.98223136551934
2015-12-05,97.424,102.22297755059961
2016-07-29,704.76,639.0324142451442
2016-07-29,27.396,26.6522362387151
2014-09-13,5.7,10.945738905012774
2014-09-13,14.19,15.252424784483837
2014-09-13,7.3,17.62442825903476
2014-09-13,199.98,200.02610015151635
2014-09-13,144.96,248.6340895959598
2014-09-13,118.0,114.44283609998344
2014-09-13,48.94,49.74707392558962
2014-09-13,22.66,27.75097234165672
2016-06-21,0.836,1.3185588411795928
2016-09-03,30.96,31.460013566049888
2017-11-25,723.92,722.4425963333374
2015-05-12,21.968,22.030768920634838
2015-05-12,619.152,800.7517091783373
2015-05-12,127.904,127.24290113125659
2017-03-30,94.2,100.0699936519997
2016-11-17,49.5,50.76281658941387
2016-12-30,16.52,15.852100543929819
2016-12-22,55.36,55.183905101366435
2016-12-22,11.56,11.89502740740736
2015-12-20,17.12,18.146900321981903
2014-12-27,182.352,182.4642133333327
2014-12-27,118.16,148.040212941841
2017-02-16,18.368,18.06483582981134
2017-02-16,600.558,562.9933460977353
2017-02-16,50.352,77.78121577431824
2017-02-16,28.032,21.64295588026315
2017-02-16,7.692,7.665442478835985
2017-10-24,517.405,517.369264999999
2016-09-02,8.608,8.70429935981963
2016-09-02,159.56,194.47703484004842
2016-12-01,2104.55,2104.550000000001
2016-12-01,40.7,44.68578793048025
2014-11-05,47.79,49.651773390542445
2017-11-25,5.16,6.265017361158187
2016-12-16,21.21,22.542901137566165
2017-11-14,96.36,122.70551275137899
2016-06-26,231.72,192.28052150798302
2016-06-26,17.9,20.678513215668158
2016-06-26,12.48,12.461179972314673
2014-12-26,8.016,8.505646655323776
2016-08-14,259.896,259.1432310997184
2016-08-14,247.188,246.68482426109452
2016-08-14,279.96,448.974383333334
2016-10-24,450.0,449.65712500000006
2014-08-23,19.44,20.297472754970233
2017-09-15,300.904,203.40538466666723
2017-06-15,239.976,253.81718538833636
2017-06-15,31.168,41.79180673915351
2017-06-15,120.96,121.30323999999935
2017-06-15,2239.936,1595.3527133333362
2017-06-15,76.608,69.84100616722374
2017-06-15,142.776,194.4613813808059
2017-06-15,91.36,89.07639462007555
2015-03-01,3.552,5.702787961858188
2016-07-23,115.136,111.59976717329486
2014-10-01,4.71,4.296576930143954
2014-09-08,172.764,144.110925801743
2014-09-08,3.52,6.533014409343907
2014-11-16,79.968,120.98460688305578
2014-11-16,305.9745,303.6450007615367
2014-11-16,344.91,210.87919395488103
2014-03-03,626.352,619.8263523333364
2015-12-03,359.499,354.619786316703
2017-07-11,71.952,72.30414421429468
2017-07-11,29.8,28.088316398211603
2017-11-16,1.824,2.640088430459802
2016-06-12,64.384,64.24128511111087
2016-06-12,6.984,7.101241746235216
2016-06-12,11.264,20.690005138325844
2016-06-12,15.552,16.170569281899102
2016-06-12,379.372,475.49022147619155
2016-06-12,67.536,79.07083760334463
2016-06-12,1.524,2.2343065685652124
2016-12-29,37.408,36.80155707089907
2016-12-29,25.344,25.827073859325274
2017-03-18,46.2,57.531716590015144
2015-12-27,4.728,17.64678780542403
2015-12-27,53.352,58.54168749091908
2015-12-27,131.104,134.2597411175413
2015-12-27,22.512,46.91139940833639
2015-12-27,72.744,73.18553290958592
2015-07-31,52.59,64.04371781602245
2017-06-27,19.44,19.830434710707443
2017-06-27,126.3,131.2674220345736
2017-06-27,1287.45,1287.450000000007
2014-02-07,64.96,116.60680629161209
2016-09-04,535.41,537.4741735714312
2017-04-06,8.1,8.119930311943303
2017-12-08,13.248,19.040418620563905
2017-12-08,83.988,85.59931637811735
2016-07-24,73.2,64.1535544115543
2015-11-09,10.74,12.813555279085147
2015-10-02,11.032,15.308588304932378
2015-10-02,53.04,57.66217107804024
2015-11-22,17.12,16.097668102603535
2015-11-22,59.94,59.94170287934246
2017-02-02,210.58,185.8964733017314
2017-02-02,30.96,29.655925497457588
2017-02-02,239.984,243.2954970707054
2015-06-16,133.98,132.2263542401732
2016-05-05,93.248,91.45875269107938
2016-05-05,177.48,207.28955811774205
2017-09-09,17.712,18.409238731564045
2017-09-09,4.86,5.215794200214674
2017-09-09,6.258,6.705426539141602
2016-07-22,37.68,36.94516729538287
2016-07-22,51.84,51.99491641543936
2016-07-22,27.42,29.119386637086926
2016-07-22,5.4,8.378940452620244
2016-01-31,1270.99,1270.9899999999948
2016-01-31,125.36,125.62109172851451
2016-12-29,14.03,20.110341145888825
2016-12-29,27.96,32.17672499688805
2015-11-21,5.344,6.437707593511548
2015-11-21,1.696,2.212871270963576
2015-11-21,24.588,24.76160600477621
2015-11-21,7.98,8.3039737585564
2015-10-05,288.0,287.74824088888886
2016-09-12,146.952,121.5378868930853
2016-09-12,83.136,107.63327305011958
2017-09-14,942.784,931.8306136084707
2017-09-14,74.352,69.54951756996586
2015-02-23,26.88,26.31722715664136
2015-02-23,10.896,12.665758608527183
2016-12-05,3.536,5.767681134010207
2016-07-02,528.43,518.9915992575601
2016-07-02,41.472,41.367791884815915
2017-12-13,287.976,263.3325884285228
2015-03-20,29.304,54.65969336246544
2015-03-01,55.328,41.581539607990116
2015-03-01,1227.9984,1220.6097828888871
2016-09-15,20.416,20.331422221026774
2016-09-15,1128.39,1128.3900000000083
2017-03-17,4.608,6.351883034750849
2017-05-28,195.96,200.7678798947877
2017-05-28,15.552,15.801710965967889
2017-05-28,271.968,271.96808888888813
2017-06-15,698.352,522.215527626374
2017-06-15,77.728,86.12275745812273
2015-09-06,46.62,46.386842364561296
2017-03-18,537.544,527.323461484918
2014-12-19,14.62,14.613342117972268
2014-12-19,22.55,20.316394935252802
2014-12-19,583.8,619.8744938132585
2014-12-19,211.168,190.76418220719452
2016-07-07,12.96,13.15968660193562
2016-07-07,45.98,42.23800478581558
2016-04-06,1294.75,1293.7629749999999
2014-05-08,1799.97,1799.969999999986
2017-11-23,10.688,11.007153687471895
2016-11-10,221.98,221.46261551976457
2016-11-10,341.96,339.8310911111128
2014-12-31,34.77,37.084386198989556
2014-12-31,18.9,18.725223236789297
2017-08-19,102.72,102.15346909363653
2016-09-12,40.48,46.3035683743995
2017-10-26,33.282,33.80275647291382
2017-10-26,118.65,125.42296881154358
2017-10-26,14.76,15.691552881740405
2017-05-30,37.52,38.06251829690054
2016-03-08,207.144,206.60531477501894
2016-03-08,13.9,13.583481843448327
2015-07-26,266.352,241.3977157987933
2015-11-23,307.98,307.41224630687816
2015-11-23,44.1,44.083753300005526
2015-11-23,13.12,16.6829734684616
2015-11-23,16.56,16.613879354055733
2015-11-23,38.88,39.45625754275009
2015-11-28,335.52,335.2077725925932
2017-11-03,959.984,918.3433666666648
2017-11-03,4.086,4.369343902959207
2017-11-03,55.984,29.605016879558594
2017-11-03,10.688,10.990147132771295
2017-03-21,8.856,10.295661293340007
2015-12-19,6.912,8.900636774572403
2014-04-02,26.72,26.587403321357918
2014-04-02,33.488,31.217977198654655
2015-06-05,10.56,11.030748410535532
2014-10-06,386.34,380.1481788375493
2016-08-21,33.44,35.07396861709852
2015-11-15,39.96,46.304441648720825
2015-06-22,1217.568,1217.5680000000077
2017-09-24,15.51,24.374042169430606
2017-09-24,89.9,90.3708546534024
2017-09-24,14.28,13.074116526752249
2017-09-24,12.72,15.216392301833649
2017-09-24,15.75,17.02542880341257
2014-04-06,70.95,55.56833259833124
2014-04-06,65.568,67.13815114255353
2014-04-06,299.97,300.5001625000009
2016-02-09,89.97,133.7061317671958
2016-02-09,31.86,76.3948751112226
2014-11-18,67.15,136.8712987321824
2017-12-18,7.236,7.6030021096164315
2017-12-18,4.824,7.539349130513245
2017-12-18,91.36,88.02246848401498
2017-12-18,130.112,109.90464333045462
2015-07-02,74.24,78.38200713545201
2015-07-02,159.84,231.9752999999997
2015-07-02,2.892,3.490562608176987
2015-07-02,9.392,10.060384352063885
2014-10-08,123.92,122.54207582590216
2015-09-22,55.6,55.86339483534614
2015-09-22,617.976,567.5549203006534
2017-12-24,21.312,23.57906259550322
2017-10-13,209.94,207.00868577922148
2017-10-13,31.984,35.869531413469254
2017-08-20,35.96,36.36100331827459
2015-09-11,31.05,31.622549903996774
2015-09-11,8.92,12.801456637983781
2015-09-11,209.6,208.79459861500195
2015-09-11,111.04,107.19154852004675
2015-09-11,38.88,39.440513019935736
2015-12-20,36.27,37.79145071542997
2014-09-20,493.43,503.9197492222185
2014-09-20,11.12,28.35477129553301
2016-11-04,686.4,503.44999888888765
2017-12-01,15.92,18.082708050657445
2017-12-01,70.68,73.0305624852553
2017-12-01,541.24,359.5030052876731
2014-10-10,101.994,101.99399999999956
2014-10-10,18.264,17.80256533757007
2017-11-14,21.99,21.468325828604815
2016-08-13,185.376,185.42778957575632
2016-08-13,58.924,58.95504400000032
2017-09-17,480.0,479.93376666666666
2017-09-17,34.05,114.89970243944018
2015-03-23,192.72,192.72571401534037
2015-03-23,239.97,225.25821478355044
2016-06-30,50.12,49.879423662649685
2017-10-20,15.984,27.431349541301145
2017-10-20,14.352,14.121565054631091
2014-08-25,6.528,6.84224019859446
2014-08-25,2.862,3.773076435755587
2014-08-25,20.856,21.006264219259617
2014-07-27,276.28,160.53120089548395
2017-12-01,629.64,556.5718466666689
2016-10-17,449.97,450.35340000000093
2016-10-17,1927.59,1927.590000000007
2016-09-16,121.78,127.5411665502641
2014-08-05,489.23,489.2299999999999
2016-08-15,312.03,298.38664750715577
2016-08-15,17.94,100.92130405735308
2016-08-15,165.6,137.73418971222196
2016-08-15,37.52,37.9458747622822
2015-08-07,494.97,494.72601138344316
2015-08-07,25.06,25.175417407015203
2016-05-31,32.064,31.284014248473888
2016-05-31,18.496,19.4795726324838
2016-05-31,191.079,206.32869294925408
2016-05-31,10.368,10.664333820711526
2016-07-01,30.53,30.311637059946698
2016-07-01,30.84,32.397379849090704
2016-07-01,75.06,71.27836566886809
2016-12-18,66.976,70.85779175543684
2015-01-26,182.72,182.42780563587522
2017-10-28,21.93,22.1664265624355
2017-11-04,95.976,90.54256539873144
2017-11-04,143.928,142.94789311873492
2017-11-04,3.564,4.3414587485616325
2017-11-04,4.928,6.54124774307954
2016-05-09,856.656,886.5172153333351
2016-05-09,13.184,12.755038828978433
2016-05-09,48.784,48.892612888888685
2016-05-09,76.64,76.59396694065039
2016-05-09,18.528,18.02450149704682
2014-04-02,177.68,177.89508508116907
2014-04-28,159.98,159.89715275835349
2016-10-04,52.68,191.67154207594615
2016-10-04,11.568,19.66407261618543
2017-06-11,4.572,5.747672015174511
2016-01-30,1439.968,1438.945724444439
2016-01-30,1.728,2.083518291306333
2016-01-30,626.1,626.1000000000034
2015-09-27,99.2,92.64198465152293
2015-04-13,609.98,609.9800000000021
2015-04-13,211.372,212.0999800158741
2015-04-13,239.976,227.89529191138973
2017-12-18,99.95,97.36864410932564
2017-12-18,29.34,41.73424388878814
2016-03-14,16.74,16.036278566787157
2017-08-27,12.672,12.601927384920854
2017-08-27,1119.888,1119.8879999999986
2015-12-17,204.85,197.72053276041606
2015-12-17,135.984,157.3015311843847
2015-12-17,16.4,20.31991400232114
2015-12-17,92.96,93.31586151695079
2014-08-22,7.632,10.420795065073584
2016-11-03,4.158,5.079504474232363
2016-11-03,179.991,179.99100000000124
2017-10-10,239.358,242.34739882664275
2014-12-07,164.88,165.07024299780318
2014-11-15,10.95,16.71480016222022
2017-12-24,19.44,19.8205480855654
2017-12-24,12.3,15.372391944269575
2014-12-24,13.97,13.52357663765453
2017-12-22,934.956,920.1322636666669
2017-12-22,46.864,44.88602203398614
2017-12-22,26.16,46.74703360965439
2017-12-22,23.128,21.218169367956417
2017-12-22,59.24,171.0673528757676
2014-08-08,155.456,164.7183156829565
2014-09-20,8.56,9.474978479993311
2017-12-25,21.0,25.692717184616395
2017-12-25,120.0,440.83662873015805
2017-11-25,299.96,316.46576588938495
2017-11-25,67.84,67.85113311111122
2017-11-25,853.93,480.68058630738284
2017-11-25,18.688,19.94221875522148
2016-11-05,273.96,220.61478680555524
2016-11-05,89.97,85.70702220475435
2016-11-05,756.8,450.088140000001
2017-11-06,1.248,1.822337867271794
2016-11-03,72.0,71.29822419572376
2016-11-03,470.155,522.0931345840788
2014-12-30,39.128,44.51956224674546
2017-12-02,19.728,19.609053419729396
2017-12-02,151.188,143.3305430493974
2017-03-24,271.764,345.3227160037343
2014-11-19,47.496,46.766066570508116
2017-04-25,344.981,346.72193803921544
2017-11-23,36.288,35.788341867158366
2017-11-23,78.304,80.19038967155731
2017-11-23,127.785,197.1585266666668
2017-11-23,6.104,6.1825694889420015
2014-11-03,5.76,8.164473647462662
2015-10-19,1.72,2.0122599734828768
2014-02-06,8.952,9.132873495217144
2016-03-06,2.334,2.7239066691853737
2016-03-06,1.728,2.3320438564807526
2016-03-06,159.04,159.0400000000007
2016-03-06,145.98,145.98000000000053
2015-12-03,77.952,72.8069671312101
2015-12-03,95.97,95.7918884224945
2015-12-03,105.584,103.61022524688985
2015-12-03,9.344,8.403115884889193
2015-12-24,9.68,10.41665910530389
2017-10-01,104.75,149.4747642780265
2017-10-16,18.528,41.73304567119629
2017-10-16,1875.258,1875.25799999999
2014-08-15,91.36,89.04554897802007
2014-08-15,152.24,154.8833701218655
2017-11-11,35.184,74.39862284695755
2017-03-20,56.704,57.18720449645346
2017-03-20,274.064,275.4865841481471
2017-05-13,458.43,469.6614819932626
2014-06-22,8.226,7.952551284461887
2014-12-02,5.95,6.454269974289262
2014-12-02,15.24,16.015346526320915
2015-04-05,239.94,235.99494646825488
2015-04-05,23.84,22.035861392581918
2017-11-18,92.52,128.81671004442424
2017-11-18,37.76,49.6724325188176
2017-11-18,7.38,8.524871132121417
2017-11-18,5.82,15.363452233166505
2017-07-12,3.816,4.516955637077049
2017-05-19,26.16,28.466490627759164
2015-12-20,100.8,100.8466792538338
2016-02-21,135.8,136.19900793650808
2017-03-18,13.9,13.301992701163943
2017-03-18,19.4,20.530403086809965
2016-12-17,13.488,13.618374752039951
2016-12-17,11.416,11.438890657646386
2016-03-26,17.64,18.582763940811095
2016-03-26,17.04,17.390576152876427
2014-12-16,99.98,44.843048772660616
2014-12-16,29.46,29.631223856736565
2015-11-15,166.92,166.74256999999886
2016-08-22,98.328,85.64153633017209
2015-06-29,117.882,117.42093111111147
2016-06-26,20.97,28.25435964047836
2016-06-26,139.96,131.49593676615848
2016-06-26,37.74,47.22360124041359
2016-09-17,14.82,18.522821924882507
2016-09-17,191.82,192.93762164682516
2014-07-18,13.904,14.478805675740778
2017-09-01,314.6,320.4949325257611
2017-09-01,283.56,714.7054533333334
2017-06-22,487.96,560.68272
2014-09-02,1793.98,1793.9799999999925
2015-10-01,2.992,3.346040696372406
2015-10-01,108.768,37.67501965375146
2015-04-07,25.92,26.443743087989272
2015-04-07,22.58,40.87455447005005
2017-11-21,55.176,60.410545600735055
2014-09-19,73.915,73.90376833333386
2014-09-28,337.088,314.79169578316674
2015-09-22,61.44,56.81625947239223
2016-11-07,479.97,516.4005116666674
2017-12-16,5.984,8.61317185815474
2017-12-16,189.95,188.72710661255329
2017-12-16,149.95,190.85049878186567
2017-12-16,29.95,27.260641176435843
2017-12-16,44.4,45.87287540946725
2014-09-21,66.03,53.7938616923699
2015-05-18,10.86,11.94341587554921
2014-03-26,3.36,5.368975003947556
2014-03-26,27.936,29.326112640658714
2014-03-26,28.784,36.46008845137113
2017-09-22,21.96,29.73774550402677
2015-09-12,21.98,26.729863167805714
2015-10-20,74.76,79.28773518969852
2015-10-20,364.776,363.6757353333322
2016-06-14,1115.17,1718.1435133333334
2015-11-20,89.696,99.20556180968069
2015-11-20,50.12,49.8693060931972
2016-02-28,36.48,38.43842310607754
2014-10-14,322.192,320.91272955555473
2014-10-14,2.946,3.274642088219176
2014-10-14,19.136,20.03663078741512
2017-05-26,23.08,26.634131901050793
2016-02-04,90.48,89.39468378924967
2016-09-02,215.976,231.6194364681108
2016-09-02,65.94,66.38664266976237
2017-12-04,11.352,19.0217767987157
2015-06-12,24.56,39.07891059688597
2016-09-04,16.56,16.58347151454956
2016-09-04,279.95,279.6562211111096
2014-04-21,828.84,739.008553757071
2015-11-05,7.218,7.2526335809503095
2015-11-05,27.2,27.82038724504145
2014-11-03,89.97,87.5813295675189
2016-02-16,318.08,292.49931581892866
2016-02-16,5.8,6.902719476821809
2017-09-11,143.952,230.3179762283292
2017-09-11,19.44,19.827350414376703
2017-11-02,5.56,6.473849022699481
2015-02-06,146.73,134.5904494725112
2015-02-06,29.9,29.196600204253
2016-09-10,276.784,281.78412896866064
2016-09-26,93.032,93.0319999999995
2016-09-26,454.965,455.6113295800291
2015-12-15,246.168,237.34538945222886
2016-09-17,295.4,305.5076623908678
2017-10-13,348.56,355.27872502832116
2015-06-28,15.552,15.816642392575702
2015-06-28,482.94,482.94000000000165
2015-06-01,299.98,299.73998812746504
2015-06-01,403.68,448.7417444444446
2015-06-01,41.9,50.28751039233204
2015-06-01,28.91,28.668897688824952
2014-04-12,32.4,32.832616986411786
2017-10-12,369.544,354.28365977302474
2017-10-12,10.368,10.997996529821302
2017-10-12,791.88,791.880000000003
2015-11-07,23.64,33.866789209607155
2015-11-07,84.784,82.26680927256044
2015-11-07,64.96,102.30394333333338
2015-11-07,32.06,31.968769048869483
2015-11-07,177.648,166.05189842067296
2015-11-07,287.91,338.59004066666733
2015-05-25,22.368,20.17638653005811
2015-05-25,32.368,32.865346253986175
2015-05-25,207.984,206.9809682222209
2014-10-13,36.4,37.20755225477214
2014-10-13,22.96,23.5032457686087
2014-10-13,315.2,246.627478925162
2014-10-13,15.18,16.321012178179718
2016-02-07,623.96,579.235380049583
2017-01-19,429.6,429.5432230952403
2017-01-19,31.968,32.33299363382989
2017-01-19,887.271,879.3851186457482
2017-01-19,21.696,20.78528221595686
2016-06-06,22.05,22.743979826723645
2016-06-06,99.9,100.20035596052908
2017-03-18,90.86,89.99997168587169
2017-11-24,7.78,7.802267856346793
2016-11-26,78.759,78.76042877154967
2016-08-18,9.552,9.423167756743258
2016-08-18,5.344,5.423456883116913
2015-11-28,8.28,10.771445509969784
2017-05-25,50.136,61.6762548514961
2017-09-04,88.074,85.9030939382169
2016-03-24,301.47,301.4700000000009
2016-03-24,18.656,10.986595446917084
2017-05-28,27.46,29.037170179429154
2017-05-28,125.13,124.56923599533344
2015-08-31,555.96,520.9504680464798
2016-04-12,129.552,224.7138018206039
2016-04-12,51.984,32.14953568989611
2016-04-12,10.272,11.208510032075026
2014-02-02,18.336,16.10469590537728
2014-02-02,180.96,174.32220869426638
2014-09-02,475.944,475.75559555555674
2017-09-30,159.98,142.21508200077707
2016-09-05,43.6,44.06914360128396
2017-05-20,8.288,10.100514607598855
2017-05-20,1123.128,1103.8723895485286
2017-05-20,64.9,63.623532333270084
2015-09-20,2.808,3.094444585626485
2016-01-23,99.98,101.11136749084217
2016-01-23,8.04,10.891350509404688
2016-01-23,1564.29,1564.2899999999922
2014-06-01,138.56,140.0199636255509
2014-06-01,65.52,68.24879982437612
2015-09-24,14.576,13.689248164991216
2015-09-24,23.2,26.649868734494508
2015-09-24,16.464,19.2515049813684
2016-08-01,19.312,20.410247453442206
2014-01-23,40.08,40.538265912147644
2014-08-04,101.96,97.98480488253466
2014-08-04,259.74,284.0054180952382
2014-08-04,255.42,629.1124049999994
2016-08-09,4.338,4.558062544243652
2016-08-09,11.88,11.059520072377218
2016-12-08,405.86,406.1642300000005
2016-12-08,680.01,679.9839166666685
2015-06-08,2.376,47.995741240663016
2015-06-08,143.128,143.1279999999996
2016-06-24,104.85,104.981662749446
2016-06-24,241.44,242.00265136445597
2016-03-15,319.76,322.68183098290496
2016-03-15,45.68,45.58670232956472
2016-12-01,31.96,29.06790034835139
2016-12-01,47.9,48.38653755711105
2016-12-01,1112.94,814.1104533333342
2016-12-01,22.92,24.045081596537152
2017-06-12,71.976,100.12435020089706
2017-06-12,19.44,19.830434710707443
2016-03-19,31.086,28.898053044306252
2016-11-14,13.98,29.661749317219194
2016-11-14,23.65,19.235612008661708
2017-08-07,707.88,407.0957791129707
2017-08-07,11.952,13.578822927802472
2017-08-07,31.128,34.61936603176998
2017-08-07,55.76,59.04278002207165
2017-08-07,24.56,24.64289504848837
2017-08-07,51.75,51.342031141306535
2017-08-07,207.184,207.4006488888896
2017-08-07,1473.1,1471.7340504761835
2015-08-21,3.488,8.432169296555879
2015-08-21,21.728,26.21529891090176
2015-08-21,663.072,663.3673484444396
2015-08-21,99.588,98.60550369107594
2015-08-21,49.568,48.40825396023202
2015-11-02,29.372,30.65298177719667
2015-11-02,344.704,343.2686780000894
2014-11-30,47.992,38.55436116241441
2014-11-30,102.24,102.30416339635912
2014-05-10,39.96,40.92609228626239
2014-05-10,1432.0,1431.1150333333333
2014-05-10,41.04,86.5319202920883
2014-05-10,256.784,256.757333333333
2016-10-17,120.98,91.11841999999983
2016-10-17,315.98,316.64767492063464
2016-10-30,28.752,30.934587726860634
2016-10-30,114.95,110.07662356535181
2016-12-01,23.04,21.771020559460535
2016-04-21,15.48,14.45599932446168
2016-04-21,51.84,52.36965931349809
2017-08-03,39.816,42.51864365568511
2017-08-03,16.06,21.023442272377824
2017-12-11,7.28,8.162345967539494
2017-12-11,5.4,8.384164534825336
2015-03-14,19.44,19.829918690842646
2014-12-08,39.88,39.67043941426975
2014-12-08,79.44,120.9666823312885
2017-09-30,20.664,21.201382087266857
2016-11-21,32.4,32.87172082951864
2017-11-24,13.762,13.67942410170391
2017-11-14,15.28,15.851998894014995
2015-08-16,44.688,65.62233986269547
2015-08-16,301.47,302.09157013333424
2017-10-13,11.07,12.023134759493592
2017-10-13,1504.52,1504.520000000005
2017-10-13,25.92,26.46915832289512
2017-11-04,7.536,8.145460581666157
2017-11-04,1.408,2.0090557088747603
2017-11-04,4.144,4.4230789715377625
2017-11-04,52.752,67.40022248559627
2017-03-19,381.36,375.5775758458663
2014-11-03,6.72,11.67093556102033
2017-07-23,15.192,17.298260210258604
2017-07-23,58.32,58.497133440571695
2014-12-27,946.764,946.7639999999992
2016-09-02,94.68,96.139592808238
2016-09-02,23.67,91.0477823597528
2016-09-02,1091.168,1058.92976394217
2016-09-02,18.69,18.00268833273852
2016-09-02,568.728,666.5297366666673
2016-09-02,7.312,7.947841337640492
2017-02-11,147.568,141.14167142857096
2017-10-27,56.784,61.09898529545794
2017-10-27,5.607,5.613420805461259
2017-10-27,6.576,7.906303202142071
2014-07-09,14.304,15.808908351011985
2014-07-09,119.833,120.61080999999938
2014-07-09,5.56,7.562033117686007
2014-07-09,32.4,32.8286166188398
2017-05-22,9.84,9.781611255427602
2017-05-22,2.78,3.730375766335419
2016-11-10,3.64,5.242035132504142
2016-11-10,881.93,880.6542817251411
2016-12-02,115.84,116.9717417563189
2017-03-02,107.648,104.75797434774348
2017-09-23,199.95,232.7208711111106
2017-09-23,12.96,13.192382809882158
2014-02-11,60.89,60.889999999999745
2014-02-11,14.94,15.222776087285757
2014-02-11,9.64,11.083664634658108
2014-02-11,332.94,332.19943636363774
2014-02-11,51.9,52.8330393072917
2014-02-11,64.96,42.678523878812705
2017-11-11,25.5,29.136037879485617
2017-09-02,215.976,230.94513328068444
2015-10-09,389.97,381.4662043952238
2015-10-09,269.91,263.6749517611291
2017-11-24,11.673,10.834554644086861
2017-11-24,64.848,79.92299161556409
2014-02-08,14.56,19.26786107712279
2015-09-25,102.582,90.16604611111138
2015-09-25,20.04,20.49811748457951
2017-08-21,32.088,34.73263917234847
2016-05-12,10.02,11.765428458154766
2016-05-12,631.96,634.5847773809519
2017-09-02,1577.94,1577.940000000002
2014-10-10,255.85,403.7687011783868
2016-05-26,184.704,182.3581084677739
2016-05-26,47.92,48.45574675498332
2017-12-01,15.936,16.119188109469167
2017-12-01,8.001,8.12185667261428
2017-12-01,398.972,189.99272087934125
2016-09-20,163.88,163.67159222222162
2017-09-11,67.9,68.7096123755337
2016-12-30,72.224,72.70292603566887
2017-09-02,11.696,11.64426790860255
2014-11-18,392.94,388.53788032123555
2015-11-21,18.176,19.34625817542806
2017-06-19,6.888,7.050029450266916
2017-06-19,457.485,457.1471883333332
2017-11-30,1079.316,1034.1281752480975
2014-04-23,48.91,48.99728655316087
2014-09-23,9.84,9.73055981906744
2014-09-23,34.5,35.54622057023353
2017-03-02,0.556,1.1565876147769976
2017-11-17,43.8,44.51871896491891
2017-05-28,13.872,14.860939226179523
2017-05-28,115.96,116.21658740740676
2015-04-18,41.424,40.974681291275566
2015-04-18,244.768,248.23228682186718
2015-04-18,74.352,47.37650819512045
2015-04-18,4.312,4.583680320881139
2015-04-18,56.686,56.92322222222209
2015-04-18,97.968,85.62732079502085
2015-04-18,7.872,8.710642897376939
2015-04-18,15.552,15.82966487511897
2015-04-18,1.476,1.7622226853533058
2015-09-19,8.4,11.056624748798663
2014-03-25,6.56,7.113595020734847
2014-03-25,14.88,12.4549854314754
2014-03-25,45.48,48.16360905930647
2014-03-25,25.44,29.93505956983831
2016-08-26,146.688,142.7766833393119
2017-03-06,4.928,6.513634477520464
2017-03-06,63.488,38.525094946877225
2015-11-11,418.32,424.04243066060076
2015-11-11,123.858,132.09414646719023
2016-04-05,118.782,119.05850536100372
2016-04-05,769.184,769.1840000000021
2017-02-21,47.904,49.01581452967305
2017-07-20,13.36,13.534321429250417
2017-07-20,163.764,167.09544363369776
2017-07-20,183.92,125.721843772219
2016-11-04,11.376,11.410834238705785
2016-11-04,66.112,66.13908333333319
2017-09-23,211.04,208.51819549104223
2017-09-23,594.816,592.950542222222
2017-09-23,72.96,69.54806675472722
2017-09-07,80.96,86.71349828236882
2017-09-07,455.712,432.4579843417588
2017-09-07,25.98,22.789280552427954
2015-11-28,45.28,49.316185605940106
2015-11-12,15.56,15.608401791763093
2016-09-29,859.2,861.8084274093355
2017-09-11,195.68,180.11660484602874
2017-09-11,14.2,15.39303861532821
2017-05-01,314.352,311.4486414564546
2017-05-01,4.608,6.168944141379907
2017-09-16,17.9,19.361086486294866
2014-10-19,2.992,4.592865313914402
2014-10-19,20.064,21.817348925173963
2014-10-19,146.73,147.38604961312333
2014-10-19,18.75,19.806873597492178
2014-10-19,117.576,118.97038908723982
2016-03-13,51.184,53.324662333390755
2017-02-17,455.97,455.970000000001
2017-02-17,5.715,6.729070056925145
2017-02-17,57.594,57.16972944997113
2017-02-17,30.144,32.379694864207785
2017-02-17,899.43,877.2125102309005
2016-12-22,842.72,544.8738666666665
2016-12-22,41.96,40.43970346437391
2016-09-23,13.216,15.203548375971526
2016-09-23,184.752,236.6884038485328
2017-09-24,520.464,500.02408853824306
2017-09-24,11.424,11.928044547650796
2015-12-01,19.44,19.834424615276607
2015-12-01,3.64,5.470908657649147
2015-12-01,18.54,18.565175391679237
2016-01-25,43.12,45.11897939373564
2016-01-25,313.722,313.28175633333245
2016-01-25,45.98,22.527090104545504
2016-01-25,428.68,415.11381106791407
2017-03-21,30.576,31.279315377538254
2017-03-21,13.02,13.314026086016083
2017-03-21,22.14,21.809883842401025
2017-03-21,359.32,273.96804933235103
2014-08-22,11.56,12.430537172832016
2014-06-08,68.48,71.09546907024085
2014-06-08,1676.88,1658.3850005555594
2016-04-07,37.94,39.212066164594546
2017-11-07,272.97,277.2677641408377
2015-05-29,41.568,46.07861428785528
2015-05-29,317.058,321.13766088295176
2015-05-29,8.04,11.24428462836968
2017-05-07,419.944,422.3694039882706
2016-06-05,61.38,64.27106674682061
2015-12-14,50.0,48.271917069143264
2017-12-25,31.8,36.48199220586757
2017-12-17,32.56,45.92249493588077
2016-05-10,7.072,8.811278343177298
2014-12-23,45.528,46.10200575855626
2014-12-23,64.784,64.77017222222197
2014-12-23,424.272,328.3240637614509
2014-12-23,1.344,3.3033232247737896
2014-12-23,83.92,82.82465523756301
2017-08-11,25.92,26.447464666132486
2017-08-27,120.576,121.32504174603206
2017-01-19,79.92,79.74370831054587
2017-01-19,12.28,12.372434187728912
2017-01-19,542.94,540.4271296957689
2017-01-19,2.04,3.5899708959235817
2015-06-19,228.92,224.93539961851513
2017-03-13,7.992,12.366629794375834
2015-10-25,582.336,492.78072452810324
2014-09-20,629.95,577.3671478362583
2014-09-20,631.782,631.782000000004
2014-09-20,801.568,799.9981633333327
2014-09-20,75.18,74.69157897943548
2014-09-20,30.98,24.944149602140076
2014-09-20,1349.91,2122.266639999997
2016-11-11,14.112,14.519000607937997
2015-09-16,31.12,31.027540726834214
2014-06-24,4.272,43.68215244922479
2016-08-12,209.148,210.3905471746037
2016-08-12,1591.02,994.0610200000001
2017-04-13,7.92,12.819995023407953
2014-03-14,574.91,574.9278366666695
2014-03-14,8.448,8.88702773030853
2017-09-22,1071.0,1071.07485
2017-09-22,12.07,12.650316136176595
2017-12-10,3.273,3.5567223736500324
2017-12-10,87.92,85.53840399983224
2016-03-10,104.696,56.051299820517855
2016-09-26,6.816,7.3431187403608345
2015-10-18,249.584,203.56643201980478
2015-10-18,17.94,18.869669000741684
2015-10-18,10.11,10.822938884012238
2014-10-27,10.368,10.648586590445383
2014-10-27,11.952,12.515668023092148
2017-10-02,15.224,15.444508291256641
2017-10-02,21.984,22.100586974473337
2014-07-23,604.752,607.979209436154
2014-07-23,40.7,45.564200171294836
2014-07-23,302.376,298.76955334676035
2014-07-23,45.0,45.696769907592916
2016-09-15,35.4,36.65378140958896
2014-11-27,199.9,195.99500304436393
2014-05-11,1212.96,701.4467065462952
2015-08-28,1099.96,1099.4483883174623
2015-08-28,103.481,104.29805277777757
2015-06-19,5.904,7.020518157094131
2015-08-17,30.08,30.87888241842898
2015-08-17,36.288,35.76895950158105
2015-08-17,10.272,9.246945536427516
2015-08-17,252.8,252.8000000000014
2015-09-25,2.946,3.414584183538625
2017-05-26,12.96,13.159969649369648
2017-07-31,285.576,256.5506454183078
2014-10-12,22.24,21.42373918618214
2014-05-25,14.62,14.326913183732328
2014-12-29,48.36,50.40176507912258
2017-04-07,16.256,9.680825857013902
2017-04-07,219.184,215.50878308792943
2015-03-01,95.84,342.9265390389264
2015-05-29,12.39,13.029270940447367
2016-09-22,35.88,35.29050181857576
2017-05-27,477.3,477.25080000000094
2016-09-17,12.32,13.817655011243284
2014-09-08,8.608,10.11119606243167
2017-06-03,136.26,162.03211224862557
2015-09-28,186.15,178.75220525219785
2015-09-28,81.792,80.21998084817182
2015-09-28,47.19,97.65630273340746
2015-09-28,36.784,39.69652725291642
2016-06-16,91.475,92.20650277777735
2017-05-27,27.192,33.239197210965955
2017-05-27,12.06,12.638182269665823
2014-10-09,144.6,141.91337262551528
2014-10-09,15.992,23.60703757346374
2014-11-17,34.44,35.90770478814892
2014-10-19,321.552,307.23507746089626
2017-11-25,701.96,701.9991111111098
2014-02-27,19.456,19.395078485616114
2014-12-21,17.28,18.29522166626905
2016-11-19,31.96,29.031200348351387
2017-11-05,164.688,161.02783811991893
2017-11-05,166.5,169.36216704761907
2017-11-05,12.96,13.1758199342283
2017-11-05,110.96,110.76443496847828
2017-11-05,99.98,89.98028099029648
2017-11-05,11.424,11.682304536087976
2017-11-05,128.124,137.4402953430179
2017-11-05,101.4,108.62498522870025
2015-05-31,5.904,7.0331136246483625
2015-05-31,173.488,172.83605530801879
2015-05-31,51.56,51.56930107407394
2015-05-31,3.564,3.969081756088983
2014-09-07,13.16,13.67146390781252
2014-09-07,3.828,4.146003171436933
2014-09-07,304.99,304.99000000000103
2017-11-06,18.16,31.145579645523053
2015-06-20,319.984,320.19532799999797
2014-07-22,19.68,20.340472974419143
2016-12-02,781.864,781.9006051111123
2016-12-02,30.816,30.129445950103637
2017-10-12,673.344,404.27292499999953
2017-12-11,6.54,7.894260063318814
2015-10-01,572.8,558.295715105236
2016-08-05,197.05,194.83590274641924
2017-01-03,2022.272,2022.2719999999977
2017-01-03,9.12,10.189245603423487
2017-11-07,38.16,40.59897818297364
2016-01-03,1592.85,1592.8499999999917
2016-01-03,11.88,12.635467038846237
2016-05-12,120.0,121.70107515752764
2016-05-12,8.67,8.979269519572021
2017-11-05,4.41,5.3012824684489415
2017-11-05,167.94,168.6737530757272
2017-11-05,67.8,66.87433506522713
2016-05-26,26.94,81.67758990252311
2015-11-20,32.04,23.035868577930575
2016-04-22,32.13,28.738718183220715
2016-04-22,2.88,3.6315367166660244
2016-10-14,1091.93,1090.9524780952327
2016-10-14,111.96,114.05215076987389
2014-04-05,26.7,22.49404879299752
2014-04-05,40.2,39.60934728880822
2014-04-05,13.89,14.598688543334804
2014-04-05,689.82,612.9380477954592
2016-08-06,38.34,42.05561984335395
2014-12-14,9.264,9.091378891523663
2017-05-30,204.6664,204.80888355555598
2016-10-14,1649.75,1649.75
2014-03-14,91.056,91.0565762780961
2014-02-17,54.208,57.619708178398035
2015-08-24,26.982,37.32628713038969
2015-08-24,6.912,8.8796409602932
2015-08-24,435.504,435.4625066921448
2017-05-08,81.08,78.52396117368929
2016-02-04,93.02,81.75511155860399
2014-12-19,323.976,298.4441024699887
2014-12-19,15.552,15.879075550561966
2014-12-19,32.592,51.87705187614578
2017-12-05,83.92,85.25680596013572
2017-12-05,199.9,190.31026331770482
2017-12-05,31.176,35.451394417926714
2017-12-05,172.752,172.95650211822957
2017-12-05,9.296,10.195233218809657
2017-03-24,12.768,27.35952252504131
2017-07-08,52.76,52.04959043128061
2017-10-26,55.616,48.84176069055922
2016-10-27,427.644,773.0851766666651
2016-10-27,40.67,26.90470145202772
2016-10-27,33.48,45.32074532109344
2016-10-27,9.728,11.181462515054584
2017-06-12,8.856,9.262143425925972
2016-09-25,477.666,477.6236883333315
2017-09-07,16.9,18.431443933291067
2017-09-07,39.96,40.793275950507876
2015-05-11,191.968,259.30390044796343
2015-08-06,35.52,36.44686772658943
2015-08-06,6.23,6.369787533175517
2015-08-06,56.704,57.07055772691777
2015-08-06,369.1992,372.5567125214086
2014-10-29,1.98,3.535388184908652
2014-10-29,75.88,79.27344219074608
2016-06-18,6.848,7.715730472487459
2016-06-18,4.626,5.2212893838356145
2016-06-18,453.6,454.0247770803293
2015-05-03,13.848,16.242564720119407
2015-11-10,577.584,563.0471164591141
2015-05-30,151.96,154.02294159342455
2016-09-22,68.432,53.780386834542675
2015-11-28,71.12,44.7454877801277
2015-11-28,3.008,5.0755204321745095
2015-12-03,184.66,183.64439393275845
2014-10-17,5.312,4.501782518518522
2016-05-03,132.52,132.59627928713851
2016-05-03,195.64,199.76325030601495
2016-05-03,51.968,53.195783719775314
2016-05-03,431.976,431.97599999999807
2016-05-03,224.937,224.96405499999963
2016-05-03,6.0,7.217434310727001
2015-06-01,11.76,12.499995549144868
2014-03-31,1125.488,1125.2979131111176
2014-03-31,12.645,12.838161730899044
2014-03-31,4.032,7.035959901510952
2017-07-05,79.96,80.44410238067441
2015-09-24,6.732,6.689401593768698
2015-09-24,33.568,37.2718803966174
2015-09-24,15.84,16.512756532474988
2015-09-24,24.424,22.988400776275395
2015-09-24,17.12,16.107340254777444
2015-08-13,31.56,41.67932752400913
2015-05-26,105.686,105.15322222222284
2015-05-26,399.54,400.0385033333308
2015-05-26,104.93,123.85876393716947
2017-09-14,1079.85,1206.339702222217
2017-09-14,70.98,43.45586445565295
2017-09-14,29.95,27.135354569475453
2017-09-14,589.41,585.7849806481506
2016-06-07,9.648,12.352195608172451
2017-06-25,400.784,400.2727582222219
2017-08-26,53.72,225.04632293555017
2016-08-26,31.008,30.900765437968737
2016-11-18,61.12,62.33154791415867
2017-04-17,195.136,205.4238850580338
2017-07-23,121.536,109.57922880312988
2014-05-11,17.472,16.523233994617627
2014-05-11,104.58,104.49690133333412
2016-07-28,24.7,23.929912185185085
2016-07-28,302.72,302.7200000000009
2017-09-14,8.56,9.490679824871501
2017-09-14,11.56,12.422110161209476
2017-01-24,25.86,25.5204373023022
2017-01-24,276.784,277.76405614814786
2017-01-24,110.352,105.92971662773475
2015-09-19,60.84,68.2036398343443
2015-04-14,35.208,30.39850478608973
2017-05-08,41.472,40.93911232002513
2016-09-04,239.5,239.7076213283208
2014-05-19,34.2,44.3391624216817
2016-06-17,376.866,376.45992285714135
2015-11-02,197.72,194.8989416266755
2017-11-04,70.72,102.65919210582025
2017-11-04,194.352,206.9777922174557
2017-12-05,21.6,23.55858628174308
2017-12-05,11.07,12.04211002009493
2016-05-16,282.84,235.80624955520597
2016-05-16,27.72,28.512176778750423
2017-10-24,11.68,13.553661407650258
2016-09-18,239.984,248.22917098168867
2014-11-11,22.98,23.010901641821107
2014-11-11,102.13,101.11237832411621
2014-11-11,2033.584,2033.583999999994
2016-08-22,5.76,6.60310868126173
2017-11-16,899.982,899.8450506666633
2017-11-16,86.352,43.37138291612288
2017-11-16,139.96,82.398278433999
2014-09-26,16.704,16.89671728486446
2014-09-26,3.152,8.481448788694847
2014-09-26,32.896,31.46566173154201
2017-06-29,21.392,21.290498399722075
2017-06-29,307.314,307.6392381794861
2017-06-29,409.9992,412.05196553622375
2017-09-23,9.248,10.130671025671619
2014-11-23,14.67,15.70482886406932
2014-01-13,37.408,36.882924146156256
2014-01-13,3.438,3.8056722978506916
2016-05-31,7.152,9.645562541363269
2016-05-31,179.7,182.79606672514538
2017-02-13,90.64,96.23587497529292
2014-10-14,177.0,109.88337116904682
2014-10-14,79.45,134.79764100957289
2014-10-14,1628.82,1627.620000000006
2014-11-18,137.54,139.00420068394087
2014-11-18,730.2,730.2574800000035
2017-11-12,11.56,12.416082065340673
2014-03-07,20.65,26.7564651830816
2014-03-07,204.9,202.79316397872182
2014-03-07,436.704,420.61232352245514
2014-03-07,481.568,481.0662844444439
2017-06-08,89.544,89.73846511938245
2017-06-08,35.168,59.95767657192916
2017-06-08,72.588,70.90888779142655
2014-11-19,221.16,271.34264042654246
2014-11-19,281.97,279.71540800841785
2016-11-26,37.17,34.065546587686725
2016-11-26,64.96,64.83207815647536
2016-11-26,595.38,595.3800000000025
2017-01-23,95.984,93.2801466285585
2017-01-23,4.938,5.181445811906217
2014-09-22,97.44,99.54513540798708
2014-09-22,3.984,5.16558003568061
2014-09-22,13.04,16.780606300608436
2014-09-22,579.528,577.7919696296293
2014-03-26,18.75,19.819653743596074
2016-06-06,26.96,26.9582394109587
2016-06-06,477.6,478.4125066666693
2017-08-31,193.95,114.0651866123418
2015-12-07,12.96,13.156919209757726
2017-11-16,119.94,119.0652266753942
2017-11-16,12.42,13.530055159098996
2016-04-23,18.088,20.970901892667815
2016-04-23,71.97,74.77704854979247
2017-04-02,14.94,15.250846819122762
2015-08-13,64.68,59.182923597363356
2017-11-13,22.0,30.413546979679165
2016-12-23,7.968,8.921141606440296
2016-12-23,1499.97,1499.9699999999889
2014-07-22,26.632,28.429609698445166
2016-05-06,41.6,47.01373267334578
2014-11-28,64.02,63.85593398813151
2016-04-18,6.99,8.392613976844872
2016-04-18,6.84,9.49816154312856
2015-12-27,323.1,326.912424548863
2015-12-27,668.16,671.1610716190503
2017-12-13,8.64,10.25938023518324
2017-12-13,38.88,39.49377157128701
2017-12-13,201.04,199.88236634531665
2017-12-13,12.96,13.265447243450467
2017-01-02,16.59,29.475705278746204
2017-05-30,35.1,32.4937860743343
2017-09-30,11.646,11.410603266080779
2017-06-20,32.4,32.9050333700436
2017-06-20,503.96,459.1018881746042
2017-04-04,7.04,9.670593274304702
2015-11-13,613.9992,578.5445962835843
2015-08-28,470.36,488.56164563492143
2017-09-24,31.08,33.409923173194805
2017-09-24,7.3,22.24838922453696
2016-12-11,73.536,75.78983982206675
2014-06-10,491.55,491.55000000000047
2016-03-11,30.336,34.58433896973886
2017-12-15,22.83,23.00589544990547
2017-12-15,54.32,54.75767682959868
2017-12-15,196.776,172.87367665286175
2016-10-30,3.62,5.440382942127263
2017-07-31,11.54,11.844664906750042
2017-07-31,849.95,1087.4040104761903
2017-07-31,11.01,13.279720003770054
2017-10-19,39.624,39.63041271384953
2016-10-21,242.136,241.61075630439888
2016-10-21,12.39,16.47158543093548
2016-10-21,19.96,17.09878751166958
2016-10-21,340.92,151.24764445181626
2014-11-05,273.568,273.88540444444385
2014-11-05,13.194,12.109172340548325
2014-11-05,1080.096,1076.2652304761912
2014-11-05,51.56,52.68075021043756
2014-11-05,58.416,58.34794170951867
2016-11-07,57.584,56.389422259527834
2016-08-12,37.312,20.09205909644596
2016-05-30,79.96,82.12942475089599
2016-05-30,223.96,60.32577375473323
2017-11-12,221.024,221.37330073517043
2016-09-22,18.96,19.831742775828324
2016-02-16,326.646,322.01394745176884
2016-02-16,89.97,122.37842759137177
2014-12-22,296.712,297.50994912265475
2015-12-05,12.224,13.711438034340977
2017-09-17,89.97,138.43812855108442
2017-12-02,286.86,285.83960132695324
2017-12-02,979.95,979.8957783333389
2017-12-02,4.36,9.648563748342877
2014-09-29,10.048,10.47212801793267
2014-09-29,807.75,805.080256712963
2017-11-14,34.24,32.301995690749436
2014-08-20,500.24,500.31406666666743
2014-08-20,20.12,19.504976201124084
2014-08-20,896.99,896.9899999999963
2014-11-19,5.88,6.071609954225297
2015-06-29,269.98,270.56852724030244
2017-03-16,310.12,370.98400383901554
2017-03-16,70.464,67.91492895223074
2017-03-16,19.68,21.39013489607482
2017-03-16,140.67,150.13273027017908
2017-11-28,62.65,65.56130734918239
2016-06-16,9.45,10.839062140602865
2017-01-21,268.576,269.9882309321797
2017-11-24,364.08,364.08000000000146
2017-11-24,71.088,275.9872700000011
2014-11-11,10.984,11.048447717171673
2014-11-11,797.944,790.0906687222184
2016-03-04,159.98,159.5917931623939
2016-10-11,5.344,6.40572059692672
2016-10-11,27.72,20.74970630797901
2016-07-01,2.496,4.230435994105877
2017-03-27,8.26,9.221933644000258
2017-03-27,17.76,19.300261494816525
2017-03-27,332.94,189.52147240213878
2017-03-27,292.1,328.2282666666674
2017-03-27,206.1,205.98649496031655
2017-03-27,17.64,18.795318249775605
2016-10-31,1403.92,1385.1549178412674
2017-11-04,4.3,6.3961378792171795
2014-02-14,239.97,238.70916506132835
2014-02-14,81.96,80.87150257070412
2014-02-14,238.62,195.8064001265685
2014-06-18,139.8,138.16737064905743
2017-02-28,9.84,11.442112460542091
2017-02-28,7.78,7.825005392879087
2017-12-09,54.9,60.96235518769623
2017-12-07,50.04,51.892721821527815
2016-11-24,339.92,339.9961882352927
2016-11-24,10.528,11.851493765331305
2016-11-24,42.384,34.855415790907415
2016-07-03,123.92,120.66071988371849
2016-06-26,135.95,135.71597685581284
2014-07-26,2177.584,2177.583999999996
2014-07-26,17.496,17.894965661375725
2014-07-26,16.784,17.19351235725344
2014-07-26,431.136,449.3524755555536
2014-07-26,8.88,8.474952194342828
2014-07-26,4.836,5.092295852744294
2016-09-14,437.85,438.7997954768511
2016-09-14,673.568,673.5679999999994
2015-05-31,274.8,275.18691183455576
2015-05-31,62.18,68.82641543896852
2015-05-31,8.28,8.549524711279233
2015-05-09,48.81,51.22153148065739
2014-11-05,149.9,151.7594903703712
2017-03-27,1023.332,1013.6240671111077
2017-03-27,600.558,558.7991804310687
2017-03-27,39.992,44.50766923718113
2017-03-27,211.246,211.27910609379444
2014-05-21,56.064,58.17248822143755
2014-05-21,107.772,284.3723027342483
2014-05-21,4.832,5.2691756655927815
2014-05-21,18.24,19.454154320069026
2016-05-21,3.798,3.910465405576656
2015-01-12,10.368,9.8714340103778
2015-01-12,235.188,233.14950575743177
2015-01-12,26.376,29.62120349628101
2015-01-12,10.384,65.09728197942728
2015-01-12,107.118,105.89741808858976
2017-09-29,97.3,306.3865005663423
2015-07-18,3.328,6.632426988132327
2015-07-18,135.99,135.82991622501288
2015-07-18,7.38,7.38120217680579
2016-10-21,45.568,46.512526327837996
2016-10-21,28.752,27.92381073789837
2017-07-27,194.848,196.48353689779313
2017-07-21,2.112,2.5867607117367433
2014-11-07,25.92,25.964534012741105
2014-11-07,120.768,80.009818209027
2016-11-27,25.92,26.443949264214144
2016-11-27,34.65,32.13855265433992
2016-11-27,204.95,205.43612536561247
2016-11-27,79.95,82.42716521437904
2015-06-08,173.488,172.31686601797549
2015-06-08,516.96,409.2835391115277
2015-06-08,173.208,173.54425148148067
2015-06-08,4.448,5.83925048604351
2015-06-08,9.0,10.130144158327571
2015-06-08,42.24,39.93731057809886
2015-06-08,18.264,17.784417523781517
2014-08-15,152.91,150.40178811837183
2014-08-15,92.94,92.32565688013607
2014-08-15,17.856,19.741747296366707
2014-08-15,46.44,43.564611211571304
2014-08-15,195.136,269.00222757507686
2017-06-19,129.3,48.14561684750673
2017-06-19,11.568,13.071142028718574
2017-07-16,242.352,238.17254147499926
2014-12-16,319.968,320.2995155555539
2014-12-16,8.624,8.589605375180351
2014-05-18,3.984,4.832398431784508
2017-09-14,895.944,895.943999999996
2016-10-10,14.0,13.875486045584045
2016-10-10,16.392,16.7178878749221
2016-09-25,10.9,13.467395221689317
2016-09-25,29.6,31.018701874359472
2016-09-25,4.98,5.6849053483037295
2016-09-25,479.976,479.97598999999786
2016-09-25,44.736,50.833042104788284
2016-09-25,5.76,6.60241301026606
2016-09-25,483.136,484.8480214973535
2014-06-03,15.936,16.13180113603857
2014-06-03,61.544,61.51330651515161
2014-06-03,132.696,123.69684121891143
2017-09-02,43.1,42.88385932301364
2017-09-02,511.5,511.48900000000003
2017-09-02,147.92,143.93295101417488
2014-04-12,39.68,46.12890722409861
2016-05-02,12.56,12.915023981220651
2016-05-02,90.48,93.74635108698443
2016-05-02,13.08,13.017209680113954
2016-05-02,214.7,217.25818023809413
2017-06-19,50.32,57.31957343800886
2017-06-19,24.56,24.69487250880583
2014-11-06,43.68,44.519363908359914
2017-01-14,67.4,98.82116523963734
2017-01-14,2.52,4.989855604346314
2017-01-14,67.8,67.55266245570094
2017-01-14,18.76,35.62883104304009
2017-01-14,12.12,13.605167307771554
2017-01-14,11.34,11.826155521466259
2017-01-14,159.8,160.20409880952437
2017-01-14,18.96,51.62305935743555
2015-03-26,1085.42,1091.7179133333334
2015-03-26,13.11,13.455449109776103
2014-11-01,68.704,71.1141882620671
2014-11-01,3.132,3.7909066505652973
2014-11-01,22.428,22.144054759573905
2017-10-06,290.336,289.3091731418054
2017-10-06,19.152,10.05524587177747
2016-12-10,6.48,6.954164815390132
2016-09-22,63.968,60.16921799176041
2015-12-29,6.36,10.487239491127617
2017-04-20,848.544,733.5594383845746
2017-04-20,8.7,8.778953449060184
2017-04-20,122.382,120.30054904514306
2016-08-21,573.174,573.3385533333326
2015-05-29,85.056,83.77632639346594
2014-08-12,14.04,15.702536308798416
2014-08-12,272.61,272.5871500000005
2014-04-03,11.16,12.68162394953345
2014-04-03,62.31,64.43087110189167
2014-04-03,159.98,160.2777810411817
2014-01-23,5.94,10.844745203664056
2017-10-12,9.96,10.83110096876319
2015-08-08,79.99,81.32453906939395
2017-03-19,8.94,8.951995953248874
2016-07-25,20.62,20.46053568919033
2016-07-25,124.25,124.72510222222222
2016-07-25,297.55,297.84627061403654
2016-07-25,403.56,483.44519751111125
2016-07-25,95.2,95.35012409043847
2014-09-26,153.824,154.28308000000038
2014-06-17,62.016,63.77296834930991
2016-06-06,466.32,463.2531561904796
2016-06-06,82.64,77.07469686722106
2014-03-28,330.588,330.5880000000022
2017-08-21,237.096,217.48162272976867
2017-08-21,22.752,26.714322802562645
2017-08-21,6.672,6.386652991769218
2014-11-12,25.128,23.693311354497276
2014-11-12,127.984,128.79737272180427
2015-09-13,131.88,133.07615477124165
2015-09-13,25.032,23.376612635516548
2015-09-13,717.72,715.8168089523816
2015-09-13,207.35,186.02823798012807
2015-09-13,44.67,45.990597801937724
2015-09-13,209.7,209.77563198340025
2014-04-05,115.36,117.25786427060982
2015-10-10,362.136,379.88948807153906
2015-10-10,31.05,31.600824404008684
2017-01-29,12.96,13.175794204600175
2017-01-29,94.85,100.18449962741278
2017-01-29,13.48,21.693102234702906
2017-01-29,14.91,15.466259082149051
2015-09-24,39.98,40.38174866195529
2016-03-15,528.43,521.9686533339961
2016-03-15,22.386,22.34798113461662
2014-11-24,5.742,6.194291116118588
2017-05-06,191.968,188.676646172965
2015-03-20,49.848,49.76181018225971
2015-03-20,23.99,25.271475757250055
2015-03-20,1087.936,1087.8539304761832
2015-03-20,199.98,196.60466126050517
2015-03-20,83.92,116.94371002900448
2016-09-04,24.27,25.085136300900547
2015-11-13,9.872,11.328183240521048
2015-11-13,683.332,674.9967827222192
2015-11-13,29.96,30.950371796402063
2014-07-11,164.85,166.04188243521816
2016-04-07,33.528,28.23832230418757
2016-04-07,36.744,64.37601602622225
2017-06-24,102.93,104.65131860126908
2016-06-03,71.088,71.26526388888871
2016-12-12,60.35,73.40051380007118
2016-12-12,35.52,38.30294850997836
2016-12-12,11.2,15.98886966100669
2017-11-24,223.58,367.8839219444443
2014-12-28,998.82,429.8131988961932
2014-12-28,51.15,53.703786839094015
2015-04-12,40.74,87.38665369532333
2014-03-02,3.424,4.260359905276948
2014-03-02,151.2,150.41595121630957
2017-06-01,1925.88,1925.880000000004
2017-06-01,2405.2,2405.199999999993
2017-06-01,83.97,80.12769595348522
2017-06-01,39.89,40.18286125804553
2017-06-01,17.38,18.824410699999856
2015-12-14,55.264,56.71953448245833
2015-12-14,6.48,6.932899558658637
2015-12-14,34.248,34.37569310335925
2015-12-14,273.568,235.0825533333339
2014-11-11,46.35,46.07799355503792
2014-11-11,223.92,223.2664948442752
2014-11-11,7.3,14.97260592707324
2017-10-06,9.344,11.016873359524581
2017-09-16,18.0,17.593880779753867
2015-03-19,65.584,66.16188189253631
2015-03-19,383.4656,382.4884712674383
2015-07-26,10.368,10.66583717602288
2016-12-05,13.4,14.926008893290502
2016-12-05,4.98,5.769192532560951
2016-12-05,109.69,110.2359366456445
2017-12-11,40.2,39.72663769727888
2017-12-11,735.98,842.0161333333358
2017-12-11,22.75,23.69194790523604
2015-06-28,119.56,118.71771215931527
2015-06-28,140.75,139.73849975688125
2016-09-11,99.568,99.40778415428687
2016-12-06,271.96,254.77599062091292
2016-12-06,18.69,17.972665660780844
2016-12-06,13.36,13.51418241586979
2016-12-06,249.584,267.7452684489971
2016-12-06,13.86,13.840706555676679
2016-12-06,13.376,15.766721304872439
2016-12-06,437.472,438.25627822222003
2015-09-06,85.98,86.12810111111075
2017-08-03,16.52,16.88867035730751
2016-09-22,35.56,35.84877724970007
2016-09-22,97.98,93.7496700111762
2015-05-17,31.5,32.28229489292618
2015-05-17,55.6,63.18917971314136
2016-09-29,36.24,36.51054191502617
2017-11-17,79.99,100.37220899752121
2017-11-17,206.1,205.88672829364987
2014-01-21,25.248,27.8621289321675
2017-02-26,91.96,86.0606709722685
2017-02-26,258.576,235.98320714469781
2017-02-26,29.6,28.47169040688704
2017-05-04,243.16,242.79199559660896
